'CanonicalRoots.adicScalarQuotientEquiv' depends on axioms: [propext, Classical.choice, Quot.sound]
'CanonicalRoots.adicScalarQuotientEquiv_mk' depends on axioms: [propext, Classical.choice, Quot.sound]
'CanonicalRoots.adicScalarQuotientEquiv_transition' depends on axioms: [propext, Classical.choice, Quot.sound]
'CanonicalRoots.adicScalarExtensionEquiv' depends on axioms: [propext, Classical.choice, Quot.sound]
'CanonicalRoots.adicScalarExtensionEquiv_of' depends on axioms: [propext, Classical.choice, Quot.sound]
'CanonicalRoots.adicAlgebraQuotientMap' depends on axioms: [propext, Classical.choice, Quot.sound]
'CanonicalRoots.adicAlgebraMapLinear' depends on axioms: [propext, Classical.choice, Quot.sound]
'CanonicalRoots.adicAlgebraMapLinear_val' depends on axioms: [propext, Classical.choice, Quot.sound]
'CanonicalRoots.adicAlgebraMap' depends on axioms: [propext, Classical.choice, Quot.sound]
'CanonicalRoots.adicAlgebraMap_val' depends on axioms: [propext, Classical.choice, Quot.sound]
'CanonicalRoots.adicAlgebraMap_id' depends on axioms: [propext, Classical.choice, Quot.sound]
'CanonicalRoots.adicAlgebraMap_comp' depends on axioms: [propext, Classical.choice, Quot.sound]
'CanonicalRoots.adicBaseQuotientMap' depends on axioms: [propext, Classical.choice, Quot.sound]
'CanonicalRoots.adicBaseMapLinear' depends on axioms: [propext, Classical.choice, Quot.sound]
'CanonicalRoots.adicBaseMapLinear_val' depends on axioms: [propext, Classical.choice, Quot.sound]
'CanonicalRoots.adicBaseMap' depends on axioms: [propext, Classical.choice, Quot.sound]
'CanonicalRoots.adicAlgebraMap_comp_base' depends on axioms: [propext, Classical.choice, Quot.sound]
'CanonicalRoots.ambientRootAlgHom' depends on axioms: [propext, Classical.choice, Quot.sound]
'CanonicalRoots.ambientRootAlgHom_one' depends on axioms: [propext, Classical.choice, Quot.sound]
'CanonicalRoots.ambientRootAlgHom_mul' depends on axioms: [propext, Classical.choice, Quot.sound]
'CanonicalRoots.AmbientRootCompletion' depends on axioms: [propext, Classical.choice, Quot.sound]
'CanonicalRoots.completedRootCharacterHom' depends on axioms: [propext, Classical.choice, Quot.sound]
'CanonicalRoots.completedRootCharacterHom_one' depends on axioms: [propext, Classical.choice, Quot.sound]
'CanonicalRoots.completedRootCharacterHom_mul' depends on axioms: [propext, Classical.choice, Quot.sound]
'CanonicalRoots.completedRootCharacterEquiv' depends on axioms: [propext, Classical.choice, Quot.sound]
'CanonicalRoots.completedRootCharacterAction' depends on axioms: [propext, Classical.choice, Quot.sound]
'CanonicalRoots.completedRootCharacterHom_conjugate' depends on axioms: [propext, Classical.choice, Quot.sound]
'CanonicalRoots.completedRootFixed' depends on axioms: [propext, Classical.choice, Quot.sound]
'CanonicalRoots.rootCompletedFixedMap' depends on axioms: [propext, Classical.choice, Quot.sound]
'CanonicalRoots.rootCompletedFixedMap_coe' depends on axioms: [propext, Classical.choice, Quot.sound]
'CanonicalRoots.rootCompletedFixedMap_bijective' depends on axioms: [propext, Classical.choice, Quot.sound]
'CanonicalRoots.rootCompletedAlgebraEquiv' depends on axioms: [propext, Classical.choice, Quot.sound]
'CanonicalRoots.localAdicQuotientEquiv' depends on axioms: [propext, Classical.choice, Quot.sound]
'CanonicalRoots.localAdicQuotientEquiv_transition' depends on axioms: [propext, Classical.choice, Quot.sound]
'CanonicalRoots.localCompletionEquiv' depends on axioms: [propext, Classical.choice, Quot.sound]
'CanonicalRoots.augmentationCompletionEquiv' depends on axioms: [propext, Classical.choice, Quot.sound]
'CanonicalRoots.rootLocalCompletedRingEquiv' depends on axioms: [propext, Classical.choice, Quot.sound]
'CanonicalRoots.adicRepresentation' depends on axioms: [propext, Classical.choice, Quot.sound]
'CanonicalRoots.invariantProjection' depends on axioms: [propext, Classical.choice, Quot.sound]
'CanonicalRoots.invariantProjection_comp_subtype' depends on axioms: [propext, Classical.choice, Quot.sound]
'CanonicalRoots.subtype_comp_invariantProjection' depends on axioms: [propext, Classical.choice, Quot.sound]
'CanonicalRoots.adic_invariants_injective' depends on axioms: [propext, Classical.choice, Quot.sound]
'CanonicalRoots.adic_invariants_fixed' depends on axioms: [propext, Classical.choice, Quot.sound]
'CanonicalRoots.adic_averageMap_eq_self' depends on axioms: [propext, Classical.choice, Quot.sound]
'CanonicalRoots.adic_invariants_range' depends on axioms: [propext, Classical.choice, Quot.sound]
'CanonicalRoots.adicInvariantsEquiv' depends on axioms: [propext, Classical.choice, Quot.sound]
'CanonicalRoots.ambientRootLinearAction' depends on axioms: [propext, Classical.choice, Quot.sound]
'CanonicalRoots.ambientRootRepresentation' depends on axioms: [propext, Classical.choice, Quot.sound]
'CanonicalRoots.rootInvariantLinearEquiv' depends on axioms: [propext, Classical.choice, Quot.sound]
'CanonicalRoots.rootInvariantLinearEquiv_coe' depends on axioms: [propext, Classical.choice, Quot.sound]
'CanonicalRoots.rootCompletionEquivFixed' depends on axioms: [propext, Classical.choice, Quot.sound]
'CanonicalRoots.rootCompletionEquivFixed_coe' depends on axioms: [propext, Classical.choice, Quot.sound]
'CanonicalRoots.rootCompletedInclusion_injective' depends on axioms: [propext, Classical.choice, Quot.sound]
'CanonicalRoots.rootCompleted_fixed_iff_exists' depends on axioms: [propext, Classical.choice, Quot.sound]
'CanonicalRoots.rootCharacterValue' depends on axioms: [propext, Classical.choice, Quot.sound]
'CanonicalRoots.rootCharacterValue_zero' depends on axioms: [propext, Classical.choice, Quot.sound]
'CanonicalRoots.rootCharacterValue_add' depends on axioms: [propext, Classical.choice, Quot.sound]
'CanonicalRoots.rootCharacterValue_one' depends on axioms: [propext, Classical.choice, Quot.sound]
'CanonicalRoots.rootCharacterValue_mul' depends on axioms: [propext, Classical.choice, Quot.sound]
'CanonicalRoots.rootCharacterValue_nsmul_tau' depends on axioms: [propext, Classical.choice, Quot.sound]
'CanonicalRoots.ambientCharacterHom' depends on axioms: [propext, Classical.choice, Quot.sound]
'CanonicalRoots.ambientCharacterHom_of_mem' depends on axioms: [propext, Classical.choice, Quot.sound]
'CanonicalRoots.ambientCharacterHom_X' depends on axioms: [propext, Classical.choice, Quot.sound]
'CanonicalRoots.ambientCharacterHom_one' depends on axioms: [propext, Classical.choice, Quot.sound]
'CanonicalRoots.ambientCharacterHom_mul' depends on axioms: [propext, Classical.choice, Quot.sound]
'CanonicalRoots.ambientCharacterEquiv' depends on axioms: [propext, Classical.choice, Quot.sound]
'CanonicalRoots.ambientCharacterEquiv_apply' depends on axioms: [propext, Classical.choice, Quot.sound]
'CanonicalRoots.ambientCharacterAction' depends on axioms: [propext, Classical.choice, Quot.sound]
'CanonicalRoots.ambientCharacterFixed' depends on axioms: [propext, Classical.choice, Quot.sound]
'CanonicalRoots.rootSubalgebra_le_characterFixed' depends on axioms: [propext, Classical.choice, Quot.sound]
'CanonicalRoots.ambientProjection_characterHom' depends on axioms: [propext, Classical.choice, Quot.sound]
'CanonicalRoots.ambientProjection_eq_decompose' depends on axioms: [propext, Classical.choice, Quot.sound]
'CanonicalRoots.ambientPiece_eq_bot_of_rationalDegree_neg' depends on axioms: [propext, Classical.choice, Quot.sound]
'CanonicalRoots.ambientPiece_le_root_of_mem_zmultiples' depends on axioms: [propext, Classical.choice, Quot.sound]
'CanonicalRoots.fixed_nonzero_projection_degree' depends on axioms: [propext, Classical.choice, Quot.sound]
'CanonicalRoots.rootSubalgebra_eq_characterFixed' depends on axioms: [propext, Classical.choice, Quot.sound]
'CanonicalRoots.rootRingEquivCharacterFixed' depends on axioms: [propext, Classical.choice, Quot.sound]
'CanonicalRoots.rootCharacterDegree' depends on axioms: [propext, Classical.choice, Quot.sound]
'CanonicalRoots.rootCharacterDegree_tau' depends on axioms: [propext, Classical.choice, Quot.sound]
'CanonicalRoots.rootCharacter_coordinate_equations' depends on axioms: [propext, Classical.choice, Quot.sound]
'CanonicalRoots.rootCharacter_ext' depends on axioms: [propext, Classical.choice, Quot.sound]
'CanonicalRoots.freeDegreeCharacter' depends on axioms: [propext, Classical.choice, Quot.sound]
'CanonicalRoots.freeDegreeCharacter_c' depends on axioms: [propext, Classical.choice, Quot.sound]
'CanonicalRoots.freeDegreeCharacter_x' depends on axioms: [propext, Classical.choice, Quot.sound]
'CanonicalRoots.degreeCharacterOfCoordinates' depends on axioms: [propext, Classical.choice, Quot.sound]
'CanonicalRoots.degreeCharacterOfCoordinates_c' depends on axioms: [propext, Classical.choice, Quot.sound]
'CanonicalRoots.degreeCharacterOfCoordinates_x' depends on axioms: [propext, Classical.choice, Quot.sound]
'CanonicalRoots.degreeCharacterOfCoordinates_tau' depends on axioms: [propext, Classical.choice, Quot.sound]
'CanonicalRoots.rootCharacterOfCoordinates' depends on axioms: [propext, Classical.choice, Quot.sound]
'CanonicalRoots.rootCharacterOfCoordinates_apply' depends on axioms: [propext, Classical.choice, Quot.sound]
'CanonicalRoots.rootCharacter_coordinates_iff' depends on axioms: [propext, Classical.choice, Quot.sound]
'CanonicalRoots.rootPointStabilizer' depends on axioms: [propext, Classical.choice, Quot.sound]
'CanonicalRoots.mem_rootPointStabilizer_iff_coordinates' depends on axioms: [propext, Classical.choice, Quot.sound]
'CanonicalRoots.mem_rootPointStabilizer_iff_nonzero' depends on axioms: [propext, Classical.choice, Quot.sound]
'CanonicalRoots.twoCoordinateUnits' depends on axioms: [propext, Classical.choice, Quot.sound]
'CanonicalRoots.twoCoordinateUnits_left' depends on axioms: [propext, Classical.choice, Quot.sound]
'CanonicalRoots.twoCoordinateUnits_right' depends on axioms: [propext, Classical.choice, Quot.sound]
'CanonicalRoots.twoCoordinateUnits_other' depends on axioms: [propext, Classical.choice, Quot.sound]
'CanonicalRoots.twoCoordinateUnits_prod' depends on axioms: [propext, Classical.choice, Quot.sound]
'CanonicalRoots.twoCoordinateUnits_powers' depends on axioms: [propext, Classical.choice, Quot.sound]
'CanonicalRoots.twoCoordinateCharacter' depends on axioms: [propext, Classical.choice, Quot.sound]
'CanonicalRoots.twoCoordinateCharacter_degree_x' depends on axioms: [propext, Classical.choice, Quot.sound]
'CanonicalRoots.twoCoordinateCharacter_mem_stabilizer' depends on axioms: [propext, Classical.choice, Quot.sound]
'CanonicalRoots.twoCoordinateStabilizer_shape' depends on axioms: [propext, Classical.choice, Quot.sound]
'CanonicalRoots.twoCoordinateStabilizerEquiv' depends on axioms: [propext, Classical.choice, Quot.sound]
'CanonicalRoots.twoCoordinateStabilizer_card' depends on axioms: [propext, Classical.choice, Quot.sound]
'CanonicalRoots.fermatPoint' depends on axioms: [propext, Classical.choice, Quot.sound]
'CanonicalRoots.fermatPoint_X' depends on axioms: [propext, Classical.choice, Quot.sound]
'CanonicalRoots.twoCoordinatePoint_exists' depends on axioms: [propext, Classical.choice, Quot.sound]
'CanonicalRoots.rootCharacterMulSemiringAction' depends on axioms: [propext, Classical.choice, Quot.sound]
'CanonicalRoots.rootCharacter_smulCommClass' depends on axioms: [propext, Classical.choice, Quot.sound]
'CanonicalRoots.canonicalRoot_isInvariant' depends on axioms: [propext, Classical.choice, Quot.sound]
'CanonicalRoots.ambient_integral_over_root' depends on axioms: [propext, Classical.choice, Quot.sound]
'CanonicalRoots.ambient_finite_over_root' depends on axioms: [propext, Classical.choice, Quot.sound]
'CanonicalRoots.ambient_primes_over_root_transitive' depends on axioms: [propext, Classical.choice, Quot.sound]
'CanonicalRoots.stabilizer_preserves_primeCompl' depends on axioms: [propext, Classical.choice, Quot.sound]
'CanonicalRoots.pointLocalCharacterEquiv' depends on axioms: [propext, Classical.choice, Quot.sound]
'CanonicalRoots.pointLocalCharacterEquiv_algebraMap' depends on axioms: [propext, Classical.choice, Quot.sound]
'CanonicalRoots.pointLocalCharacterAction' depends on axioms: [propext, Classical.choice, Quot.sound]
'CanonicalRoots.rootPoint' depends on axioms: [propext, Classical.choice, Quot.sound]
'CanonicalRoots.rootPointLocalMap' depends on axioms: [propext, Classical.choice, Quot.sound]
'CanonicalRoots.rootPointLocalMap_algebraMap' depends on axioms: [propext, Classical.choice, Quot.sound]
'CanonicalRoots.rootPointLocalMap_fixed' depends on axioms: [propext, Classical.choice, Quot.sound]
'CanonicalRoots.rootCoordinatePower_homogeneous' depends on axioms: [propext, Classical.choice, Quot.sound]
'CanonicalRoots.rootOriginPoint' depends on axioms: [propext, Classical.choice, Quot.sound]
'CanonicalRoots.rootPoint_ne_origin_of_coordinate_ne_zero' depends on axioms: [propext, Classical.choice, Quot.sound]
'CanonicalRoots.cyclicSplitPolynomial' depends on axioms: [propext, Classical.choice, Quot.sound]
'CanonicalRoots.cyclicSplitPolynomial_monic' depends on axioms: [propext, Classical.choice, Quot.sound]
'CanonicalRoots.cyclicSplitPolynomial_natDegree' depends on axioms: [propext, Classical.choice, Quot.sound]
'CanonicalRoots.cyclicAdjoinEquiv' depends on axioms: [propext, Classical.choice, Quot.sound]
'CanonicalRoots.cyclicPowerBasis' depends on axioms: [propext, Classical.choice, Quot.sound]
'CanonicalRoots.cyclicPowerBasis_apply' depends on axioms: [propext, Classical.choice, Quot.sound]
'CanonicalRoots.cyclicMonomialBasis' depends on axioms: [propext, Classical.choice, Quot.sound]
'CanonicalRoots.cyclicMonomialBasis_apply' depends on axioms: [propext, Classical.choice, Quot.sound]
'CanonicalRoots.cyclicPolynomialMap' depends on axioms: [propext, Classical.choice, Quot.sound]
'CanonicalRoots.cyclicPolynomialMap_relation' depends on axioms: [propext, Classical.choice, Quot.sound]
'CanonicalRoots.cyclicQuotientMap' depends on axioms: [propext, Classical.choice, Quot.sound]
'CanonicalRoots.cyclicQuotientMap_mk' depends on axioms: [propext, Classical.choice, Quot.sound]
'CanonicalRoots.cyclicImageExponent' depends on axioms: [propext, Classical.choice, Quot.sound]
'CanonicalRoots.cyclicImageExponent_injective' depends on axioms: [propext, Classical.choice, Quot.sound]
'CanonicalRoots.cyclicQuotientMap_basis' depends on axioms: [propext, Classical.choice, Quot.sound]
'CanonicalRoots.cyclicQuotientMap_injective' depends on axioms: [propext, Classical.choice, Quot.sound]
'CanonicalRoots.cyclicImageExponent_range_iff' depends on axioms: [propext, Classical.choice, Quot.sound]
'CanonicalRoots.coeff_cyclicQuotientMap_eq_zero' depends on axioms: [propext, Classical.choice, Quot.sound]
'CanonicalRoots.mem_cyclicQuotientMap_range_iff' depends on axioms: [propext, Classical.choice, Quot.sound]
'CanonicalRoots.cyclicPlaneHom' depends on axioms: [propext, Classical.choice, Quot.sound]
'CanonicalRoots.cyclicMonomialValue' depends on axioms: [propext, Classical.choice, Quot.sound]
'CanonicalRoots.cyclicPlaneHom_monomial' depends on axioms: [propext, Classical.choice, Quot.sound]
'CanonicalRoots.cyclicPlaneHom_coeff' depends on axioms: [propext, Classical.choice, Quot.sound]
'CanonicalRoots.cyclicPlaneFixed' depends on axioms: [propext, Classical.choice, Quot.sound]
'CanonicalRoots.cyclicMonomialValue_all_one_iff' depends on axioms: [propext, Classical.choice, Quot.sound]
'CanonicalRoots.mem_cyclicPlaneFixed_iff' depends on axioms: [propext, Classical.choice, Quot.sound]
'CanonicalRoots.cyclicQuotientMap_range_eq_fixed' depends on axioms: [propext, Classical.choice, Quot.sound]
'CanonicalRoots.cyclicQuotientEquivFixed' depends on axioms: [propext, Classical.choice, Quot.sound]
'CanonicalRoots.augmentationEquiv_primeCompl' depends on axioms: [propext, Classical.choice, Quot.sound]
'CanonicalRoots.augmentationLocalEquiv' depends on axioms: [propext, Classical.choice, Quot.sound]
'CanonicalRoots.cyclicPlaneOrigin' depends on axioms: [propext, Classical.choice, Quot.sound]
'CanonicalRoots.cyclicQuotientEquivFixed_coe' depends on axioms: [propext, Classical.choice, Quot.sound]
'CanonicalRoots.cyclicQuotientEquivFixed_origin' depends on axioms: [propext, Classical.choice, Quot.sound]
'CanonicalRoots.cyclicInvariantOriginEquiv' depends on axioms: [propext, Classical.choice, Quot.sound]
'CanonicalRoots.cyclicPlaneFixed_origin_not_regular' depends on axioms: [propext, Classical.choice, Quot.sound]
'CanonicalRoots.mem_polynomialOriginIdeal_iff' depends on axioms: [propext, Classical.choice, Quot.sound]
'CanonicalRoots.noConstantOrLinear_iff_mem_square' depends on axioms: [propext, Classical.choice, Quot.sound]
'CanonicalRoots.originLinearPart_mul' depends on axioms: [propext, Classical.choice, Quot.sound]
'CanonicalRoots.originCotangentLinear_injective' depends on axioms: [propext, Classical.choice, Quot.sound]
'CanonicalRoots.originCotangentLinear_surjective' depends on axioms: [propext, Classical.choice, Quot.sound]
'CanonicalRoots.polynomialOriginCotangentEquiv' depends on axioms: [propext, Classical.choice, Quot.sound]
'CanonicalRoots.polynomialOriginCotangent_finrank' depends on axioms: [propext, Classical.choice, Quot.sound]
'CanonicalRoots.quotientCotangentMap_surjective' depends on axioms: [propext, Classical.choice, Quot.sound]
'CanonicalRoots.quotientCotangentMap_injective' depends on axioms: [propext, Classical.choice, Quot.sound]
'CanonicalRoots.quotientCotangentEquiv' depends on axioms: [propext, Classical.choice, Quot.sound]
'CanonicalRoots.presented_ker_le_origin_square' depends on axioms: [propext, Classical.choice, Quot.sound]
'CanonicalRoots.presentedOriginCotangentEquiv' depends on axioms: [propext, Classical.choice, Quot.sound]
'CanonicalRoots.presentedOriginCotangent_finrank' depends on axioms: [propext, Classical.choice, Quot.sound]
'CanonicalRoots.RootHypersurfacePresentation.cotangent_finrank' depends on axioms: [propext,
 Classical.choice,
 Quot.sound]
'CanonicalRoots.presentedAugmentation' depends on axioms: [propext, Classical.choice, Quot.sound]
'CanonicalRoots.presentedAugmentation_mk' depends on axioms: [propext, Classical.choice, Quot.sound]
'CanonicalRoots.presentedOriginIdeal_eq_ker' depends on axioms: [propext, Classical.choice, Quot.sound]
'CanonicalRoots.presentedAugmentation_surjective' depends on axioms: [propext, Classical.choice, Quot.sound]
'CanonicalRoots.presentedOriginIdeal_isMaximal' depends on axioms: [propext, Classical.choice, Quot.sound]
'CanonicalRoots.cotangent_finrank_le_of_augmented_surjection' depends on axioms: [propext, Classical.choice, Quot.sound]
'CanonicalRoots.cotangent_finrank_le_of_surjection' depends on axioms: [propext, Classical.choice, Quot.sound]
'CanonicalRoots.presented_minimum_generators' depends on axioms: [propext, Classical.choice, Quot.sound]
'CanonicalRoots.RootHypersurfacePresentation.minimum_generators' depends on axioms: [propext,
 Classical.choice,
 Quot.sound]
'CanonicalRoots.RootHypersurfacePresentation.root_minimum_generators' depends on axioms: [propext,
 Classical.choice,
 Quot.sound]
'CanonicalRoots.RootHypersurfacePresentation.exists_minimal_surjection' depends on axioms: [propext,
 Classical.choice,
 Quot.sound]
'CanonicalRoots.presented_variables_eq_of_algEquiv' depends on axioms: [propext, Classical.choice, Quot.sound]
'CanonicalRoots.localCotangentMap_injective' depends on axioms: [propext, Classical.choice, Quot.sound]
'CanonicalRoots.localCotangentMap_surjective' depends on axioms: [propext, Classical.choice, Quot.sound]
'CanonicalRoots.localCotangentEquiv' depends on axioms: [propext, Classical.choice, Quot.sound]
'CanonicalRoots.localResidueEquiv' depends on axioms: [propext, Classical.choice, Quot.sound]
'CanonicalRoots.augmentation_surjective' depends on axioms: [propext, Classical.choice, Quot.sound]
'CanonicalRoots.augmentationKer_isMaximal' depends on axioms: [propext, Classical.choice, Quot.sound]
'CanonicalRoots.augmentationLocalResidueEquiv' depends on axioms: [propext, Classical.choice, Quot.sound]
'CanonicalRoots.augmentationLocalCotangent_finrank' depends on axioms: [propext, Classical.choice, Quot.sound]
'CanonicalRoots.presentedLocalCotangent_finrank' depends on axioms: [propext, Classical.choice, Quot.sound]
'CanonicalRoots.presented_krullDim_succ_le' depends on axioms: [propext, Classical.choice, Quot.sound]
'CanonicalRoots.presentedLocal_krullDim_succ_le' depends on axioms: [propext, Classical.choice, Quot.sound]
'CanonicalRoots.presented_origin_not_regular' depends on axioms: [propext, Classical.choice, Quot.sound]
'CanonicalRoots.cyclicQuotientEquation_noConstantOrLinear' depends on axioms: [propext, Classical.choice, Quot.sound]
'CanonicalRoots.cyclicQuotientEquation_ne_zero' depends on axioms: [propext, Classical.choice, Quot.sound]
'CanonicalRoots.cyclicQuotient_origin_not_regular' depends on axioms: [propext, Classical.choice, Quot.sound]
'CanonicalRoots.RootHypersurfacePresentation.origin_not_regular' depends on axioms: [propext,
 Classical.choice,
 Quot.sound]
'CanonicalRoots.fermat_group_homogeneous' depends on axioms: [propext, Classical.choice, Quot.sound]
'CanonicalRoots.fermatIdeal_homogeneous' depends on axioms: [propext, Classical.choice, Quot.sound]
'CanonicalRoots.component_mem_fermatIdeal' depends on axioms: [propext, Classical.choice, Quot.sound]
'CanonicalRoots.ambientProjection' depends on axioms: [propext, Classical.choice, Quot.sound]
'CanonicalRoots.ambientProjection_of_mem' depends on axioms: [propext, Classical.choice, Quot.sound]
'CanonicalRoots.ambientPieces_internal' depends on axioms: [propext, Classical.choice, Quot.sound]
'CanonicalRoots.ambientGradedAlgebra' depends on axioms: [propext, Classical.choice, Quot.sound]
'CanonicalRoots.rootProjection_of_mem' depends on axioms: [propext, Classical.choice, Quot.sound]
'CanonicalRoots.rootPieces_internal' depends on axioms: [propext, Classical.choice, Quot.sound]
'CanonicalRoots.rootGradedAlgebra' depends on axioms: [propext, Classical.choice, Quot.sound]
'CanonicalRoots.ambientAdjoinEquiv' depends on axioms: [propext, Classical.choice, Quot.sound]
'CanonicalRoots.splitPowerBasis' depends on axioms: [propext, Classical.choice, Quot.sound]
'CanonicalRoots.ambientMonomialBasis' depends on axioms: [propext, Classical.choice, Quot.sound]
'CanonicalRoots.ambientMonomialBasis_apply' depends on axioms: [propext, Classical.choice, Quot.sound]
'CanonicalRoots.ambientMonomialBasis_homogeneous' depends on axioms: [propext, Classical.choice, Quot.sound]
'CanonicalRoots.ambientPiece_eq_span' depends on axioms: [propext, Classical.choice, Quot.sound]
'CanonicalRoots.ambientPieceBasis' depends on axioms: [propext, Classical.choice, Quot.sound]
'CanonicalRoots.ambientPieceBasis_apply' depends on axioms: [propext, Classical.choice, Quot.sound]
'CanonicalRoots.rootPieceEquivAmbient' depends on axioms: [propext, Classical.choice, Quot.sound]
'CanonicalRoots.rootPieceBasis' depends on axioms: [propext, Classical.choice, Quot.sound]
'CanonicalRoots.monomialDegree_normal' depends on axioms: [propext, Classical.choice, Quot.sound]
'CanonicalRoots.monomialDegree_eq_normal_iff' depends on axioms: [propext, Classical.choice, Quot.sound]
'CanonicalRoots.pieceIndex_normal_iff' depends on axioms: [propext, Classical.choice, Quot.sound]
'CanonicalRoots.pieceIndex_nat_normal_iff' depends on axioms: [propext, Classical.choice, Quot.sound]
'CanonicalRoots.pieceIndexEquivCompositions' depends on axioms: [propext, Classical.choice, Quot.sound]
'CanonicalRoots.ambientPieceSymBasis' depends on axioms: [propext, Classical.choice, Quot.sound]
'CanonicalRoots.ambientPiece_finrank_nat' depends on axioms: [propext, Classical.choice, Quot.sound]
'CanonicalRoots.ambientPiece_eq_bot_of_negative' depends on axioms: [propext, Classical.choice, Quot.sound]
'CanonicalRoots.ambientPiece_finrank' depends on axioms: [propext, Classical.choice, Quot.sound]
'CanonicalRoots.ambientPiece_finite' depends on axioms: [propext, Classical.choice, Quot.sound]
'CanonicalRoots.rootPiece_finite' depends on axioms: [propext, Classical.choice, Quot.sound]
'CanonicalRoots.rootPiece_finrank' depends on axioms: [propext, Classical.choice, Quot.sound]
'CanonicalRoots.normalDegree_normalize' depends on axioms: [propext, Classical.choice, Quot.sound]
'CanonicalRoots.rootResidue_bounded' depends on axioms: [propext, Classical.choice, Quot.sound]
'CanonicalRoots.rootDegree_normal' depends on axioms: [propext, Classical.choice, Quot.sound]
'CanonicalRoots.rootHilbert_formula' depends on axioms: [propext, Classical.choice, Quot.sound]
'CanonicalRoots.rootCarry_residue_periodic' depends on axioms: [propext, Classical.choice, Quot.sound]
'CanonicalRoots.canonicalRootCarry_periodic' depends on axioms: [propext, Classical.choice, Quot.sound]
'CanonicalRoots.rationalDegree_normal' depends on axioms: [propext, Classical.choice, Quot.sound]
'CanonicalRoots.rootCarry_rational' depends on axioms: [propext, Classical.choice, Quot.sound]
'CanonicalRoots.rootPiece_zero_finrank' depends on axioms: [propext, Classical.choice, Quot.sound]
'CanonicalRoots.exponentBoxEquiv' depends on axioms: [propext, Classical.choice, Quot.sound]
'CanonicalRoots.ambientPowerBoxIndexEquiv' depends on axioms: [propext, Classical.choice, Quot.sound]
'CanonicalRoots.ambientPowerBoxBasis' depends on axioms: [propext, Classical.choice, Quot.sound]
'CanonicalRoots.ambientPowerBoxBasis_apply' depends on axioms: [propext, Classical.choice, Quot.sound]
'CanonicalRoots.boxComplement' depends on axioms: [propext, Quot.sound]
'CanonicalRoots.boxDegree_complement' depends on axioms: [propext, Classical.choice, Quot.sound]
'CanonicalRoots.powerBoxDegree' depends on axioms: [propext, Classical.choice, Quot.sound]
'CanonicalRoots.monomialDegree_nonnegative' depends on axioms: [propext, Classical.choice, Quot.sound]
'CanonicalRoots.rootBox_complement_degree' depends on axioms: [propext, Classical.choice, Quot.sound]
'CanonicalRoots.rootBoxComplement' depends on axioms: [propext, Classical.choice, Quot.sound]
'CanonicalRoots.rootBoxDegree_complement' depends on axioms: [propext, Classical.choice, Quot.sound]
'CanonicalRoots.rootModule_eq_span' depends on axioms: [propext, Classical.choice, Quot.sound]
'CanonicalRoots.rootMonomialBasis' depends on axioms: [propext, Classical.choice, Quot.sound]
'CanonicalRoots.rootMonomialBasis_apply' depends on axioms: [propext, Classical.choice, Quot.sound]
'CanonicalRoots.box_root_shift_iff' depends on axioms: [propext, Classical.choice, Quot.sound]
'CanonicalRoots.rootPowerBoxIndexEquiv' depends on axioms: [propext, Classical.choice, Quot.sound]
'CanonicalRoots.rootPowerBoxBasis' depends on axioms: [propext, Classical.choice, Quot.sound]
'CanonicalRoots.rootPowerBoxBasis_apply' depends on axioms: [propext, Classical.choice, Quot.sound]
'CanonicalRoots.rootPowerBoxBasis_homogeneous' depends on axioms: [propext, Classical.choice, Quot.sound]
'CanonicalRoots.canonicalRoot_scale_positive' depends on axioms: [propext, Classical.choice, Quot.sound]
'CanonicalRoots.canonicalRoot_nat_denominator' depends on axioms: [propext, Classical.choice, Quot.sound]
'CanonicalRoots.canonicalRootBoxBasis' depends on axioms: [propext, Classical.choice, Quot.sound]
'CanonicalRoots.mem_kinds' depends on axioms: [propext]
'CanonicalRoots.mem_ternaryBox' depends on axioms: [propext, Classical.choice, Quot.sound]
'CanonicalRoots.enumerateTernaryCandidates_iff' depends on axioms: [propext, Classical.choice, Quot.sound]
'CanonicalRoots.Counterexamples.branched_has_nonzero_critical_point' depends on axioms: [propext,
 Classical.choice,
 Quot.sound]
'CanonicalRoots.Counterexamples.branched_not_isolated' depends on axioms: [propext, Classical.choice, Quot.sound]
'CanonicalRoots.Counterexamples.branched_determinant_nonzero' depends on axioms: [propext, Classical.choice, Quot.sound]
'CanonicalRoots.Counterexamples.nonprincipal_fermat_determinant' depends on axioms: [propext,
 Classical.choice,
 Quot.sound]
'CanonicalRoots.Counterexamples.nonprincipal_fermat_weights' depends on axioms: [propext]
'CanonicalRoots.Counterexamples.nonmaximal_root_numbers' depends on axioms: [propext, Classical.choice, Quot.sound]
'CanonicalRoots.degree_relation' depends on axioms: [propext, Classical.choice, Quot.sound]
'CanonicalRoots.Cox.lattice_degree' depends on axioms: [propext, Classical.choice, Quot.sound]
'CanonicalRoots.Cox.homogeneous' depends on axioms: [propext, Classical.choice, Quot.sound]
'CanonicalRoots.Cox.certificate_row_sum' depends on axioms: [propext, Classical.choice, Quot.sound]
'CanonicalRoots.Cox.integral_degree' depends on axioms: [propext, Classical.choice, Quot.sound]
'CanonicalRoots.Cox.substitution' depends on axioms: [propext, Classical.choice, Quot.sound]
'CanonicalRoots.Cox.determinant' depends on axioms: [propext, Classical.choice, Quot.sound]
'CanonicalRoots.Cox.multiplicity' depends on axioms: [propext, Classical.choice, Quot.sound]
'CanonicalRoots.Cox.group_order' depends on axioms: [propext, Classical.choice, Quot.sound]
'CanonicalRoots.environment_ring_identity' depends on axioms: [propext]
'CanonicalRoots.Cox.fermat_denominator' depends on axioms: [propext, Classical.choice, Quot.sound]
'CanonicalRoots.Cox.fermat_coordinate_bound' depends on axioms: [propext, Classical.choice, Quot.sound]
'CanonicalRoots.Cox.product_sum_bound' depends on axioms: [propext, Classical.choice, Quot.sound]
'CanonicalRoots.Cox.exponent_bound' depends on axioms: [propext, Classical.choice, Quot.sound]
'CanonicalRoots.intProduct_nil' depends on axioms: [propext]
'CanonicalRoots.intProduct_cons' depends on axioms: [propext]
'CanonicalRoots.intProduct_pos' depends on axioms: [propext, Classical.choice, Quot.sound]
'CanonicalRoots.coordinate_le_product' depends on axioms: [propext, Classical.choice, Quot.sound]
'CanonicalRoots.cofactorSum_nonneg' depends on axioms: [propext, Classical.choice, Quot.sound]
'CanonicalRoots.cofactor_bound' depends on axioms: [propext, Classical.choice, Quot.sound]
'CanonicalRoots.completion_step' depends on axioms: [propext, Classical.choice, Quot.sound]
'CanonicalRoots.next_defect_positive' depends on axioms: [propext, Classical.choice, Quot.sound]
'CanonicalRoots.next_coordinate_bound' depends on axioms: [propext, Classical.choice, Quot.sound]
'CanonicalRoots.last_coordinate' depends on axioms: [propext, Quot.sound]
'CanonicalRoots.higherSearch_equation' depends on axioms: [propext, Classical.choice, Quot.sound]
'CanonicalRoots.enumerateHigherCandidates_equation' depends on axioms: [propext, Classical.choice, Quot.sound]
'CanonicalRoots.compatible_lower' depends on axioms: [propext, Classical.choice, Quot.sound]
'CanonicalRoots.higherSearch_complete' depends on axioms: [propext, Classical.choice, Quot.sound]
'CanonicalRoots.enumerateHigherCandidates_complete' depends on axioms: [propext, Classical.choice, Quot.sound]
'CanonicalRoots.higherSearch_compatible' depends on axioms: [propext, Classical.choice, Quot.sound]
'CanonicalRoots.compatible_coprime_pref' depends on axioms: [propext, Quot.sound]
'CanonicalRoots.compatible_pairwise' depends on axioms: [propext, Classical.choice, Quot.sound]
'CanonicalRoots.compatible_of_conditions' depends on axioms: [propext, Classical.choice, Quot.sound]
'CanonicalRoots.compatible_empty_iff' depends on axioms: [propext, Classical.choice, Quot.sound]
'CanonicalRoots.enumerateHigherCandidates_iff' depends on axioms: [propext, Classical.choice, Quot.sound]
'CanonicalRoots.freeRationalDegree_c' depends on axioms: [propext, Classical.choice, Quot.sound]
'CanonicalRoots.freeRationalDegree_x' depends on axioms: [propext, Classical.choice, Quot.sound]
'CanonicalRoots.rationalDegree_c' depends on axioms: [propext, Classical.choice, Quot.sound]
'CanonicalRoots.rationalDegree_x' depends on axioms: [propext, Classical.choice, Quot.sound]
'CanonicalRoots.rationalDegree_omega' depends on axioms: [propext, Classical.choice, Quot.sound]
'CanonicalRoots.root_degree_positive' depends on axioms: [propext, Classical.choice, Quot.sound]
'CanonicalRoots.root_multiples_injective' depends on axioms: [propext, Classical.choice, Quot.sound]
'CanonicalRoots.root_eq_top_of_degrees' depends on axioms: [propext, Classical.choice, Quot.sound]
'CanonicalRoots.degree_certificate' depends on axioms: [propext, Classical.choice, Quot.sound]
'CanonicalRoots.example_generator_degrees' depends on axioms: [propext, Classical.choice, Quot.sound]
'CanonicalRoots.example_root_is_actual_ambient' depends on axioms: [propext, Classical.choice, Quot.sound]
'CanonicalRoots.example_signature_admissible' depends on axioms: [propext, Classical.choice, Quot.sound]
'CanonicalRoots.example_is_canonical_root' depends on axioms: [propext, Classical.choice, Quot.sound]
'CanonicalRoots.example_isolated' depends on axioms: [propext, Classical.choice, Quot.sound]
'CanonicalRoots.ambientPiece_mul' depends on axioms: [propext, Classical.choice, Quot.sound]
'CanonicalRoots.rootModule_mul' depends on axioms: [propext, Classical.choice, Quot.sound]
'CanonicalRoots.rootModule_algebraMap' depends on axioms: [propext, Classical.choice, Quot.sound]
'CanonicalRoots.fermat_pderiv' depends on axioms: [propext, Classical.choice, Quot.sound]
'CanonicalRoots.fermat_isolated' depends on axioms: [propext, Classical.choice, Quot.sound]
'CanonicalRoots.Certificates.ternary_1_entire_list' depends on axioms: [propext, Classical.choice, Quot.sound]
'CanonicalRoots.Certificates.ternary_2_entire_list' depends on axioms: [propext, Classical.choice, Quot.sound]
'CanonicalRoots.Certificates.ternary_3_entire_list' depends on axioms: [propext, Classical.choice, Quot.sound]
'CanonicalRoots.Certificates.ternary_4_entire_list' depends on axioms: [propext, Classical.choice, Quot.sound]
'CanonicalRoots.Certificates.ternary_5_entire_list' depends on axioms: [propext, Classical.choice, Quot.sound]
'CanonicalRoots.Certificates.ternary_6_entire_list' depends on axioms: [propext, Classical.choice, Quot.sound]
'CanonicalRoots.Certificates.higher_4_1_entire_list' depends on axioms: [propext]
'CanonicalRoots.Certificates.higher_4_5_entire_list' depends on axioms: [propext]
'CanonicalRoots.Certificates.higher_4_25_entire_list' depends on axioms: [propext]
'CanonicalRoots.Certificates.higher_5_1_entire_list' depends on axioms: [propext]
'CanonicalRoots.example_root_equiv' depends on axioms: [propext, Classical.choice, Quot.sound]
CanonicalRoots.enumerateTernaryCandidates_iff (a : ℕ) (ha : 1 ≤ a) (e : CanonicalRoots.TernaryCandidate) :
  e ∈ CanonicalRoots.enumerateTernaryCandidates a ↔ CanonicalRoots.ArithmeticTernary a e
CanonicalRoots.enumerateHigherCandidates_iff (n a : ℕ) (ha : 0 < a) (ps : List ℕ) :
  ps ∈ CanonicalRoots.enumerateHigherCandidates n a ↔ CanonicalRoots.ArithmeticHigher n a ps
structure CanonicalRoots.Target (n a : ℕ) : Type
number of parameters: 2
fields:
  CanonicalRoots.Target.dimension_input : 3 ≤ n
  CanonicalRoots.Target.parameter_input : 1 ≤ a
  CanonicalRoots.Target.signature : Fin n → ℕ
  CanonicalRoots.Target.admissible : CanonicalRoots.AdmissibleSignature self.signature
  CanonicalRoots.Target.tau : CanonicalRoots.DegreeGroup self.signature
  CanonicalRoots.Target.root_equation : CanonicalRoots.IsCanonicalRoot self.signature a self.tau
  CanonicalRoots.Target.presentation : CanonicalRoots.RootHypersurfacePresentation self.signature self.tau
constructor:
  CanonicalRoots.Target.mk {n a : ℕ} (dimension_input : 3 ≤ n) (parameter_input : 1 ≤ a) (signature : Fin n → ℕ)
    (admissible : CanonicalRoots.AdmissibleSignature signature) (tau : CanonicalRoots.DegreeGroup signature)
    (root_equation : CanonicalRoots.IsCanonicalRoot signature a tau)
    (presentation : CanonicalRoots.RootHypersurfacePresentation signature tau) : CanonicalRoots.Target n a
structure CanonicalRoots.RootHypersurfacePresentation {n : ℕ} (p : Fin n → ℕ) (τ : CanonicalRoots.DegreeGroup p) : Type
number of parameters: 3
fields:
  CanonicalRoots.RootHypersurfacePresentation.weights : Fin n → ℕ
  CanonicalRoots.RootHypersurfacePresentation.weights_pos : ∀ (i : Fin n), 0 < self.weights i
  CanonicalRoots.RootHypersurfacePresentation.relationDegree : ℕ
  CanonicalRoots.RootHypersurfacePresentation.relationDegree_pos : 0 < self.relationDegree
  CanonicalRoots.RootHypersurfacePresentation.polynomial : MvPolynomial (Fin n) ℂ
  CanonicalRoots.RootHypersurfacePresentation.polynomial_ne_zero : self.polynomial ≠ 0
  CanonicalRoots.RootHypersurfacePresentation.homogeneous : MvPolynomial.IsWeightedHomogeneous self.weights
      self.polynomial self.relationDegree
  CanonicalRoots.RootHypersurfacePresentation.no_constant_or_linear : CanonicalRoots.HasNoConstantOrLinear
      self.polynomial
  CanonicalRoots.RootHypersurfacePresentation.isolated : CanonicalRoots.IsolatedAtOrigin self.polynomial
  CanonicalRoots.RootHypersurfacePresentation.graded_equiv : CanonicalRoots.GradedAlgEquiv
      (CanonicalRoots.presentedPiece self.polynomial self.weights) (CanonicalRoots.rootPiece p τ)
constructor:
  CanonicalRoots.RootHypersurfacePresentation.mk {n : ℕ} {p : Fin n → ℕ} {τ : CanonicalRoots.DegreeGroup p}
    (weights : Fin n → ℕ) (weights_pos : ∀ (i : Fin n), 0 < weights i) (relationDegree : ℕ)
    (relationDegree_pos : 0 < relationDegree) (polynomial : MvPolynomial (Fin n) ℂ)
    (polynomial_ne_zero : polynomial ≠ 0)
    (homogeneous : MvPolynomial.IsWeightedHomogeneous weights polynomial relationDegree)
    (no_constant_or_linear : CanonicalRoots.HasNoConstantOrLinear polynomial)
    (isolated : CanonicalRoots.IsolatedAtOrigin polynomial)
    (graded_equiv :
      CanonicalRoots.GradedAlgEquiv (CanonicalRoots.presentedPiece polynomial weights) (CanonicalRoots.rootPiece p τ)) :
    CanonicalRoots.RootHypersurfacePresentation p τ
def CanonicalRoots.IsCanonicalRoot : {n : ℕ} → (p : Fin n → ℕ) → ℕ → CanonicalRoots.DegreeGroup p → Prop :=
fun {n} p a τ => a • τ = CanonicalRoots.omegaDegree p
@[reducible] def CanonicalRoots.RootRing : {n : ℕ} →
  (p : Fin n → ℕ) → CanonicalRoots.DegreeGroup p → Subalgebra ℂ (CanonicalRoots.AmbientRing p) :=
fun {n} p τ => CanonicalRoots.rootSubalgebra p τ
def CanonicalRoots.rootModule : {n : ℕ} →
  (p : Fin n → ℕ) → CanonicalRoots.DegreeGroup p → Submodule ℂ (CanonicalRoots.AmbientRing p) :=
fun {n} p τ => ⨆ m, CanonicalRoots.ambientPiece p (m • τ)
def CanonicalRoots.IsolatedAtOrigin : {n : ℕ} → MvPolynomial (Fin n) ℂ → Prop :=
fun {n} f => ∀ (z : Fin n → ℂ), (∀ (i : Fin n), (MvPolynomial.eval z) ((MvPolynomial.pderiv i) f) = 0) ↔ z = 0
structure CanonicalRoots.GradedAlgEquiv.{u_1, u_2} {A : Type u_1} {B : Type u_2} [CommRing A] [CommRing B] [Algebra ℂ A]
  [Algebra ℂ B] (s : ℕ → Submodule ℂ A) (t : ℕ → Submodule ℂ B) : Type (max u_1 u_2)
number of parameters: 8
parents:
  CanonicalRoots.GradedAlgEquiv.toAlgEquiv : A ≃ₐ[ℂ] B
fields:
  Equiv.toFun : A → B
  Equiv.invFun : B → A
  Equiv.left_inv : Function.LeftInverse self.invFun self.toFun := by
    intro;
      first
      | rfl
      | ext <;> rfl
  Equiv.right_inv : Function.RightInverse self.invFun self.toFun := by
    intro;
      first
      | rfl
      | ext <;> rfl
  MulHom.map_mul' : ∀ (x y : A), self.toFun (x * y) = self.toFun x * self.toFun y
  AddHom.map_add' : ∀ (x y : A), self.toFun (x + y) = self.toFun x + self.toFun y
  AlgEquiv.commutes' : ∀ (r : ℂ), self.toFun ((algebraMap ℂ A) r) = (algebraMap ℂ B) r
  CanonicalRoots.GradedAlgEquiv.preserves : ∀ (m : ℕ) (x : A), x ∈ s m ↔ self.toAlgEquiv x ∈ t m
constructor:
  CanonicalRoots.GradedAlgEquiv.mk.{u_1, u_2} {A : Type u_1} {B : Type u_2} [CommRing A] [CommRing B] [Algebra ℂ A]
    [Algebra ℂ B] {s : ℕ → Submodule ℂ A} {t : ℕ → Submodule ℂ B} (toAlgEquiv : A ≃ₐ[ℂ] B)
    (preserves : ∀ (m : ℕ) (x : A), x ∈ s m ↔ toAlgEquiv x ∈ t m) : CanonicalRoots.GradedAlgEquiv s t
field notation resolution order:
  CanonicalRoots.GradedAlgEquiv, AlgEquiv, Equiv, MulEquiv, AddEquiv, RingEquiv, MulHom, AddHom
'CanonicalRoots.relationMap_eq_sum' depends on axioms: [propext, Classical.choice, Quot.sound]
'CanonicalRoots.degreeRelations_eq_range' depends on axioms: [propext, Classical.choice, Quot.sound]
'CanonicalRoots.degree_eq_iff' depends on axioms: [propext, Classical.choice, Quot.sound]
'CanonicalRoots.normalDegree_expression' depends on axioms: [propext, Classical.choice, Quot.sound]
'CanonicalRoots.normalDegree_eq_iff' depends on axioms: [propext, Classical.choice, Quot.sound]
'CanonicalRoots.degree_normal_exists' depends on axioms: [propext, Classical.choice, Quot.sound]
'CanonicalRoots.bounded_residue_unique' depends on axioms: [propext, Classical.choice, Quot.sound]
'CanonicalRoots.degree_normal_unique' depends on axioms: [propext, Classical.choice, Quot.sound]
'CanonicalRoots.nsmul_normalDegree' depends on axioms: [propext, Classical.choice, Quot.sound]
'CanonicalRoots.omega_normalDegree' depends on axioms: [propext, Classical.choice, Quot.sound]
'CanonicalRoots.canonicalRoot_normal_iff' depends on axioms: [propext, Classical.choice, Quot.sound]
'CanonicalRoots.canonicalRoot_coprime' depends on axioms: [propext, Classical.choice, Quot.sound]
'CanonicalRoots.degree_nsmul_injective' depends on axioms: [propext, Classical.choice, Quot.sound]
'CanonicalRoots.canonicalRoot_unique' depends on axioms: [propext, Classical.choice, Quot.sound]
'CanonicalRoots.freeNumerator_c' depends on axioms: [propext, Classical.choice, Quot.sound]
'CanonicalRoots.freeNumerator_x' depends on axioms: [propext, Classical.choice, Quot.sound]
'CanonicalRoots.numeratorDegree_c' depends on axioms: [propext, Classical.choice, Quot.sound]
'CanonicalRoots.numeratorDegree_x' depends on axioms: [propext, Classical.choice, Quot.sound]
'CanonicalRoots.numeratorDegree_omega' depends on axioms: [propext, Classical.choice, Quot.sound]
'CanonicalRoots.denominator_omega' depends on axioms: [propext, Classical.choice, Quot.sound]
'CanonicalRoots.canonicalRoot_index_dvd' depends on axioms: [propext, Classical.choice, Quot.sound]
'CanonicalRoots.canonicalRoot_of_index' depends on axioms: [propext, Classical.choice, Quot.sound]
'CanonicalRoots.signature_dvd_lcm' depends on axioms: [propext, Classical.choice, Quot.sound]
'CanonicalRoots.signature_lcm_pos' depends on axioms: [propext, Classical.choice, Quot.sound]
'CanonicalRoots.canonicalRoot_coprime_lcm' depends on axioms: [propext, Classical.choice, Quot.sound]
'CanonicalRoots.canonicalRoot_exists_iff' depends on axioms: [propext, Classical.choice, Quot.sound]
'CanonicalRoots.canonicalRoot_denominator' depends on axioms: [propext, Classical.choice, Quot.sound]
'CanonicalRoots.monomial_weight_root' depends on axioms: [propext, Classical.choice, Quot.sound]
'CanonicalRoots.homogeneous_root_iff' depends on axioms: [propext, Classical.choice, Quot.sound]
'CanonicalRoots.ambientPiece_eq_presentedPiece' depends on axioms: [propext, Classical.choice, Quot.sound]
'CanonicalRoots.productWeights_mul' depends on axioms: [propext, Classical.choice, Quot.sound]
'CanonicalRoots.productWeights_pos' depends on axioms: [propext, Classical.choice, Quot.sound]
'CanonicalRoots.signature_dvd_other_weight' depends on axioms: [propext, Classical.choice, Quot.sound]
'CanonicalRoots.signature_coprime_weight' depends on axioms: [propext, Classical.choice, Quot.sound]
'CanonicalRoots.coprime_torsion_sum' depends on axioms: [propext, Classical.choice, Quot.sound]
'CanonicalRoots.productWeights_div' depends on axioms: [propext, Classical.choice, Quot.sound]
'CanonicalRoots.higher_generator_degrees' depends on axioms: [propext, Classical.choice, Quot.sound]
'CanonicalRoots.higher_root_eq_top' depends on axioms: [propext, Classical.choice, Quot.sound]
'CanonicalRoots.product_defect_coprime' depends on axioms: [propext, Classical.choice, Quot.sound]
'CanonicalRoots.higher_root_exists_unique' depends on axioms: [propext, Classical.choice, Quot.sound]
'CanonicalRoots.product_defect_admissible' depends on axioms: [propext, Classical.choice, Quot.sound]
'CanonicalRoots.fermat_product_homogeneous' depends on axioms: [propext, Classical.choice, Quot.sound]
'CanonicalRoots.fermat_ne_zero' depends on axioms: [propext, Classical.choice, Quot.sound]
'CanonicalRoots.fermat_no_constant_or_linear' depends on axioms: [propext, Classical.choice, Quot.sound]
'CanonicalRoots.higher_root_realization' depends on axioms: [propext, Classical.choice, Quot.sound]
'CanonicalRoots.rootGradedAmbientEquiv' depends on axioms: [propext, Classical.choice, Quot.sound]
'CanonicalRoots.example_root_graded_equiv' depends on axioms: [propext, Classical.choice, Quot.sound]
'CanonicalRoots.higherRootGradedEquiv' depends on axioms: [propext, Classical.choice, Quot.sound]
'CanonicalRoots.higherRootPresentation' depends on axioms: [propext, Classical.choice, Quot.sound]
CanonicalRoots.canonicalRoot_exists_iff {n a : ℕ} (p : Fin n → ℕ) (hp : ∀ (i : Fin n), 0 < p i) :
  (∃ τ, CanonicalRoots.IsCanonicalRoot p a τ) ↔
    ↑a ∣ CanonicalRoots.signatureIndex p ∧ a.Coprime (CanonicalRoots.signatureLcm p)
CanonicalRoots.canonicalRoot_unique {n a : ℕ} (p : Fin n → ℕ) (hp : ∀ (i : Fin n), 0 < p i) (ha : 0 < a)
  (τ σ : CanonicalRoots.DegreeGroup p) (hτ : CanonicalRoots.IsCanonicalRoot p a τ)
  (hσ : CanonicalRoots.IsCanonicalRoot p a σ) : τ = σ
CanonicalRoots.higher_root_realization {n a : ℕ} (hn : 0 < n) (p : Fin n → ℕ) (hp : ∀ (i : Fin n), 2 ≤ p i) (ha : 0 < a)
  (hcop : Pairwise fun i j => (p i).Coprime (p j))
  (hdefect : ↑(∏ j, p j) - ∑ i, ↑(CanonicalRoots.productWeights p i) = ↑a) :
  ∃ τ,
    CanonicalRoots.IsCanonicalRoot p a τ ∧
      CanonicalRoots.AdmissibleSignature p ∧ Nonempty (CanonicalRoots.RootHypersurfacePresentation p τ)
CanonicalRoots.higherRootGradedEquiv {n a : ℕ} (p : Fin n → ℕ) (hp : ∀ (i : Fin n), 2 ≤ p i) (ha : 0 < a)
  (hcop : Pairwise fun i j => (p i).Coprime (p j))
  (hdefect : ↑(∏ j, p j) - ∑ i, ↑(CanonicalRoots.productWeights p i) = ↑a) (τ : CanonicalRoots.DegreeGroup p)
  (hτ : CanonicalRoots.IsCanonicalRoot p a τ) :
  CanonicalRoots.GradedAlgEquiv (CanonicalRoots.rootPiece p τ)
    (CanonicalRoots.presentedPiece (CanonicalRoots.fermat p) (CanonicalRoots.productWeights p))
'CanonicalRoots.regroup_linearCombination_bijective' depends on axioms: [propext, Classical.choice, Quot.sound]
'CanonicalRoots.regroupBasis' depends on axioms: [propext, Classical.choice, Quot.sound]
'CanonicalRoots.regroupBasis_apply' depends on axioms: [propext, Classical.choice, Quot.sound]
'CanonicalRoots.powerExponent' depends on axioms: [propext, Classical.choice, Quot.sound]
'CanonicalRoots.powerSubstitution' depends on axioms: [propext, Classical.choice, Quot.sound]
'CanonicalRoots.powerSubstitution_monomial' depends on axioms: [propext, Classical.choice, Quot.sound]
'CanonicalRoots.rootPower_mem' depends on axioms: [propext, Classical.choice, Quot.sound]
'CanonicalRoots.rootPowerGenerator' depends on axioms: [propext, Classical.choice, Quot.sound]
'CanonicalRoots.rootPowerHom' depends on axioms: [propext, Classical.choice, Quot.sound]
'CanonicalRoots.rootPowerHom_comp_val' depends on axioms: [propext, Classical.choice, Quot.sound]
'CanonicalRoots.rootPowerHom_monomial' depends on axioms: [propext, Classical.choice, Quot.sound]
'CanonicalRoots.rootPowerHom_mul_box' depends on axioms: [propext, Classical.choice, Quot.sound]
'CanonicalRoots.rootPolynomialBasis' depends on axioms: [propext, Classical.choice, Quot.sound]
'CanonicalRoots.rootPolynomialBasis_apply' depends on axioms: [propext, Classical.choice, Quot.sound]
'CanonicalRoots.rootBoxZero' depends on axioms: [propext, Classical.choice, Quot.sound]
'CanonicalRoots.rootPowerHom_injective' depends on axioms: [propext, Classical.choice, Quot.sound]
'CanonicalRoots.rootPowerGenerator_algebraicIndependent' depends on axioms: [propext, Classical.choice, Quot.sound]
'CanonicalRoots.rootPowerSubalgebra' depends on axioms: [propext, Classical.choice, Quot.sound]
'CanonicalRoots.rootPowerSubalgebra_eq_adjoin' depends on axioms: [propext, Classical.choice, Quot.sound]
'CanonicalRoots.rootPowerSubalgebraEquiv' depends on axioms: [propext, Classical.choice, Quot.sound]
'CanonicalRoots.rootFiniteFreeBasis' depends on axioms: [propext, Classical.choice, Quot.sound]
'CanonicalRoots.rootFiniteFreeBasis_apply' depends on axioms: [propext, Classical.choice, Quot.sound]
'CanonicalRoots.rootFiniteFreeBasis_homogeneous' depends on axioms: [propext, Classical.choice, Quot.sound]
'CanonicalRoots.root_finite_over_powerSubalgebra' depends on axioms: [propext, Classical.choice, Quot.sound]
'CanonicalRoots.root_free_over_powerSubalgebra' depends on axioms: [propext, Classical.choice, Quot.sound]
'CanonicalRoots.canonicalRootScale' depends on axioms: [propext, Classical.choice, Quot.sound]
'CanonicalRoots.canonicalRootScale_pos' depends on axioms: [propext, Classical.choice, Quot.sound]
'CanonicalRoots.canonicalPowerSubalgebra' depends on axioms: [propext, Classical.choice, Quot.sound]
'CanonicalRoots.canonicalPowerSubalgebraEquiv' depends on axioms: [propext, Classical.choice, Quot.sound]
'CanonicalRoots.canonicalRootFiniteFreeBasis' depends on axioms: [propext, Classical.choice, Quot.sound]
'CanonicalRoots.canonicalRoot_finite' depends on axioms: [propext, Classical.choice, Quot.sound]
'CanonicalRoots.canonicalRoot_free' depends on axioms: [propext, Classical.choice, Quot.sound]
'CanonicalRoots.canonicalRootFiniteFreeBasis_homogeneous' depends on axioms: [propext, Classical.choice, Quot.sound]
'CanonicalRoots.canonicalRootFiniteFreeBasis_degree_le' depends on axioms: [propext, Classical.choice, Quot.sound]
'CanonicalRoots.canonicalRoot_finiteType' depends on axioms: [propext, Classical.choice, Quot.sound]
'CanonicalRoots.canonicalRoot_noetherian' depends on axioms: [propext, Classical.choice, Quot.sound]
'CanonicalRoots.RootBoxPieceIndex' depends on axioms: [propext, Classical.choice, Quot.sound]
'CanonicalRoots.rootPiece_eq_span_box' depends on axioms: [propext, Classical.choice, Quot.sound]
'CanonicalRoots.rootBoxPieceBasis' depends on axioms: [propext, Classical.choice, Quot.sound]
'CanonicalRoots.rootPiece_finrank_box' depends on axioms: [propext, Classical.choice, Quot.sound]
'CanonicalRoots.WeightedCompositions' depends on axioms: [propext, Classical.choice, Quot.sound]
'CanonicalRoots.weightedCompositionsEquiv' depends on axioms: [propext, Classical.choice, Quot.sound]
'CanonicalRoots.weightedCompositionCount' depends on axioms: [propext]
'CanonicalRoots.weightedCompositions_card' depends on axioms: [propext, Classical.choice, Quot.sound]
'CanonicalRoots.rootBoxPieceIndexEquivSigma' depends on axioms: [propext, Classical.choice, Quot.sound]
'CanonicalRoots.rootPiece_finrank_box_sum' depends on axioms: [propext, Classical.choice, Quot.sound]
'CanonicalRoots.rootHilbertSeries' depends on axioms: [propext, Classical.choice, Quot.sound]
'CanonicalRoots.rootBoxNumerator' depends on axioms: [propext, Classical.choice, Quot.sound]
'CanonicalRoots.invOneSubPow_coeff' depends on axioms: [propext, Classical.choice, Quot.sound]
'CanonicalRoots.weightedCompositionCount_coeff' depends on axioms: [propext, Classical.choice, Quot.sound]
'CanonicalRoots.rootHilbertSeries_eq_box' depends on axioms: [propext, Classical.choice, Quot.sound]
'CanonicalRoots.rootHilbertSeries_mul_denominator' depends on axioms: [propext, Classical.choice, Quot.sound]
'CanonicalRoots.canonicalRootHilbertSeries_mul_denominator' depends on axioms: [propext, Classical.choice, Quot.sound]
'CanonicalRoots.rootBoxValue' depends on axioms: [propext, Classical.choice, Quot.sound]
'CanonicalRoots.rootBoxValue_map' depends on axioms: [propext, Classical.choice, Quot.sound]
'CanonicalRoots.rootHilbertRationalValue' depends on axioms: [propext, Classical.choice, Quot.sound]
'CanonicalRoots.rootHilbertRational' depends on axioms: [propext, Classical.choice, Quot.sound]
'CanonicalRoots.rootBoxValue_reciprocal' depends on axioms: [propext, Classical.choice, Quot.sound]
'CanonicalRoots.rootHilbertRationalValue_reciprocal' depends on axioms: [propext, Classical.choice, Quot.sound]
'CanonicalRoots.rootHilbertSeries_eq_rational' depends on axioms: [propext, Classical.choice, Quot.sound]
'CanonicalRoots.canonicalRootHilbertSeries_eq_rational' depends on axioms: [propext, Classical.choice, Quot.sound]
'CanonicalRoots.canonicalRootHilbertRational_reciprocal' depends on axioms: [propext, Classical.choice, Quot.sound]
'CanonicalRoots.rootPower_homogeneous' depends on axioms: [propext, Classical.choice, Quot.sound]
'CanonicalRoots.rootPowerGenerator_homogeneous' depends on axioms: [propext, Classical.choice, Quot.sound]
'CanonicalRoots.rootCarry_lower_bound' depends on axioms: [propext, Classical.choice, Quot.sound]
'CanonicalRoots.rootCarry_eventually_nonneg' depends on axioms: [propext, Classical.choice, Quot.sound]
'CanonicalRoots.normalHilbertCoefficient_pos' depends on axioms: [propext, Quot.sound]
'CanonicalRoots.rootPiece_eventually_finrank_pos' depends on axioms: [propext, Classical.choice, Quot.sound]
'CanonicalRoots.rootPiece_eventually_ne_bot' depends on axioms: [propext, Classical.choice, Quot.sound]
'CanonicalRoots.weight_dvd_of_weights_dvd' depends on axioms: [propext, Classical.choice, Quot.sound]
'CanonicalRoots.weightedPiece_eq_bot_of_not_dvd' depends on axioms: [propext, Classical.choice, Quot.sound]
'CanonicalRoots.presentedPiece_eq_bot_of_not_dvd' depends on axioms: [propext, Classical.choice, Quot.sound]
'CanonicalRoots.GradedAlgEquiv.piece_eq_bot_iff' depends on axioms: [propext, Classical.choice, Quot.sound]
'CanonicalRoots.RootHypersurfacePresentation.weights_common_divisor_eq_one' depends on axioms: [propext,
 Classical.choice,
 Quot.sound]
'CanonicalRoots.RootHypersurfacePresentation.weights_gcd_eq_one' depends on axioms: [propext,
 Classical.choice,
 Quot.sound]
'CanonicalRoots.weightedComponent_mul_homogeneous' depends on axioms: [propext, Classical.choice, Quot.sound]
'CanonicalRoots.weightedPiece_finite' depends on axioms: [propext, Classical.choice, Quot.sound]
'CanonicalRoots.weightedQuotientMap' depends on axioms: [propext, Classical.choice, Quot.sound]
'CanonicalRoots.weightedQuotientMap_surjective' depends on axioms: [propext, Classical.choice, Quot.sound]
'CanonicalRoots.presentedPiece_finite' depends on axioms: [propext, Classical.choice, Quot.sound]
'CanonicalRoots.weightedMultiply' depends on axioms: [propext, Classical.choice, Quot.sound]
'CanonicalRoots.weightedMultiply_injective' depends on axioms: [propext, Classical.choice, Quot.sound]
'CanonicalRoots.weightedQuotientMap_ker' depends on axioms: [propext, Classical.choice, Quot.sound]
'CanonicalRoots.weightedQuotientMap_injective_below' depends on axioms: [propext, Classical.choice, Quot.sound]
'CanonicalRoots.presentedPiece_finrank_add' depends on axioms: [propext, Classical.choice, Quot.sound]
'CanonicalRoots.WeightedExponentIndex' depends on axioms: [propext, Classical.choice, Quot.sound]
'CanonicalRoots.weightedPolynomialPieceBasis' depends on axioms: [propext, Classical.choice, Quot.sound]
'CanonicalRoots.weightedPolynomialPiece_finrank' depends on axioms: [propext, Classical.choice, Quot.sound]
'CanonicalRoots.weightedAntidiagonal' depends on axioms: [propext, Classical.choice, Quot.sound]
'CanonicalRoots.mem_weightedAntidiagonal' depends on axioms: [propext, Classical.choice, Quot.sound]
'CanonicalRoots.weightedExponentEquivAntidiagonal' depends on axioms: [propext, Classical.choice, Quot.sound]
'CanonicalRoots.weightedPolynomialHilbertSeries' depends on axioms: [propext, Classical.choice, Quot.sound]
'CanonicalRoots.weightedGeometricSeries' depends on axioms: [propext, Classical.choice, Quot.sound]
'CanonicalRoots.weightedGeometricSeries_coeff' depends on axioms: [propext, Classical.choice, Quot.sound]
'CanonicalRoots.weightedPolynomialHilbertSeries_eq_geometric' depends on axioms: [propext, Classical.choice, Quot.sound]
'CanonicalRoots.weightedPolynomialHilbertSeries_mul_denominator' depends on axioms: [propext,
 Classical.choice,
 Quot.sound]
'CanonicalRoots.presentedHilbertSeries' depends on axioms: [propext, Classical.choice, Quot.sound]
'CanonicalRoots.presentedHilbertSeries_eq' depends on axioms: [propext, Classical.choice, Quot.sound]
'CanonicalRoots.presentedHilbertSeries_mul_denominator' depends on axioms: [propext, Classical.choice, Quot.sound]
'CanonicalRoots.GradedAlgEquiv.pieceEquiv' depends on axioms: [propext, Classical.choice, Quot.sound]
'CanonicalRoots.RootHypersurfacePresentation.hilbertSeries_eq' depends on axioms: [propext,
 Classical.choice,
 Quot.sound]
'CanonicalRoots.RootHypersurfacePresentation.hilbertSeries_mul_denominator' depends on axioms: [propext,
 Classical.choice,
 Quot.sound]
'CanonicalRoots.rootBoxPolynomial' depends on axioms: [propext, Classical.choice, Quot.sound]
'CanonicalRoots.rootBoxPolynomial_coe' depends on axioms: [propext, Classical.choice, Quot.sound]
'CanonicalRoots.rootBoxPolynomial_coeff_zero' depends on axioms: [propext, Classical.choice, Quot.sound]
'CanonicalRoots.rootBoxPolynomial_coeff_top_eq_coeff_zero' depends on axioms: [propext, Classical.choice, Quot.sound]
'CanonicalRoots.rootBoxPolynomial_ne_zero' depends on axioms: [propext, Classical.choice, Quot.sound]
'CanonicalRoots.rootBoxPolynomial_natDegree' depends on axioms: [propext, Classical.choice, Quot.sound]
'CanonicalRoots.one_sub_X_pow_ne_zero' depends on axioms: [propext, Classical.choice, Quot.sound]
'CanonicalRoots.one_sub_X_pow_natDegree' depends on axioms: [propext, Classical.choice, Quot.sound]
'CanonicalRoots.weightedDenominator_ne_zero' depends on axioms: [propext, Classical.choice, Quot.sound]
'CanonicalRoots.weightedDenominator_natDegree' depends on axioms: [propext, Classical.choice, Quot.sound]
'CanonicalRoots.RootHypersurfacePresentation.hilbert_polynomial_identity' depends on axioms: [propext,
 Classical.choice,
 Quot.sound]
'CanonicalRoots.RootHypersurfacePresentation.relationDegree_eq_add_sum_weights_of_denominator' depends on axioms: [propext,
 Classical.choice,
 Quot.sound]
'CanonicalRoots.geometricPolynomial' depends on axioms: [propext, Classical.choice, Quot.sound]
'CanonicalRoots.one_sub_X_pow_factor' depends on axioms: [propext, Classical.choice, Quot.sound]
'CanonicalRoots.geometricPolynomial_eval_one' depends on axioms: [propext, Classical.choice, Quot.sound]
'CanonicalRoots.rootBoxPolynomial_eval_one' depends on axioms: [propext, Classical.choice, Quot.sound]
'CanonicalRoots.weightedDenominator_factor' depends on axioms: [propext, Classical.choice, Quot.sound]
'CanonicalRoots.RootHypersurfacePresentation.box_card_mul_weights' depends on axioms: [propext,
 Classical.choice,
 Quot.sound]
'CanonicalRoots.Target.relationDegree_eq_add_sum_weights' depends on axioms: [propext, Classical.choice, Quot.sound]
'CanonicalRoots.Target.weights_gcd_eq_one' depends on axioms: [propext, Classical.choice, Quot.sound]
'CanonicalRoots.RootHypersurfacePresentation.relationDegree_eq_add_sum_weights' depends on axioms: [propext,
 Classical.choice,
 Quot.sound]
'CanonicalRoots.boxCoordinatesEquiv' depends on axioms: [propext, Classical.choice, Quot.sound]
'CanonicalRoots.boxDegree_coordinates' depends on axioms: [propext, Classical.choice, Quot.sound]
'CanonicalRoots.box_integer_root_nonnegative' depends on axioms: [propext, Classical.choice, Quot.sound]
'CanonicalRoots.box_mem_root_iff_integer' depends on axioms: [propext, Classical.choice, Quot.sound]
'CanonicalRoots.sumFiberEquiv' depends on axioms: [propext, Classical.choice, Quot.sound]
'CanonicalRoots.boundedResidueEquiv' depends on axioms: [propext, Quot.sound]
'CanonicalRoots.BoundedSumFiber' depends on axioms: [propext, Classical.choice, Quot.sound]
'CanonicalRoots.boundedSumFiberEquiv' depends on axioms: [propext, Classical.choice, Quot.sound]
'CanonicalRoots.boundedSumFiber_card' depends on axioms: [propext, Classical.choice, Quot.sound]
'CanonicalRoots.rootResidueVector' depends on axioms: [propext, Classical.choice, Quot.sound]
'CanonicalRoots.rootResidueVector_cast' depends on axioms: [propext, Classical.choice, Quot.sound]
'CanonicalRoots.rootCarry_residue_mod' depends on axioms: [propext, Classical.choice, Quot.sound]
'CanonicalRoots.rootResidueVector_injective' depends on axioms: [propext, Classical.choice, Quot.sound]
'CanonicalRoots.RootBoxParameters' depends on axioms: [propext, Classical.choice, Quot.sound]
'CanonicalRoots.rootBoxParameterMap' depends on axioms: [propext, Classical.choice, Quot.sound]
'CanonicalRoots.rootBoxParameterMap_coordinates' depends on axioms: [propext, Classical.choice, Quot.sound]
'CanonicalRoots.rootBoxParameterMap_injective' depends on axioms: [propext, Classical.choice, Quot.sound]
'CanonicalRoots.rootBoxParameterMap_surjective' depends on axioms: [propext, Classical.choice, Quot.sound]
'CanonicalRoots.rootBoxParametersEquiv' depends on axioms: [propext, Classical.choice, Quot.sound]
'CanonicalRoots.rootBoxParameters_card' depends on axioms: [propext, Classical.choice, Quot.sound]
'CanonicalRoots.rootBox_card' depends on axioms: [propext, Classical.choice, Quot.sound]
'CanonicalRoots.canonicalRootBox_card' depends on axioms: [propext, Classical.choice, Quot.sound]
'CanonicalRoots.canonicalRoot_finrank' depends on axioms: [propext, Classical.choice, Quot.sound]
'CanonicalRoots.canonicalRootScale_eq_lcm_mul_degree' depends on axioms: [propext, Classical.choice, Quot.sound]
'CanonicalRoots.root_rationalDegree_eq' depends on axioms: [propext, Classical.choice, Quot.sound]
'CanonicalRoots.RootHypersurfacePresentation.relationDegree_div_prod_weights' depends on axioms: [propext,
 Classical.choice,
 Quot.sound]
'CanonicalRoots.RootHypersurfacePresentation.relationDegree_div_prod_weights_explicit' depends on axioms: [propext,
 Classical.choice,
 Quot.sound]
'CanonicalRoots.Target.relationDegree_div_prod_weights' depends on axioms: [propext, Classical.choice, Quot.sound]
'CanonicalRoots.Target.numerical_identities' depends on axioms: [propext, Classical.choice, Quot.sound]
'CanonicalRoots.integral_prime_comap_strictMono' depends on axioms: [propext, Classical.choice, Quot.sound]
'CanonicalRoots.integral_ringKrullDim_le' depends on axioms: [propext, Classical.choice, Quot.sound]
'CanonicalRoots.integral_ringKrullDim_eq' depends on axioms: [propext, Classical.choice, Quot.sound]
'CanonicalRoots.canonicalRoot_integral' depends on axioms: [propext, Classical.choice, Quot.sound]
'CanonicalRoots.canonicalRoot_krullDim' depends on axioms: [propext, Classical.choice, Quot.sound]
'CanonicalRoots.Target.root_krullDim' depends on axioms: [propext, Classical.choice, Quot.sound]
'CanonicalRoots.rootDegreeQuotientMap' depends on axioms: [propext, Classical.choice, Quot.sound]
'CanonicalRoots.rootDegreeQuotientMap_tau' depends on axioms: [propext, Classical.choice, Quot.sound]
'CanonicalRoots.rootDegreeQuotientMap_normal_mod' depends on axioms: [propext, Classical.choice, Quot.sound]
'CanonicalRoots.rootDegreeQuotient_finite_of_denominator' depends on axioms: [propext, Classical.choice, Quot.sound]
'CanonicalRoots.canonicalRootDegreeQuotient_finite' depends on axioms: [propext, Classical.choice, Quot.sound]
'CanonicalRoots.canonicalRootCharacters_finite' depends on axioms: [propext, Classical.choice, Quot.sound]
'CanonicalRoots.rootCharacters_separate' depends on axioms: [propext, Classical.choice, Quot.sound]
'CanonicalRoots.rootCharacters_trivial_iff' depends on axioms: [propext, Classical.choice, Quot.sound]
'CanonicalRoots.liesOver_maximal_iff_map_le' depends on axioms: [propext, Classical.choice, Quot.sound]
'CanonicalRoots.radical_map_eq_iInf_primesOver' depends on axioms: [propext, Classical.choice, Quot.sound]
'CanonicalRoots.root_primesOver_finite' depends on axioms: [propext, Classical.choice, Quot.sound]
'CanonicalRoots.root_primesOver_maximal' depends on axioms: [propext, Classical.choice, Quot.sound]
'CanonicalRoots.root_fiber_radical_power' depends on axioms: [propext, Classical.choice, Quot.sound]
'CanonicalRoots.adicRefinementQuotient' depends on axioms: [propext, Classical.choice, Quot.sound]
'CanonicalRoots.adicRefinementQuotient_transition' depends on axioms: [propext, Classical.choice, Quot.sound]
'CanonicalRoots.adicRefinement' depends on axioms: [propext, Classical.choice, Quot.sound]
'CanonicalRoots.adicRefinement_val' depends on axioms: [propext, Classical.choice, Quot.sound]
'CanonicalRoots.adicRefinement_self' depends on axioms: [propext, Classical.choice, Quot.sound]
'CanonicalRoots.adicRefinement_comp' depends on axioms: [propext, Classical.choice, Quot.sound]
'CanonicalRoots.adicCofinalEquiv' depends on axioms: [propext, Classical.choice, Quot.sound]
'CanonicalRoots.adicRadicalEquiv' depends on axioms: [propext, Classical.choice, Quot.sound]
'CanonicalRoots.finite_coprime_iInf_eq_prod' depends on axioms: [propext, Classical.choice, Quot.sound]
'CanonicalRoots.finite_coprime_iInf_pow' depends on axioms: [propext, Classical.choice, Quot.sound]
'CanonicalRoots.adicChineseQuotientEquiv' depends on axioms: [propext, Classical.choice, Quot.sound]
'CanonicalRoots.adicChineseQuotientEquiv_transition' depends on axioms: [propext, Classical.choice, Quot.sound]
'CanonicalRoots.adicChineseRemainderEquiv' depends on axioms: [propext, Classical.choice, Quot.sound]
'CanonicalRoots.adicIdealCongr' depends on axioms: [propext, Classical.choice, Quot.sound]
'CanonicalRoots.finiteFiberCompletionEquiv' depends on axioms: [propext, Classical.choice, Quot.sound]
'CanonicalRoots.finiteFiberLocalCompletionEquiv' depends on axioms: [propext, Classical.choice, Quot.sound]
'CanonicalRoots.rootFiberLocalCompletionEquiv' depends on axioms: [propext, Classical.choice, Quot.sound]
'CanonicalRoots.adicIdealQuotientMap' depends on axioms: [propext, Classical.choice, Quot.sound]
'CanonicalRoots.adicIdealMap' depends on axioms: [propext, Classical.choice, Quot.sound]
'CanonicalRoots.adicIdealMap_val' depends on axioms: [propext, Classical.choice, Quot.sound]
'CanonicalRoots.adicIdealMap_id' depends on axioms: [propext, Classical.choice, Quot.sound]
'CanonicalRoots.adicIdealMap_comp' depends on axioms: [propext, Classical.choice, Quot.sound]
'CanonicalRoots.adicIdealEquiv' depends on axioms: [propext, Classical.choice, Quot.sound]
'CanonicalRoots.cofinalChinese_apply' depends on axioms: [propext, Classical.choice, Quot.sound]
'CanonicalRoots.finiteFiberProjection' depends on axioms: [propext, Classical.choice, Quot.sound]
'CanonicalRoots.finiteFiberCompletionEquiv_apply' depends on axioms: [propext, Classical.choice, Quot.sound]
'CanonicalRoots.fiberPrimeEquiv' depends on axioms: [propext, Quot.sound]
'CanonicalRoots.fiberCompletionTransport' depends on axioms: [propext, Classical.choice, Quot.sound]
'CanonicalRoots.finiteFiberProjection_equivariant' depends on axioms: [propext, Classical.choice, Quot.sound]
'CanonicalRoots.finiteFiberCompletionEquiv_equivariant' depends on axioms: [propext, Classical.choice, Quot.sound]
'CanonicalRoots.finiteFiberProjection_equivariant_fixed' depends on axioms: [propext, Classical.choice, Quot.sound]
'CanonicalRoots.ambientRootAlgEquiv' depends on axioms: [propext, Classical.choice, Quot.sound]
'CanonicalRoots.ambientRootAlgEquiv_toAlgHom' depends on axioms: [propext, Classical.choice, Quot.sound]
'CanonicalRoots.rootFiberPrime_transitive' depends on axioms: [propext, Classical.choice, Quot.sound]
'CanonicalRoots.rootCompletedFixed_projection_injective' depends on axioms: [propext, Classical.choice, Quot.sound]
'CanonicalRoots.automorphism_orbit_sum_fixed' depends on axioms: [propext, Classical.choice, Quot.sound]
'CanonicalRoots.exists_fixed_of_supported_lift' depends on axioms: [propext, Classical.choice, Quot.sound]
'CanonicalRoots.augmentation_map_kernel_iff' depends on axioms: [propext, Classical.choice, Quot.sound]
'CanonicalRoots.rootFiberPoint' depends on axioms: [propext, Classical.choice, Quot.sound]
'CanonicalRoots.rootFiberPoint_stabilizer_iff' depends on axioms: [propext, Classical.choice, Quot.sound]
'CanonicalRoots.rootPointStabilizer_map_kernel' depends on axioms: [propext, Classical.choice, Quot.sound]
'CanonicalRoots.pointCompletedCharacterHom' depends on axioms: [propext, Classical.choice, Quot.sound]
'CanonicalRoots.rootPointCompletedProjection' depends on axioms: [propext, Classical.choice, Quot.sound]
'CanonicalRoots.rootPointCompletedProjection_equivariant' depends on axioms: [propext, Classical.choice, Quot.sound]
'CanonicalRoots.pointCompletedFixed' depends on axioms: [propext, Classical.choice, Quot.sound]
'CanonicalRoots.rootCompletedFixedToPoint' depends on axioms: [propext, Classical.choice, Quot.sound]
'CanonicalRoots.root_point_supported_lift' depends on axioms: [propext, Classical.choice, Quot.sound]
'CanonicalRoots.rootCompletedFixedToPoint_surjective' depends on axioms: [propext, Classical.choice, Quot.sound]
'CanonicalRoots.rootCompletedFixedToPoint_injective' depends on axioms: [propext, Classical.choice, Quot.sound]
'CanonicalRoots.rootCompletedFixedPointEquiv' depends on axioms: [propext, Classical.choice, Quot.sound]
'CanonicalRoots.rootPointCompletedInvariantEquiv' depends on axioms: [propext, Classical.choice, Quot.sound]
'CanonicalRoots.localCompletionEquiv_natural' depends on axioms: [propext, Classical.choice, Quot.sound]
'CanonicalRoots.pointCompletedLocalCharacterHom' depends on axioms: [propext, Classical.choice, Quot.sound]
'CanonicalRoots.pointCompleted_local_conjugate' depends on axioms: [propext, Classical.choice, Quot.sound]
'CanonicalRoots.pointCompletedLocalFixed' depends on axioms: [propext, Classical.choice, Quot.sound]
'CanonicalRoots.pointCompletedFixedLocalEquiv' depends on axioms: [propext, Classical.choice, Quot.sound]
'CanonicalRoots.rootLocalPointCompletedInvariantEquiv' depends on axioms: [propext, Classical.choice, Quot.sound]
'CanonicalRoots.adicIdealMap_congr' depends on axioms: [propext, Classical.choice, Quot.sound]
'CanonicalRoots.adicIdealMonoidHom' depends on axioms: [propext, Classical.choice, Quot.sound]
'CanonicalRoots.adicIdealAutomorphism' depends on axioms: [propext, Classical.choice, Quot.sound]
'CanonicalRoots.adicIdealAction' depends on axioms: [propext, Classical.choice, Quot.sound]
'CanonicalRoots.pointCompletedLocalCharacterAction' depends on axioms: [propext, Classical.choice, Quot.sound]
'CanonicalRoots.pointCompletedLocalCharacterAction_apply' depends on axioms: [propext, Classical.choice, Quot.sound]
'CanonicalRoots.mem_pointCompletedLocalFixed_iff' depends on axioms: [propext, Classical.choice, Quot.sound]
'CanonicalRoots.localCompletion_embeddingDim_equiv' depends on axioms: [propext, Classical.choice, Quot.sound]
'CanonicalRoots.pointCompletedLocalFixed_isLocalRing' depends on axioms: [propext, Classical.choice, Quot.sound]
'CanonicalRoots.rootPointCompleted_embeddingDim' depends on axioms: [propext, Classical.choice, Quot.sound]
'CanonicalRoots.rootPointLocal_krullDim_le' depends on axioms: [propext, Classical.choice, Quot.sound]
'CanonicalRoots.formallyUnramified_comp_injective_of_surjective' depends on axioms: [propext,
 Classical.choice,
 Quot.sound]
'CanonicalRoots.ideal_power_transition_ker_sq' depends on axioms: [propext, Classical.choice, Quot.sound]
'CanonicalRoots.formallyUnramified_power_comp_injective' depends on axioms: [propext, Classical.choice, Quot.sound]
'CanonicalRoots.adic_factor_evalOne' depends on axioms: [propext, Classical.choice, Quot.sound]
'CanonicalRoots.formallyUnramified_adicCompletion_comp_injective' depends on axioms: [propext,
 Classical.choice,
 Quot.sound]
'CanonicalRoots.formallyEtale_adicCompletion_comp_bijective' depends on axioms: [propext, Classical.choice, Quot.sound]
'CanonicalRoots.augmentationCompleted_isLocalRing' depends on axioms: [propext, Classical.choice, Quot.sound]
'CanonicalRoots.augmentationCompleted_maximalIdeal' depends on axioms: [propext, Classical.choice, Quot.sound]
'CanonicalRoots.completed_power_branch_exists' depends on axioms: [propext, Classical.choice, Quot.sound]
'CanonicalRoots.completed_power_branch_unique' depends on axioms: [propext, Classical.choice, Quot.sound]
'CanonicalRoots.fermatTailPoint' depends on axioms: [propext, Classical.choice, Quot.sound]
'CanonicalRoots.FermatTailCompletion' depends on axioms: [propext, Classical.choice, Quot.sound]
'CanonicalRoots.fermat_tail_branch_exists' depends on axioms: [propext, Classical.choice, Quot.sound]
'CanonicalRoots.fermatCompletedBranch' depends on axioms: [propext, Classical.choice, Quot.sound]
'CanonicalRoots.fermatCompletedBranch_equation' depends on axioms: [propext, Classical.choice, Quot.sound]
'CanonicalRoots.fermatCompletedBranch_residue' depends on axioms: [propext, Classical.choice, Quot.sound]
'CanonicalRoots.fermatCompletedCoordinates' depends on axioms: [propext, Classical.choice, Quot.sound]
'CanonicalRoots.fermatCompletedCoordinates_relation' depends on axioms: [propext, Classical.choice, Quot.sound]
'CanonicalRoots.fermatFormalChart' depends on axioms: [propext, Classical.choice, Quot.sound]
'CanonicalRoots.fermatFormalChart_X_zero' depends on axioms: [propext, Classical.choice, Quot.sound]
'CanonicalRoots.fermatFormalChart_X_succ' depends on axioms: [propext, Classical.choice, Quot.sound]
'CanonicalRoots.fermatTailCompletedResidue' depends on axioms: [propext, Classical.choice, Quot.sound]
'CanonicalRoots.fermatTailCompletedResidue_algebraMap' depends on axioms: [propext, Classical.choice, Quot.sound]
'CanonicalRoots.fermatTailCompletedResidue_ker' depends on axioms: [propext, Classical.choice, Quot.sound]
'CanonicalRoots.fermatTailCompletedResidue_branch' depends on axioms: [propext, Classical.choice, Quot.sound]
'CanonicalRoots.fermatFormalChart_residue' depends on axioms: [propext, Classical.choice, Quot.sound]
'CanonicalRoots.fermatFormalChart_map_pointIdeal' depends on axioms: [propext, Classical.choice, Quot.sound]
'CanonicalRoots.adicIdealMap_algebraMap' depends on axioms: [propext, Classical.choice, Quot.sound]
'CanonicalRoots.adicIdealMap_map_ideal' depends on axioms: [propext, Classical.choice, Quot.sound]
'CanonicalRoots.adicCompleteLift' depends on axioms: [propext, Classical.choice, Quot.sound]
'CanonicalRoots.adicCompleteLift_algebraMap' depends on axioms: [propext, Classical.choice, Quot.sound]
'CanonicalRoots.adicCompleteLift_map_ideal' depends on axioms: [propext, Classical.choice, Quot.sound]
'CanonicalRoots.adicCompletion_approx' depends on axioms: [propext, Classical.choice, Quot.sound]
'CanonicalRoots.adicCompletion_algHom_ext' depends on axioms: [propext, Classical.choice, Quot.sound]
'CanonicalRoots.FermatPointCompletion' depends on axioms: [propext, Classical.choice, Quot.sound]
'CanonicalRoots.fermatTailInclusion' depends on axioms: [propext, Classical.choice, Quot.sound]
'CanonicalRoots.fermatPoint_comp_tail' depends on axioms: [propext, Classical.choice, Quot.sound]
'CanonicalRoots.fermatTailInclusion_map_pointIdeal' depends on axioms: [propext, Classical.choice, Quot.sound]
'CanonicalRoots.fermatTailCompletedInclusion' depends on axioms: [propext, Classical.choice, Quot.sound]
'CanonicalRoots.fermatTailCompletedInclusion_algebraMap' depends on axioms: [propext, Classical.choice, Quot.sound]
'CanonicalRoots.fermatTailCompletedInclusion_map_pointIdeal' depends on axioms: [propext, Classical.choice, Quot.sound]
'CanonicalRoots.fermatCompletedChart' depends on axioms: [propext, Classical.choice, Quot.sound]
'CanonicalRoots.fermatCompletedChart_algebraMap' depends on axioms: [propext, Classical.choice, Quot.sound]
'CanonicalRoots.fermatCompletedChart_map_pointIdeal' depends on axioms: [propext, Classical.choice, Quot.sound]
'CanonicalRoots.fermatTailInclusion_relation' depends on axioms: [propext, Classical.choice, Quot.sound]
'CanonicalRoots.fermatTailCompletedInclusion_branch' depends on axioms: [propext, Classical.choice, Quot.sound]
'CanonicalRoots.fermatTailCompletedInclusion_chart' depends on axioms: [propext, Classical.choice, Quot.sound]
'CanonicalRoots.fermatCompletedChart_tail_algebraMap' depends on axioms: [propext, Classical.choice, Quot.sound]
'CanonicalRoots.fermatCompletedChart_comp_tail' depends on axioms: [propext, Classical.choice, Quot.sound]
'CanonicalRoots.fermatTailCompletedInclusion_comp_chart' depends on axioms: [propext, Classical.choice, Quot.sound]
'CanonicalRoots.fermatCompletedChartEquiv' depends on axioms: [propext, Classical.choice, Quot.sound]
'CanonicalRoots.fermatCompletedChartEquiv_algebraMap' depends on axioms: [propext, Classical.choice, Quot.sound]
'CanonicalRoots.fermatCompletedChartEquiv_symm_algebraMap' depends on axioms: [propext, Classical.choice, Quot.sound]
'CanonicalRoots.fermatLocalCompletedChartEquiv' depends on axioms: [propext, Classical.choice, Quot.sound]
'CanonicalRoots.adicIdealMap_square' depends on axioms: [propext, Classical.choice, Quot.sound]
'CanonicalRoots.fermatTailCharacterHom' depends on axioms: [propext, Classical.choice, Quot.sound]
'CanonicalRoots.fermatTailCharacterHom_X' depends on axioms: [propext, Classical.choice, Quot.sound]
'CanonicalRoots.fermatTailCharacterHom_one' depends on axioms: [propext, Classical.choice, Quot.sound]
'CanonicalRoots.fermatTailCharacterHom_mul' depends on axioms: [propext, Classical.choice, Quot.sound]
'CanonicalRoots.fermatTailCharacterEquiv' depends on axioms: [propext, Classical.choice, Quot.sound]
'CanonicalRoots.fermatTailCharacterAction' depends on axioms: [propext, Classical.choice, Quot.sound]
'CanonicalRoots.fermatTailInclusion_equivariant' depends on axioms: [propext, Classical.choice, Quot.sound]
'CanonicalRoots.fermatTailPoint_stabilized' depends on axioms: [propext, Classical.choice, Quot.sound]
'CanonicalRoots.fermatTailCharacter_map_pointIdeal' depends on axioms: [propext, Classical.choice, Quot.sound]
'CanonicalRoots.fermatTailCompletedCharacterAction' depends on axioms: [propext, Classical.choice, Quot.sound]
'CanonicalRoots.fermatPointCompletedCharacterAction' depends on axioms: [propext, Classical.choice, Quot.sound]
'CanonicalRoots.fermatPointCompletedCharacterAction_apply' depends on axioms: [propext, Classical.choice, Quot.sound]
'CanonicalRoots.fermatTailCompletedInclusion_equivariant' depends on axioms: [propext, Classical.choice, Quot.sound]
'CanonicalRoots.fermatCompletedChartEquiv_equivariant' depends on axioms: [propext, Classical.choice, Quot.sound]
'CanonicalRoots.fermatTailCompletedFixed' depends on axioms: [propext, Classical.choice, Quot.sound]
'CanonicalRoots.fermatPointFixedChartEquiv' depends on axioms: [propext, Classical.choice, Quot.sound]
'CanonicalRoots.rootFermatCompletedInvariantChartEquiv' depends on axioms: [propext, Classical.choice, Quot.sound]
'CanonicalRoots.fermatTailCompletedFixed_isLocalRing' depends on axioms: [propext, Classical.choice, Quot.sound]
'CanonicalRoots.rootFermatChart_embeddingDim' depends on axioms: [propext, Classical.choice, Quot.sound]
'CanonicalRoots.polynomialPoint' depends on axioms: [propext, Classical.choice, Quot.sound]
'CanonicalRoots.polynomialPointTranslation' depends on axioms: [propext, Classical.choice, Quot.sound]
'CanonicalRoots.polynomialPointTranslation_X' depends on axioms: [propext, Classical.choice, Quot.sound]
'CanonicalRoots.polynomialPointTranslation_symm_X' depends on axioms: [propext, Classical.choice, Quot.sound]
'CanonicalRoots.polynomialPointTranslation_origin' depends on axioms: [propext, Classical.choice, Quot.sound]
'CanonicalRoots.polynomialOriginIdeal_eq_pointKer' depends on axioms: [propext, Classical.choice, Quot.sound]
'CanonicalRoots.polynomialPointTranslation_map_pointIdeal' depends on axioms: [propext, Classical.choice, Quot.sound]
'CanonicalRoots.polynomialPointCompletionEquiv' depends on axioms: [propext, Classical.choice, Quot.sound]
'CanonicalRoots.polynomialPointCompletionEquiv_algebraMap' depends on axioms: [propext, Classical.choice, Quot.sound]
'CanonicalRoots.adicCompletion_algHom_ext_of_base' depends on axioms: [propext, Classical.choice, Quot.sound]
'CanonicalRoots.polynomialDiagonalHom' depends on axioms: [propext, Classical.choice, Quot.sound]
'CanonicalRoots.polynomialDiagonalHom_X' depends on axioms: [propext, Classical.choice, Quot.sound]
'CanonicalRoots.polynomialDiagonalHom_powerSeries' depends on axioms: [propext, Classical.choice, Quot.sound]
'CanonicalRoots.polynomialPoint_diagonal' depends on axioms: [propext, Classical.choice, Quot.sound]
'CanonicalRoots.polynomialDiagonal_map_pointIdeal' depends on axioms: [propext, Classical.choice, Quot.sound]
'CanonicalRoots.polynomialPointTranslation_diagonal' depends on axioms: [propext, Classical.choice, Quot.sound]
'CanonicalRoots.powerSeriesOriginIdeal' depends on axioms: [propext, Classical.choice, Quot.sound]
'CanonicalRoots.polynomialOriginIdeal_map_powerSeries' depends on axioms: [propext, Classical.choice, Quot.sound]
'CanonicalRoots.polynomialPointCompletionEquiv_algebraMap_mem' depends on axioms: [propext,
 Classical.choice,
 Quot.sound]
'CanonicalRoots.polynomialCompletedDiagonal' depends on axioms: [propext, Classical.choice, Quot.sound]
'CanonicalRoots.polynomialPointCompletionEquiv_diagonal' depends on axioms: [propext, Classical.choice, Quot.sound]
'CanonicalRoots.powerSeriesDiagonalFixed' depends on axioms: [propext, Classical.choice, Quot.sound]
'CanonicalRoots.mem_powerSeriesDiagonalFixed_iff' depends on axioms: [propext, Classical.choice, Quot.sound]
'CanonicalRoots.monomial_mem_powerSeriesDiagonalFixed' depends on axioms: [propext, Classical.choice, Quot.sound]
'CanonicalRoots.powerSeriesDiagonalOrigin' depends on axioms: [propext, Classical.choice, Quot.sound]
'CanonicalRoots.powerSeriesDiagonalOrigin_apply' depends on axioms: [propext, Classical.choice, Quot.sound]
'CanonicalRoots.fermatTailPowerSeriesEquiv' depends on axioms: [propext, Classical.choice, Quot.sound]
'CanonicalRoots.fermatTailWeights' depends on axioms: [propext, Classical.choice, Quot.sound]
'CanonicalRoots.fermatTailWeights_fix_point' depends on axioms: [propext, Classical.choice, Quot.sound]
'CanonicalRoots.fermatTailPowerSeriesEquiv_equivariant' depends on axioms: [propext, Classical.choice, Quot.sound]
'CanonicalRoots.fermatTailFixedPowerSeriesEquiv' depends on axioms: [propext, Classical.choice, Quot.sound]
'CanonicalRoots.rootFermatPowerSeriesInvariantEquiv' depends on axioms: [propext, Classical.choice, Quot.sound]
'CanonicalRoots.fermatPowerSeriesFixed_isLocalRing' depends on axioms: [propext, Classical.choice, Quot.sound]
'CanonicalRoots.rootFermatPowerSeries_embeddingDim' depends on axioms: [propext, Classical.choice, Quot.sound]
'CanonicalRoots.DiagonalInvariantExponent' depends on axioms: [propext, Classical.choice, Quot.sound]
'CanonicalRoots.DiagonalIndecomposableExponent' depends on axioms: [propext, Classical.choice, Quot.sound]
'CanonicalRoots.powerSeriesDiagonalOriginIdeal' depends on axioms: [propext, Classical.choice, Quot.sound]
'CanonicalRoots.diagonalOriginCoefficient' depends on axioms: [propext, Classical.choice, Quot.sound]
'CanonicalRoots.diagonalOriginCoefficient_apply' depends on axioms: [propext, Classical.choice, Quot.sound]
'CanonicalRoots.diagonalOriginCoefficient_mul' depends on axioms: [propext, Classical.choice, Quot.sound]
'CanonicalRoots.diagonalCotangentCoefficient' depends on axioms: [propext, Classical.choice, Quot.sound]
'CanonicalRoots.diagonalCotangentMonomial' depends on axioms: [propext, Classical.choice, Quot.sound]
'CanonicalRoots.diagonalCotangentCoefficient_monomial' depends on axioms: [propext, Classical.choice, Quot.sound]
'CanonicalRoots.diagonalCotangentMonomials_linearIndependent' depends on axioms: [propext, Classical.choice, Quot.sound]
'CanonicalRoots.cyclicFormalWeights' depends on axioms: [propext, Classical.choice, Quot.sound]
'CanonicalRoots.cyclicFormalWeights_prod' depends on axioms: [propext, Classical.choice, Quot.sound]
'CanonicalRoots.cyclicFormalInvariantExponent_iff' depends on axioms: [propext, Classical.choice, Quot.sound]
'CanonicalRoots.cyclicFormalIndecomposable_left' depends on axioms: [propext, Classical.choice, Quot.sound]
'CanonicalRoots.cyclicFormalInvariantExponent_swap' depends on axioms: [propext, Classical.choice, Quot.sound]
'CanonicalRoots.cyclicFormalIndecomposable_right' depends on axioms: [propext, Classical.choice, Quot.sound]
'CanonicalRoots.cyclicFormalIndecomposable_mixed' depends on axioms: [propext, Classical.choice, Quot.sound]
'CanonicalRoots.cyclicFormalIndecomposable_extra' depends on axioms: [propext, Classical.choice, Quot.sound]
'CanonicalRoots.augmentationKer_eq_maximalIdeal' depends on axioms: [propext, Classical.choice, Quot.sound]
'CanonicalRoots.augmentationResidueEquiv' depends on axioms: [propext, Classical.choice, Quot.sound]
'CanonicalRoots.augmentationCotangent_finrank_of_local' depends on axioms: [propext, Classical.choice, Quot.sound]
'CanonicalRoots.augmentationCotangent_finite_of_local_fg' depends on axioms: [propext, Classical.choice, Quot.sound]
'CanonicalRoots.localCompletion_maximalIdeal_fg_equiv' depends on axioms: [propext, Classical.choice, Quot.sound]
'CanonicalRoots.rootFormal_maximalIdeal_fg' depends on axioms: [propext, Classical.choice, Quot.sound]
'CanonicalRoots.rootFormal_cotangent_finite' depends on axioms: [propext, Classical.choice, Quot.sound]
'CanonicalRoots.rootFormal_cotangent_finrank' depends on axioms: [propext, Classical.choice, Quot.sound]
'CanonicalRoots.rootPointLocal_cotangent_ge_of_monomials' depends on axioms: [propext, Classical.choice, Quot.sound]
'CanonicalRoots.cyclicGeneratorExponent' depends on axioms: [propext, Classical.choice, Quot.sound]
'CanonicalRoots.cyclicMixed_ne_single' depends on axioms: [propext, Classical.choice, Quot.sound]
'CanonicalRoots.cyclicGeneratorExponent_injective' depends on axioms: [propext, Classical.choice, Quot.sound]
'CanonicalRoots.cyclicGeneratorExponent_indecomposable' depends on axioms: [propext, Classical.choice, Quot.sound]
'CanonicalRoots.cyclicFormalCotangent_independent' depends on axioms: [propext, Classical.choice, Quot.sound]
'CanonicalRoots.fermatTwoCoordinateStabilizerEquiv' depends on axioms: [propext, Classical.choice, Quot.sound]
'CanonicalRoots.fermatTailWeights_eq_cyclic' depends on axioms: [propext, Classical.choice, Quot.sound]
'CanonicalRoots.fermatInvariantExponent_iff_cyclic' depends on axioms: [propext, Classical.choice, Quot.sound]
'CanonicalRoots.fermatIndecomposableExponent_iff_cyclic' depends on axioms: [propext, Classical.choice, Quot.sound]
'CanonicalRoots.rootTwoCoordinate_cotangent_lowerBound' depends on axioms: [propext, Classical.choice, Quot.sound]
'CanonicalRoots.rootTwoCoordinate_not_regular' depends on axioms: [propext, Classical.choice, Quot.sound]
'CanonicalRoots.rootTwoCoordinate_nonorigin_nonregular' depends on axioms: [propext, Classical.choice, Quot.sound]
'CanonicalRoots.fermatPoint_coordinates_relation' depends on axioms: [propext, Classical.choice, Quot.sound]
'CanonicalRoots.fermatPoint_of_coordinates' depends on axioms: [propext, Classical.choice, Quot.sound]
'CanonicalRoots.root_nonregular_point_exists_of_tail_gcd' depends on axioms: [propext, Classical.choice, Quot.sound]
'CanonicalRoots.polynomialPointCotangentEquiv' depends on axioms: [propext, Classical.choice, Quot.sound]
'CanonicalRoots.polynomialPointCotangent_finrank' depends on axioms: [propext, Classical.choice, Quot.sound]
'CanonicalRoots.pointDerivative' depends on axioms: [propext, Classical.choice, Quot.sound]
'CanonicalRoots.pointDerivative_mul' depends on axioms: [propext, Classical.choice, Quot.sound]
'CanonicalRoots.pointCotangentDerivative' depends on axioms: [propext, Classical.choice, Quot.sound]
'CanonicalRoots.pointCotangent_ne_zero_of_derivative' depends on axioms: [propext, Classical.choice, Quot.sound]
'CanonicalRoots.cotangent_finrank_lt_of_derivative' depends on axioms: [propext, Classical.choice, Quot.sound]
'CanonicalRoots.rootOriginPoint_eq_zero_of_positive_piece' depends on axioms: [propext, Classical.choice, Quot.sound]
'CanonicalRoots.RootHypersurfacePresentation.polynomialMap' depends on axioms: [propext, Classical.choice, Quot.sound]
'CanonicalRoots.RootHypersurfacePresentation.polynomialMap_surjective' depends on axioms: [propext,
 Classical.choice,
 Quot.sound]
'CanonicalRoots.RootHypersurfacePresentation.polynomialMap_relation' depends on axioms: [propext,
 Classical.choice,
 Quot.sound]
'CanonicalRoots.RootHypersurfacePresentation.polynomialMap_origin' depends on axioms: [propext,
 Classical.choice,
 Quot.sound]
'CanonicalRoots.RootHypersurfacePresentation.nonorigin_cotangent_lt' depends on axioms: [propext,
 Classical.choice,
 Quot.sound]
'CanonicalRoots.RootHypersurfacePresentation.nonorigin_local_cotangent_lt' depends on axioms: [propext,
 Classical.choice,
 Quot.sound]
'CanonicalRoots.RootHypersurfacePresentation.tail_pairwise_coprime' depends on axioms: [propext,
 Classical.choice,
 Quot.sound]
'CanonicalRoots.Target.tail_pairwise_coprime' depends on axioms: [propext, Classical.choice, Quot.sound]
'CanonicalRoots.freeDegreeEvaluation' depends on axioms: [propext, Classical.choice, Quot.sound]
'CanonicalRoots.degreeLift' depends on axioms: [propext, Classical.choice, Quot.sound]
'CanonicalRoots.degree_generators_span' depends on axioms: [propext, Classical.choice, Quot.sound]
'CanonicalRoots.degreeHom_ext' depends on axioms: [propext, Classical.choice, Quot.sound]
'CanonicalRoots.freeDegreeEvaluation_c' depends on axioms: [propext, Classical.choice, Quot.sound]
'CanonicalRoots.freeDegreeEvaluation_x' depends on axioms: [propext, Classical.choice, Quot.sound]
'CanonicalRoots.degreeLift_c' depends on axioms: [propext, Classical.choice, Quot.sound]
'CanonicalRoots.degreeLift_x' depends on axioms: [propext, Classical.choice, Quot.sound]
'CanonicalRoots.degreeReindex' depends on axioms: [propext, Classical.choice, Quot.sound]
'CanonicalRoots.admissibleSignature_reindex' depends on axioms: [propext, Classical.choice, Quot.sound]
'CanonicalRoots.canonicalRoot_reindex' depends on axioms: [propext, Classical.choice, Quot.sound]
'CanonicalRoots.degreeReindex_c' depends on axioms: [propext, Classical.choice, Quot.sound]
'CanonicalRoots.degreeReindex_x' depends on axioms: [propext, Classical.choice, Quot.sound]
'CanonicalRoots.degreeReindex_omega' depends on axioms: [propext, Classical.choice, Quot.sound]
'CanonicalRoots.rename_fermat_reindex' depends on axioms: [propext, Classical.choice, Quot.sound]
'CanonicalRoots.ambientReindex' depends on axioms: [propext, Classical.choice, Quot.sound]
'CanonicalRoots.degreeReindex_weight' depends on axioms: [propext, Classical.choice, Quot.sound]
'CanonicalRoots.homogeneous_reindex_iff' depends on axioms: [propext, Classical.choice, Quot.sound]
'CanonicalRoots.ambientPiece_reindex_iff' depends on axioms: [propext, Classical.choice, Quot.sound]
'CanonicalRoots.ambientReindex_quotient' depends on axioms: [propext, Classical.choice, Quot.sound]
'CanonicalRoots.rootModule_reindex_mem' depends on axioms: [propext, Classical.choice, Quot.sound]
'CanonicalRoots.rootModule_reindex_symm_mem' depends on axioms: [propext, Classical.choice, Quot.sound]
'CanonicalRoots.rootReindexEquiv' depends on axioms: [propext, Classical.choice, Quot.sound]
'CanonicalRoots.rootReindexEquiv_preserves' depends on axioms: [propext, Classical.choice, Quot.sound]
'CanonicalRoots.rootReindex' depends on axioms: [propext, Classical.choice, Quot.sound]
'CanonicalRoots.rootReindex_preserves' depends on axioms: [propext, Classical.choice, Quot.sound]
'CanonicalRoots.RootHypersurfacePresentation.reindex' depends on axioms: [propext, Classical.choice, Quot.sound]
'CanonicalRoots.Target.reindex' depends on axioms: [propext, Classical.choice, Quot.sound]
'CanonicalRoots.RootHypersurfacePresentation.pairwise_coprime' depends on axioms: [propext,
 Classical.choice,
 Quot.sound]
'CanonicalRoots.Target.pairwise_coprime' depends on axioms: [propext, Classical.choice, Quot.sound]
'CanonicalRoots.signatureLcm_eq_product' depends on axioms: [propext, Classical.choice, Quot.sound]
'CanonicalRoots.productDegree' depends on axioms: [propext, Classical.choice, Quot.sound]
'CanonicalRoots.productDegree_c' depends on axioms: [propext, Classical.choice, Quot.sound]
'CanonicalRoots.productDegree_x' depends on axioms: [propext, Classical.choice, Quot.sound]
'CanonicalRoots.productDegree_omega' depends on axioms: [propext, Classical.choice, Quot.sound]
'CanonicalRoots.productDegree_eq_zero' depends on axioms: [propext, Classical.choice, Quot.sound]
'CanonicalRoots.productDegree_injective' depends on axioms: [propext, Classical.choice, Quot.sound]
'CanonicalRoots.productDegree_one_exists' depends on axioms: [propext, Classical.choice, Quot.sound]
'CanonicalRoots.productDegree_surjective' depends on axioms: [propext, Classical.choice, Quot.sound]
'CanonicalRoots.coprimeDegreeEquiv' depends on axioms: [propext, Classical.choice, Quot.sound]
'CanonicalRoots.coprimePrimitiveDegree' depends on axioms: [propext, Classical.choice, Quot.sound]
'CanonicalRoots.productDegree_primitive' depends on axioms: [propext, Classical.choice, Quot.sound]
'CanonicalRoots.degree_eq_multiple_primitive' depends on axioms: [propext, Classical.choice, Quot.sound]
'CanonicalRoots.xDegree_eq_multiple_primitive' depends on axioms: [propext, Classical.choice, Quot.sound]
'CanonicalRoots.signatureIndex_eq_productDegree' depends on axioms: [propext, Classical.choice, Quot.sound]
'CanonicalRoots.productDegree_canonicalRoot' depends on axioms: [propext, Classical.choice, Quot.sound]
'CanonicalRoots.signatureIndex_coprime_coordinate' depends on axioms: [propext, Classical.choice, Quot.sound]
'CanonicalRoots.canonicalRootScale_coprime_coordinate' depends on axioms: [propext, Classical.choice, Quot.sound]
'CanonicalRoots.canonicalRootScale_coprime_weight' depends on axioms: [propext, Classical.choice, Quot.sound]
'CanonicalRoots.canonicalRoot_eq_multiple_primitive' depends on axioms: [propext, Classical.choice, Quot.sound]
'CanonicalRoots.productDegree_monomial' depends on axioms: [propext, Classical.choice, Quot.sound]
'CanonicalRoots.monomial_root_degree_iff' depends on axioms: [propext, Classical.choice, Quot.sound]
'CanonicalRoots.pure_power_root_degree_iff' depends on axioms: [propext, Classical.choice, Quot.sound]
'CanonicalRoots.augmentationKer_map_equiv' depends on axioms: [propext, Classical.choice, Quot.sound]
'CanonicalRoots.augmentationCotangentEquiv' depends on axioms: [propext, Classical.choice, Quot.sound]
'CanonicalRoots.RootHypersurfacePresentation.origin_preserved' depends on axioms: [propext,
 Classical.choice,
 Quot.sound]
'CanonicalRoots.RootHypersurfacePresentation.rootOriginCotangentEquiv' depends on axioms: [propext,
 Classical.choice,
 Quot.sound]
'CanonicalRoots.RootHypersurfacePresentation.rootOriginCotangent_finrank' depends on axioms: [propext,
 Classical.choice,
 Quot.sound]
'CanonicalRoots.augmentationProjection' depends on axioms: [propext, Classical.choice, Quot.sound]
'CanonicalRoots.augmentationProjection_apply' depends on axioms: [propext, Classical.choice, Quot.sound]
'CanonicalRoots.augmentationProjection_surjective' depends on axioms: [propext, Classical.choice, Quot.sound]
'CanonicalRoots.augmentationCotangentProjection' depends on axioms: [propext, Classical.choice, Quot.sound]
'CanonicalRoots.augmentationCotangentProjection_surjective' depends on axioms: [propext, Classical.choice, Quot.sound]
'CanonicalRoots.augmentationCotangentBasisImage_span' depends on axioms: [propext, Classical.choice, Quot.sound]
'CanonicalRoots.rootMonomialExponent' depends on axioms: [propext, Classical.choice, Quot.sound]
'CanonicalRoots.rootMonomialBasis_eq_one_of_exponent_zero' depends on axioms: [propext, Classical.choice, Quot.sound]
'CanonicalRoots.rootMonomialBasis_origin_of_exponent_ne_zero' depends on axioms: [propext, Classical.choice, Quot.sound]
'CanonicalRoots.rootMonomial_nonzero_cotangent_exponent' depends on axioms: [propext, Classical.choice, Quot.sound]
'CanonicalRoots.finite_basis_selected_from_spanning' depends on axioms: [propext, Classical.choice, Quot.sound]
'CanonicalRoots.rootMonomialCotangent' depends on axioms: [propext, Classical.choice, Quot.sound]
'CanonicalRoots.rootMonomialCotangent_eq_projection' depends on axioms: [propext, Classical.choice, Quot.sound]
'CanonicalRoots.RootHypersurfacePresentation.exists_monomial_cotangent_basis' depends on axioms: [propext,
 Classical.choice,
 Quot.sound]
'CanonicalRoots.graded_projection_mul_mem' depends on axioms: [propext, Classical.choice, Quot.sound]
'CanonicalRoots.graded_adjoin_eq_top_of_cotangent_span' depends on axioms: [propext, Classical.choice, Quot.sound]
'CanonicalRoots.rootPiece_zero_eq_scalar' depends on axioms: [propext, Classical.choice, Quot.sound]
'CanonicalRoots.rootGradedProjection_zero' depends on axioms: [propext, Classical.choice, Quot.sound]
'CanonicalRoots.rootMonomialDegree' depends on axioms: [propext, Classical.choice, Quot.sound]
'CanonicalRoots.rootMonomialDegree_spec' depends on axioms: [propext, Classical.choice, Quot.sound]
'CanonicalRoots.rootMonomialBasis_homogeneous' depends on axioms: [propext, Classical.choice, Quot.sound]
'CanonicalRoots.rootMonomialDegree_pos' depends on axioms: [propext, Classical.choice, Quot.sound]
'CanonicalRoots.RootHypersurfacePresentation.exists_monomial_generators' depends on axioms: [propext,
 Classical.choice,
 Quot.sound]
'CanonicalRoots.rootPoint_eq_iff_character' depends on axioms: [propext, Classical.choice, Quot.sound]
'CanonicalRoots.rootPoint_eq_powers_proportional' depends on axioms: [propext, Classical.choice, Quot.sound]
'CanonicalRoots.complex_coprime_power_lift' depends on axioms: [propext, Classical.choice, Quot.sound]
'CanonicalRoots.fourCoordinatePowerFiber_exists' depends on axioms: [propext, Classical.choice, Quot.sound]
'CanonicalRoots.coprimeRootPurePower' depends on axioms: [propext, Classical.choice, Quot.sound]
'CanonicalRoots.coprimeRootPurePower_val' depends on axioms: [propext, Classical.choice, Quot.sound]
'CanonicalRoots.coprimeRootPurePower_point' depends on axioms: [propext, Classical.choice, Quot.sound]
'CanonicalRoots.higher_scale_eq_one_of_pure_power_generation' depends on axioms: [propext, Classical.choice, Quot.sound]
'CanonicalRoots.rootMonomialBasis_point' depends on axioms: [propext, Classical.choice, Quot.sound]
'CanonicalRoots.twoActiveCoordinates_fermat' depends on axioms: [propext, Classical.choice, Quot.sound]
'CanonicalRoots.root_monomial_generators_pair_support' depends on axioms: [propext, Classical.choice, Quot.sound]
'CanonicalRoots.singleton_supports_of_pair_cover' depends on axioms: [propext, Classical.choice, Quot.sound]
'CanonicalRoots.rootMonomial_singleton_mem_pure_adjoin' depends on axioms: [propext, Classical.choice, Quot.sound]
'CanonicalRoots.RootHypersurfacePresentation.pure_power_generation' depends on axioms: [propext,
 Classical.choice,
 Quot.sound]
'CanonicalRoots.RootHypersurfacePresentation.higher_scale_eq_one' depends on axioms: [propext,
 Classical.choice,
 Quot.sound]
'CanonicalRoots.RootHypersurfacePresentation.higher_product_defect' depends on axioms: [propext,
 Classical.choice,
 Quot.sound]
'CanonicalRoots.RootHypersurfacePresentation.higher_root_eq_top' depends on axioms: [propext,
 Classical.choice,
 Quot.sound]
'CanonicalRoots.higher_root_hypersurface_iff' depends on axioms: [propext, Classical.choice, Quot.sound]
'CanonicalRoots.Target.higher_product_defect' depends on axioms: [propext, Classical.choice, Quot.sound]
'CanonicalRoots.higher_signature_target_iff' depends on axioms: [propext, Classical.choice, Quot.sound]
'CanonicalRoots.intProduct_ofFn' depends on axioms: [propext, Classical.choice, Quot.sound]
'CanonicalRoots.productWeights_zero' depends on axioms: [propext, Classical.choice, Quot.sound]
'CanonicalRoots.productWeights_succ' depends on axioms: [propext, Classical.choice, Quot.sound]
'CanonicalRoots.cofactorSum_ofFn' depends on axioms: [propext, Classical.choice, Quot.sound]
'CanonicalRoots.list_ofFn_pairwise_coprime_iff' depends on axioms: [propext, Quot.sound]
'CanonicalRoots.enumerateHigherCandidates_ofFn_iff' depends on axioms: [propext, Classical.choice, Quot.sound]
'CanonicalRoots.GradedAlgEquiv.symm' depends on axioms: [propext, Classical.choice, Quot.sound]
'CanonicalRoots.GradedAlgEquiv.trans' depends on axioms: [propext, Classical.choice, Quot.sound]
'CanonicalRoots.rootGradedReindex' depends on axioms: [propext, Classical.choice, Quot.sound]
'CanonicalRoots.signature_injective_of_coprime' depends on axioms: [propext, Quot.sound]
'CanonicalRoots.strictMono_signature_sort' depends on axioms: [propext, Classical.choice, Quot.sound]
'CanonicalRoots.higher_sorted_signature_enumerated_iff' depends on axioms: [propext, Classical.choice, Quot.sound]
'CanonicalRoots.enumerateHigherCandidates_target_sound' depends on axioms: [propext, Classical.choice, Quot.sound]
'CanonicalRoots.Target.higher_sorted_signature_enumerated' depends on axioms: [propext, Classical.choice, Quot.sound]
'CanonicalRoots.Target.higher_enumerated_graded_model' depends on axioms: [propext, Classical.choice, Quot.sound]
'CanonicalRoots.presentedOriginCotangentEquiv_mk' depends on axioms: [propext, Classical.choice, Quot.sound]
'CanonicalRoots.presentedOriginCoordinate' depends on axioms: [propext, Classical.choice, Quot.sound]
'CanonicalRoots.presentedOriginCotangentEquiv_coordinate' depends on axioms: [propext, Classical.choice, Quot.sound]
'CanonicalRoots.presentedOriginCoordinate_homogeneous' depends on axioms: [propext, Classical.choice, Quot.sound]
'CanonicalRoots.presentedOriginCotangentEquiv_homogeneous' depends on axioms: [propext, Classical.choice, Quot.sound]
'CanonicalRoots.idealCotangentEquiv' depends on axioms: [propext, Classical.choice, Quot.sound]
'CanonicalRoots.idealCotangentEquiv_mk' depends on axioms: [propext, Classical.choice, Quot.sound]
'CanonicalRoots.presentedAugmentation_eq_zero_of_positive_piece' depends on axioms: [propext,
 Classical.choice,
 Quot.sound]
'CanonicalRoots.presentedGradedEquiv_origin' depends on axioms: [propext, Classical.choice, Quot.sound]
'CanonicalRoots.presentedGradedEquiv_origin_ideal' depends on axioms: [propext, Classical.choice, Quot.sound]
'CanonicalRoots.linearEquiv_coordinate_matching' depends on axioms: [propext, Classical.choice, Quot.sound]
'CanonicalRoots.gradedEquiv_weights_permutation' depends on axioms: [propext, Classical.choice, Quot.sound]
'CanonicalRoots.signature_permutation_of_productWeights' depends on axioms: [propext, Classical.choice, Quot.sound]
'CanonicalRoots.higher_models_gradedEquiv_signature_eq' depends on axioms: [propext, Classical.choice, Quot.sound]
'CanonicalRoots.enumerateHigherCandidates_models_nonisomorphic' depends on axioms: [propext,
 Classical.choice,
 Quot.sound]
'CanonicalRoots.higherSearch_distinct_prefix_disjoint' depends on axioms: [propext, Classical.choice, Quot.sound]
'CanonicalRoots.higherSearch_nodup' depends on axioms: [propext, Classical.choice, Quot.sound]
'CanonicalRoots.enumerateHigherCandidates_nodup' depends on axioms: [propext, Classical.choice, Quot.sound]
'CanonicalRoots.signatureOfList' depends on axioms: [propext, Quot.sound]
'CanonicalRoots.ofFn_signatureOfList' depends on axioms: [propext, Quot.sound]
'CanonicalRoots.higherCandidateSignature' depends on axioms: [propext, Classical.choice, Quot.sound]
'CanonicalRoots.ofFn_higherCandidateSignature' depends on axioms: [propext, Classical.choice, Quot.sound]
'CanonicalRoots.higher_candidates_pairwise_nonisomorphic' depends on axioms: [propext, Classical.choice, Quot.sound]
'CanonicalRoots.higher_candidates_sound' depends on axioms: [propext, Classical.choice, Quot.sound]
'CanonicalRoots.Target.higher_candidates_complete_unique' depends on axioms: [propext, Classical.choice, Quot.sound]
'CanonicalRoots.multipleSum' depends on axioms: [propext, Classical.choice, Quot.sound]
'CanonicalRoots.multipleSum_sub' depends on axioms: [propext, Classical.choice, Quot.sound]
'CanonicalRoots.finsupp_eq_of_multipleSum' depends on axioms: [propext, Classical.choice, Quot.sound]
'CanonicalRoots.signatureMultiplicity' depends on axioms: [propext, Classical.choice, Quot.sound]
'CanonicalRoots.signatureMultiplicity_apply' depends on axioms: [propext, Classical.choice, Quot.sound]
'CanonicalRoots.signatureDivisorProfile' depends on axioms: [propext, Classical.choice, Quot.sound]
'CanonicalRoots.signatureDivisorProfile_eq_sum' depends on axioms: [propext, Classical.choice, Quot.sound]
'CanonicalRoots.signature_eq_of_divisorProfile' depends on axioms: [propext, Classical.choice, Quot.sound]
'CanonicalRoots.weighted_geometric_sum_mul' depends on axioms: [propext, Classical.choice, Quot.sound]
'CanonicalRoots.weighted_root_of_unity_sum' depends on axioms: [propext, Classical.choice, Quot.sound]
'CanonicalRoots.nontrivial_coprime_root_power' depends on axioms: [propext, Classical.choice, Quot.sound]
'CanonicalRoots.residueMultiplicationEquiv' depends on axioms: [propext]
'CanonicalRoots.residue_root_power' depends on axioms: [propext, Classical.choice, Quot.sound]
'CanonicalRoots.residue_weighted_root_sum' depends on axioms: [propext, Classical.choice, Quot.sound]
'CanonicalRoots.normalHilbertCoefficient_two' depends on axioms: [propext, Classical.choice, Quot.sound]
'CanonicalRoots.ternary_root_hilbert_eventual_formula' depends on axioms: [propext, Classical.choice, Quot.sound]
'CanonicalRoots.ternary_actual_root_hilbert_tail' depends on axioms: [propext, Classical.choice, Quot.sound]
'CanonicalRoots.negativeIndexResidue' does not depend on any axioms
'CanonicalRoots.negativeIndexResidue_cast' depends on axioms: [propext]
'CanonicalRoots.canonical_residue_inverse_mod' depends on axioms: [propext, Classical.choice, Quot.sound]
'CanonicalRoots.root_of_unity_negative_index_power' depends on axioms: [propext, Classical.choice, Quot.sound]
'CanonicalRoots.canonical_residue_fourier' depends on axioms: [propext, Classical.choice, Quot.sound]
'CanonicalRoots.canonical_residue_fourier_denominator_ne_zero' depends on axioms: [propext,
 Classical.choice,
 Quot.sound]
'CanonicalRoots.canonicalRoot_coordinate_fourier' depends on axioms: [propext, Classical.choice, Quot.sound]
'CanonicalRoots.periodic_fourier_block' depends on axioms: [propext, Classical.choice, Quot.sound]
'CanonicalRoots.periodic_fourier_vanish' depends on axioms: [propext, Classical.choice, Quot.sound]
'CanonicalRoots.periodic_fourier_repeat' depends on axioms: [propext, Classical.choice, Quot.sound]
'CanonicalRoots.residueFraction' depends on axioms: [propext, Classical.choice, Quot.sound]
'CanonicalRoots.residueFraction_periodic' depends on axioms: [propext, Classical.choice, Quot.sound]
'CanonicalRoots.canonical_residue_common_period' depends on axioms: [propext, Classical.choice, Quot.sound]
'CanonicalRoots.canonical_residue_divisible_period' depends on axioms: [propext, Classical.choice, Quot.sound]
'CanonicalRoots.canonicalRoot_periodic_fourier' depends on axioms: [propext, Classical.choice, Quot.sound]
'CanonicalRoots.linear_periodic_tail_unique' depends on axioms: [propext, Classical.choice, Quot.sound]
'CanonicalRoots.rootResidueSum' depends on axioms: [propext, Classical.choice, Quot.sound]
'CanonicalRoots.rootResidueSum_periodic' depends on axioms: [propext, Classical.choice, Quot.sound]
'CanonicalRoots.ternary_hilbert_periodic_part_eq' depends on axioms: [propext, Classical.choice, Quot.sound]
'CanonicalRoots.signatureDivisorProfile_ofFn' depends on axioms: [propext, Classical.choice, Quot.sound]
'CanonicalRoots.signatureDivisorProfile_ofFn_complex' depends on axioms: [propext, Classical.choice, Quot.sound]
'CanonicalRoots.canonicalRoot_periodic_signature_profile' depends on axioms: [propext, Classical.choice, Quot.sound]
'CanonicalRoots.rootResidueSum_complex' depends on axioms: [propext, Classical.choice, Quot.sound]
'CanonicalRoots.root_periodic_signature_recovery' depends on axioms: [propext, Classical.choice, Quot.sound]
'CanonicalRoots.ternary_root_hilbert_signature_eq' depends on axioms: [propext, Classical.choice, Quot.sound]
'CanonicalRoots.ternary_root_gradedEquiv_signature_eq' depends on axioms: [propext, Classical.choice, Quot.sound]
'CanonicalRoots.signature_permutation_of_multiset_eq' depends on axioms: [propext, Classical.choice, Quot.sound]
'CanonicalRoots.root_gradedEquiv_of_signature_multiset_eq' depends on axioms: [propext, Classical.choice, Quot.sound]
'CanonicalRoots.ternary_root_gradedEquiv_iff_signature' depends on axioms: [propext, Classical.choice, Quot.sound]
'CanonicalRoots.Target.hilbertSeries_eq_of_weights_permutation' depends on axioms: [propext,
 Classical.choice,
 Quot.sound]
'CanonicalRoots.Target.ternary_gradedEquiv_iff_weights' depends on axioms: [propext, Classical.choice, Quot.sound]
'CanonicalRoots.exists_pure_coefficient_of_axis_eval_ne_zero' depends on axioms: [propext, Classical.choice, Quot.sound]
'CanonicalRoots.isolated_axis_coefficient' depends on axioms: [propext, Classical.choice, Quot.sound]
'CanonicalRoots.axisSupportExponent' depends on axioms: [propext, Classical.choice, Quot.sound]
'CanonicalRoots.isolated_positive_defect_axis_support' depends on axioms: [propext, Classical.choice, Quot.sound]
'CanonicalRoots.threeAxisPattern' depends on axioms: [propext]
'CanonicalRoots.threeCoordinatePermutation' depends on axioms: [propext, Classical.choice, Quot.sound]
'CanonicalRoots.three_axis_map_seven_cases' depends on axioms: [propext, Classical.choice, Quot.sound]
'CanonicalRoots.isolated_ternary_seven_axis_patterns' depends on axioms: [propext, Classical.choice, Quot.sound]
'CanonicalRoots.ternaryLineSlice' depends on axioms: [propext, Classical.choice, Quot.sound]
'CanonicalRoots.ternaryLineSlice_eval' depends on axioms: [propext, Classical.choice, Quot.sound]
'CanonicalRoots.ternaryLineSlice_coeff' depends on axioms: [propext, Classical.choice, Quot.sound]
'CanonicalRoots.weighted_ternary_has_nonzero_plane_zero' depends on axioms: [propext, Classical.choice, Quot.sound]
'CanonicalRoots.homogeneous_of_X_mul' depends on axioms: [propext, Classical.choice, Quot.sound]
'CanonicalRoots.eval_pderiv_X_mul_eq_zero' depends on axioms: [propext, Classical.choice, Quot.sound]
'CanonicalRoots.isolated_ternary_not_X_one_dvd' depends on axioms: [propext, Classical.choice, Quot.sound]
'CanonicalRoots.weightedHomogeneous_rename_perm' depends on axioms: [propext, Classical.choice, Quot.sound]
'CanonicalRoots.noConstantOrLinear_rename_perm' depends on axioms: [propext, Classical.choice, Quot.sound]
'CanonicalRoots.isolated_rename_perm' depends on axioms: [propext, Classical.choice, Quot.sound]
'CanonicalRoots.isolated_ternary_not_X_dvd' depends on axioms: [propext, Classical.choice, Quot.sound]
'CanonicalRoots.exists_plane_coefficient_of_not_X_dvd' depends on axioms: [propext, Classical.choice, Quot.sound]
'CanonicalRoots.isolated_ternary_plane_coefficient' depends on axioms: [propext, Classical.choice, Quot.sound]
'CanonicalRoots.isolated_ternary_pair_gcd_dvd' depends on axioms: [propext, Classical.choice, Quot.sound]
'CanonicalRoots.three_branched_add_loop_reduces' depends on axioms: [propext, Classical.choice, Quot.sound]
'CanonicalRoots.branched_axis_support_add_pure' depends on axioms: [propext, Classical.choice, Quot.sound]
'CanonicalRoots.pure_coefficient_exponent_ge_two' depends on axioms: [propext, Classical.choice, Quot.sound]
'CanonicalRoots.isolated_ternary_five_or_branched_link' depends on axioms: [propext, Classical.choice, Quot.sound]
'CanonicalRoots.ternary_third_coordinate' depends on axioms: [propext, Quot.sound]
'CanonicalRoots.ternary_sum_of_distinct' depends on axioms: [propext, Classical.choice, Quot.sound]
'CanonicalRoots.primitive_ternary_common_divisor' depends on axioms: [propext, Classical.choice, Quot.sound]
'CanonicalRoots.ternary_pair_gcd_coprime_defect' depends on axioms: [propext, Classical.choice, Quot.sound]
'CanonicalRoots.isolated_ternary_vertex_coprime_defect' depends on axioms: [propext, Classical.choice, Quot.sound]
'CanonicalRoots.Target.ternary_pair_weight_gcd_dvd' depends on axioms: [propext, Classical.choice, Quot.sound]
'CanonicalRoots.Target.ternary_coprime_parameter_pair' depends on axioms: [propext, Classical.choice, Quot.sound]
'CanonicalRoots.Target.ternary_coprime_parameter_vertex' depends on axioms: [propext, Classical.choice, Quot.sound]
'CanonicalRoots.Target.ternary_five_or_branched_link' depends on axioms: [propext, Classical.choice, Quot.sound]
'CanonicalRoots.powerSeries_polynomial_of_eventually_zero' depends on axioms: [propext, Classical.choice, Quot.sound]
'CanonicalRoots.periodicPowerSeries_mul_one_sub' depends on axioms: [propext, Classical.choice, Quot.sound]
'CanonicalRoots.linearPowerSeries_mul_one_sub_sq' depends on axioms: [propext, Classical.choice, Quot.sound]
'CanonicalRoots.eventual_linear_periodic_decomposition' depends on axioms: [propext, Classical.choice, Quot.sound]
'CanonicalRoots.eventual_linear_periodic_numerator' depends on axioms: [propext, Classical.choice, Quot.sound]
'CanonicalRoots.rootComplexHilbertSeries' depends on axioms: [propext, Classical.choice, Quot.sound]
'CanonicalRoots.rootComplexHilbertSeries_eq_map' depends on axioms: [propext, Classical.choice, Quot.sound]
'CanonicalRoots.RootHypersurfacePresentation.complexHilbertSeries_mul_denominator' depends on axioms: [propext,
 Classical.choice,
 Quot.sound]
'CanonicalRoots.ternary_root_pole_numerator' depends on axioms: [propext, Classical.choice, Quot.sound]
'CanonicalRoots.RootHypersurfacePresentation.pole_polynomial_identity' depends on axioms: [propext,
 Classical.choice,
 Quot.sound]
'CanonicalRoots.polynomial_first_jet_identity' depends on axioms: [propext, Classical.choice, Quot.sound]
'CanonicalRoots.polynomial_second_jet_identity' depends on axioms: [propext, Classical.choice, Quot.sound]
'CanonicalRoots.derivative_one_sub_X_pow_scaled' depends on axioms: [propext, Classical.choice, Quot.sound]
'CanonicalRoots.polynomial_three_factor_first_jet' depends on axioms: [propext, Classical.choice, Quot.sound]
'CanonicalRoots.polynomial_three_factor_second_jet' depends on axioms: [propext, Classical.choice, Quot.sound]
'CanonicalRoots.hypersurface_denominator_first_jet' depends on axioms: [propext, Classical.choice, Quot.sound]
'CanonicalRoots.hypersurface_denominator_second_jet' depends on axioms: [propext, Classical.choice, Quot.sound]
'CanonicalRoots.period_denominator_first_jet' depends on axioms: [propext, Classical.choice, Quot.sound]
'CanonicalRoots.hypersurface_simple_weight_pole' depends on axioms: [propext, Classical.choice, Quot.sound]
'CanonicalRoots.hypersurface_pair_weight_pole' depends on axioms: [propext, Classical.choice, Quot.sound]
'CanonicalRoots.RootHypersurfacePresentation.no_weight_pole' depends on axioms: [propext, Classical.choice, Quot.sound]
'CanonicalRoots.RootHypersurfacePresentation.single_weight_pole' depends on axioms: [propext,
 Classical.choice,
 Quot.sound]
'CanonicalRoots.RootHypersurfacePresentation.pair_weight_pole' depends on axioms: [propext,
 Classical.choice,
 Quot.sound]
'CanonicalRoots.rootPoleCoefficient' depends on axioms: [propext, Classical.choice, Quot.sound]
'CanonicalRoots.rootPoleCoefficient_mul_defect' depends on axioms: [propext, Classical.choice, Quot.sound]
'CanonicalRoots.negative_defect_power' depends on axioms: [propext, Classical.choice, Quot.sound]
'CanonicalRoots.root_profile_common_period' depends on axioms: [propext, Classical.choice, Quot.sound]
'CanonicalRoots.Target.ternary_profile_no_weight' depends on axioms: [propext, Classical.choice, Quot.sound]
'CanonicalRoots.Target.ternary_profile_pair_weight' depends on axioms: [propext, Classical.choice, Quot.sound]
'CanonicalRoots.isolated_single_weight_pole_value' depends on axioms: [propext, Classical.choice, Quot.sound]
'CanonicalRoots.Target.ternary_profile_single_weight' depends on axioms: [propext, Classical.choice, Quot.sound]
'CanonicalRoots.multipleSumLinear' depends on axioms: [propext, Classical.choice, Quot.sound]
'CanonicalRoots.multipleSumLinear_apply' depends on axioms: [propext, Classical.choice, Quot.sound]
'CanonicalRoots.multipleSumLinear_single' depends on axioms: [propext, Classical.choice, Quot.sound]
'CanonicalRoots.weightedOrderAtom' depends on axioms: [propext, Classical.choice, Quot.sound]
'CanonicalRoots.weightedOrderAtom_small' depends on axioms: [propext, Classical.choice, Quot.sound]
'CanonicalRoots.multipleSumLinear_weightedOrderAtom' depends on axioms: [propext, Classical.choice, Quot.sound]
'CanonicalRoots.coordinateVertexCoefficient' depends on axioms: [propext, Quot.sound]
'CanonicalRoots.coordinateMultiplicity' depends on axioms: [propext, Classical.choice, Quot.sound]
'CanonicalRoots.coordinateMultiplicity_small' depends on axioms: [propext, Classical.choice, Quot.sound]
'CanonicalRoots.coordinateMultiplicity_profile' depends on axioms: [propext, Classical.choice, Quot.sound]
'CanonicalRoots.coordinateMultiplicity_reindex' depends on axioms: [propext, Classical.choice, Quot.sound]
'CanonicalRoots.coordinateMultiplicity_profile_none' depends on axioms: [propext, Classical.choice, Quot.sound]
'CanonicalRoots.coordinateMultiplicity_profile_single' depends on axioms: [propext, Classical.choice, Quot.sound]
'CanonicalRoots.coordinateMultiplicity_profile_pair' depends on axioms: [propext, Classical.choice, Quot.sound]
'CanonicalRoots.ternary_divisibility_cases' depends on axioms: [propext, Classical.choice, Quot.sound]
'CanonicalRoots.Target.coordinateMultiplicity_eq_signature' depends on axioms: [propext, Classical.choice, Quot.sound]
'CanonicalRoots.orderMassLinear' depends on axioms: [propext, Classical.choice, Quot.sound]
'CanonicalRoots.orderMassLinear_single' depends on axioms: [propext, Classical.choice, Quot.sound]
'CanonicalRoots.orderMassLinear_weightedOrderAtom' depends on axioms: [propext, Classical.choice, Quot.sound]
'CanonicalRoots.signatureMultiplicity_nonneg' depends on axioms: [propext, Classical.choice, Quot.sound]
'CanonicalRoots.signatureMultiplicity_order_mul' depends on axioms: [propext, Classical.choice, Quot.sound]
'CanonicalRoots.signatureMultiplicity_mass' depends on axioms: [propext, Classical.choice, Quot.sound]
'CanonicalRoots.signatureMultiplicity_total_ofFn' depends on axioms: [propext, Classical.choice, Quot.sound]
'CanonicalRoots.coordinateMultiplicity_mass' depends on axioms: [propext, Classical.choice, Quot.sound]
'CanonicalRoots.Target.coordinateMultiplicity_nonneg' depends on axioms: [propext, Classical.choice, Quot.sound]
'CanonicalRoots.Target.coordinateMultiplicity_order_mul' depends on axioms: [propext, Classical.choice, Quot.sound]
'CanonicalRoots.Target.coordinateMultiplicity_mass' depends on axioms: [propext, Classical.choice, Quot.sound]
'CanonicalRoots.Target.coordinateMultiplicity_total' depends on axioms: [propext, Classical.choice, Quot.sound]
'CanonicalRoots.Target.coordinateMultiplicity_defect' depends on axioms: [propext, Classical.choice, Quot.sound]
'CanonicalRoots.half_sum_off_diagonal_three' depends on axioms: [propext, Classical.choice, Quot.sound]
'CanonicalRoots.coordinateMultiplicity_three' depends on axioms: [propext, Classical.choice, Quot.sound]
'CanonicalRoots.primitive_arrow_opposite_coprime' depends on axioms: [propext, Quot.sound]
'CanonicalRoots.branchedOne_coordinateMultiplicity' depends on axioms: [propext, Classical.choice, Quot.sound]
'CanonicalRoots.branched_pair_mass_lower' depends on axioms: [propext, Classical.choice, Quot.sound]
'CanonicalRoots.branchedOne_single_pair_forces_unit' depends on axioms: [propext, Classical.choice, Quot.sound]
'CanonicalRoots.branchedOne_has_pure_vertex' depends on axioms: [propext, Classical.choice, Quot.sound]
'CanonicalRoots.branchedTwo_coordinateMultiplicity' depends on axioms: [propext, Classical.choice, Quot.sound]
'CanonicalRoots.branchedTwo_mass_forces_coprime' depends on axioms: [propext, Classical.choice, Quot.sound]
'CanonicalRoots.branchedTwo_defect_identity' depends on axioms: [propext, Classical.choice, Quot.sound]
'CanonicalRoots.branchedTwo_defect_positive' depends on axioms: [propext, Classical.choice, Quot.sound]
'CanonicalRoots.branchedTwo_has_pure_vertex' depends on axioms: [propext, Classical.choice, Quot.sound]
'CanonicalRoots.axisWeight' does not depend on any axioms
'CanonicalRoots.axisWeight_of_support' depends on axioms: [propext, Classical.choice, Quot.sound]
'CanonicalRoots.pure_weight_exponent' depends on axioms: [propext, Classical.choice, Quot.sound]
'CanonicalRoots.numeric_branched_add_pure' depends on axioms: [propext, Classical.choice, Quot.sound]
'CanonicalRoots.branched_center_pure_forces_outside_pure' depends on axioms: [propext, Classical.choice, Quot.sound]
'CanonicalRoots.branchedTwo_outside_pure_vertex' depends on axioms: [propext, Classical.choice, Quot.sound]
'CanonicalRoots.primitive_ternary_gcd_perm' depends on axioms: [propext, Classical.choice, Quot.sound]
'CanonicalRoots.Target.ternary_permuted_coordinate_constraints' depends on axioms: [propext,
 Classical.choice,
 Quot.sound]
'CanonicalRoots.Target.ternary_five_axis_weights' depends on axioms: [propext, Classical.choice, Quot.sound]
'CanonicalRoots.primitive_weights_integer_scale' depends on axioms: [propext, Classical.choice, Quot.sound]
'CanonicalRoots.Cox.degree_pos' depends on axioms: [propext, Classical.choice, Quot.sound]
'CanonicalRoots.Cox.weights_pos' depends on axioms: [propext, Classical.choice, Quot.sound]
'CanonicalRoots.Cox.weight_proportional' depends on axioms: [propext, Classical.choice, Quot.sound]
'CanonicalRoots.axisKind' depends on axioms: [propext]
'CanonicalRoots.axisKind_homogeneous' depends on axioms: [propext, Classical.choice, Quot.sound]
'CanonicalRoots.Cox.primitive_weight_scale' depends on axioms: [propext, Classical.choice, Quot.sound]
'CanonicalRoots.primitive_weights_comp_perm' depends on axioms: [propext, Classical.choice, Quot.sound]
'CanonicalRoots.Target.ternary_scaled_cox_weights' depends on axioms: [propext, Classical.choice, Quot.sound]
'CanonicalRoots.Target.ternary_branched_pure_vertex' depends on axioms: [propext, Classical.choice, Quot.sound]
'CanonicalRoots.coordinate_vertex_mass' depends on axioms: [propext, Classical.choice, Quot.sound]
'CanonicalRoots.coprime_coordinate_mass_forces_nondiv' depends on axioms: [propext, Classical.choice, Quot.sound]
'CanonicalRoots.cycle_defect_identity' depends on axioms: [propext, Classical.choice, Quot.sound]
'CanonicalRoots.cycle_weight_scale_one' depends on axioms: [propext, Classical.choice, Quot.sound]
'CanonicalRoots.Cox.homogeneous_of_scaled_weights' depends on axioms: [propext, Classical.choice, Quot.sound]
'CanonicalRoots.Target.ternary_cycle_scale_one' depends on axioms: [propext, Classical.choice, Quot.sound]
'CanonicalRoots.numeric_seven_saturated' depends on axioms: [propext, Classical.choice, Quot.sound]
'CanonicalRoots.Target.ternary_five_saturated_weights' depends on axioms: [propext, Classical.choice, Quot.sound]
'CanonicalRoots.scaled_triple_multiplicity_defect' depends on axioms: [propext, Classical.choice, Quot.sound]
'CanonicalRoots.Cox.scaled_signature_defect' depends on axioms: [propext, Classical.choice, Quot.sound]
'CanonicalRoots.two_vertex_mass_recovers_atom' depends on axioms: [propext, Classical.choice, Quot.sound]
'CanonicalRoots.twoCycle_coordinateMultiplicity' depends on axioms: [propext, Classical.choice, Quot.sound]
'CanonicalRoots.chain_coordinateMultiplicity' depends on axioms: [propext, Classical.choice, Quot.sound]
'CanonicalRoots.Cox.defect_of_scaled_weights' depends on axioms: [propext, Classical.choice, Quot.sound]
'CanonicalRoots.Target.ternary_scale_one_of_signature_scale' depends on axioms: [propext, Classical.choice, Quot.sound]
'CanonicalRoots.reciprocal_pair_scale' depends on axioms: [propext, Classical.choice, Quot.sound]
'CanonicalRoots.Target.reciprocal_profile_of_two_vertex_data' depends on axioms: [propext, Classical.choice, Quot.sound]
'CanonicalRoots.Target.ternary_twoCycle_scale_one' depends on axioms: [propext, Classical.choice, Quot.sound]
'CanonicalRoots.Target.ternary_chain_scale_one' depends on axioms: [propext, Classical.choice, Quot.sound]
'CanonicalRoots.Target.ternary_saturated_scaled_cox_weights' depends on axioms: [propext, Classical.choice, Quot.sound]
'CanonicalRoots.oneArrow_coordinateMultiplicity' depends on axioms: [propext, Classical.choice, Quot.sound]
'CanonicalRoots.one_vertex_mass_pair_active' depends on axioms: [propext, Classical.choice, Quot.sound]
'CanonicalRoots.one_vertex_mass_single_pair' depends on axioms: [propext, Classical.choice, Quot.sound]
'CanonicalRoots.Cox.scaled_weight_defect' depends on axioms: [propext, Classical.choice, Quot.sound]
'CanonicalRoots.Target.ternary_scaled_defect_profile' depends on axioms: [propext, Classical.choice, Quot.sound]
'CanonicalRoots.nat_scale_missing_reciprocal' depends on axioms: [propext, Classical.choice, Quot.sound]
'CanonicalRoots.oneArrow_scale_cases' depends on axioms: [propext, Classical.choice, Quot.sound]
'CanonicalRoots.oneArrow_scaled_pair_orders' depends on axioms: [propext, Quot.sound]
'CanonicalRoots.oneArrow_scaled_coordinateMultiplicity' depends on axioms: [propext, Classical.choice, Quot.sound]
'CanonicalRoots.one_vertex_scale_two_pair' depends on axioms: [propext, Classical.choice, Quot.sound]
'CanonicalRoots.one_pair_scale_two_even' depends on axioms: [propext, Classical.choice, Quot.sound]
'CanonicalRoots.Target.ternary_oneArrow_scale_cases' depends on axioms: [propext, Classical.choice, Quot.sound]
'CanonicalRoots.Cox.oneArrow_to_twoCycle' depends on axioms: [propext, Classical.choice, Quot.sound]
'CanonicalRoots.Cox.oneArrow_to_chain' depends on axioms: [propext, Classical.choice, Quot.sound]
'CanonicalRoots.Cox.fermat_to_oneArrow' depends on axioms: [propext, Classical.choice, Quot.sound]
'CanonicalRoots.Cox.fermat_to_twoCycle' depends on axioms: [propext, Classical.choice, Quot.sound]
'CanonicalRoots.Target.ternary_oneArrow_primitive_weights' depends on axioms: [propext, Classical.choice, Quot.sound]
'CanonicalRoots.Cox.fermat_weight_degree' depends on axioms: [propext, Classical.choice, Quot.sound]
'CanonicalRoots.Cox.fermat_degree_reindex' depends on axioms: [propext, Classical.choice, Quot.sound]
'CanonicalRoots.Cox.fermat_weights_reindex' depends on axioms: [propext, Classical.choice, Quot.sound]
'CanonicalRoots.pure_coordinateMultiplicity' depends on axioms: [propext, Classical.choice, Quot.sound]
'CanonicalRoots.fermat_scaled_pair' depends on axioms: [propext, Classical.choice, Quot.sound]
'CanonicalRoots.three_pair_gcd_orientation' depends on axioms: [propext, Classical.choice, Quot.sound]
'CanonicalRoots.scaled_pair_mass' depends on axioms: [propext, Classical.choice, Quot.sound]
'CanonicalRoots.pure_two_pair_scale_cases' depends on axioms: [propext, Classical.choice, Quot.sound]
'CanonicalRoots.pure_single_pair_scale_cases' depends on axioms: [propext, Classical.choice, Quot.sound]
'CanonicalRoots.Target.ternary_fermat_coordinate_data' depends on axioms: [propext, Classical.choice, Quot.sound]
'CanonicalRoots.Target.ternary_cox_defect' depends on axioms: [propext, Classical.choice, Quot.sound]
'CanonicalRoots.Target.ternary_fermat_even_mutation' depends on axioms: [propext, Classical.choice, Quot.sound]
'CanonicalRoots.Target.ternary_fermat_primitive_weights' depends on axioms: [propext, Classical.choice, Quot.sound]
'CanonicalRoots.Target.ternary_primitive_cox_weights' depends on axioms: [propext, Classical.choice, Quot.sound]
'CanonicalRoots.Target.ternary_arithmetic_candidate' depends on axioms: [propext, Classical.choice, Quot.sound]
'CanonicalRoots.Target.ternary_enumerated_weight_candidate' depends on axioms: [propext, Classical.choice, Quot.sound]
'CanonicalRoots.Cox.signature_ge_two' depends on axioms: [propext, Classical.choice, Quot.sound]
'CanonicalRoots.candidateSignature' depends on axioms: [propext]
'CanonicalRoots.candidateSignature_cast' depends on axioms: [propext, Classical.choice, Quot.sound]
'CanonicalRoots.candidateSignature_ge_two' depends on axioms: [propext, Classical.choice, Quot.sound]
'CanonicalRoots.candidateSignature_admissible' depends on axioms: [propext, Classical.choice, Quot.sound]
'CanonicalRoots.primitive_three_bezout' depends on axioms: [propext, Classical.choice, Quot.sound]
'CanonicalRoots.primitive_three_degree_root' depends on axioms: [propext, Classical.choice, Quot.sound]
'CanonicalRoots.candidateMonomialDegree' depends on axioms: [propext, Classical.choice, Quot.sound]
'CanonicalRoots.candidate_monomial_degree_identity' depends on axioms: [propext, Classical.choice, Quot.sound]
'CanonicalRoots.candidate_root_exists_unique' depends on axioms: [propext, Classical.choice, Quot.sound]
'CanonicalRoots.candidate_monomial_degrees' depends on axioms: [propext, Classical.choice, Quot.sound]
'CanonicalRoots.Cox.monomials_nonneg' depends on axioms: [propext, Classical.choice, Quot.sound]
'CanonicalRoots.candidateNatWeights' depends on axioms: [propext]
'CanonicalRoots.candidateMonomialExponent' depends on axioms: [propext, Classical.choice, Quot.sound]
'CanonicalRoots.candidateMonomial' depends on axioms: [propext, Classical.choice, Quot.sound]
'CanonicalRoots.candidateNatWeights_cast' depends on axioms: [propext, Classical.choice, Quot.sound]
'CanonicalRoots.candidateMonomialExponent_cast' depends on axioms: [propext, Classical.choice, Quot.sound]
'CanonicalRoots.candidateMonomialExponent_degree' depends on axioms: [propext, Classical.choice, Quot.sound]
'CanonicalRoots.candidateMonomial_homogeneous' depends on axioms: [propext, Classical.choice, Quot.sound]
'CanonicalRoots.candidateRootGenerator' depends on axioms: [propext, Classical.choice, Quot.sound]
'CanonicalRoots.candidateRootGenerator_homogeneous' depends on axioms: [propext, Classical.choice, Quot.sound]
'CanonicalRoots.candidatePolynomialMap' depends on axioms: [propext, Classical.choice, Quot.sound]
'CanonicalRoots.candidatePolynomialMap_X' depends on axioms: [propext, Classical.choice, Quot.sound]
'CanonicalRoots.Cox.exponents_nonneg' depends on axioms: [propext, Classical.choice, Quot.sound]
'CanonicalRoots.Cox.common_nonneg' depends on axioms: [propext, Classical.choice, Quot.sound]
'CanonicalRoots.candidateRelationExponent' depends on axioms: [propext, Classical.choice, Quot.sound]
'CanonicalRoots.candidateCommonExponent' depends on axioms: [propext, Classical.choice, Quot.sound]
'CanonicalRoots.candidateRelation' depends on axioms: [propext, Classical.choice, Quot.sound]
'CanonicalRoots.candidateRelationExponent_cast' depends on axioms: [propext, Classical.choice, Quot.sound]
'CanonicalRoots.candidateCommonExponent_cast' depends on axioms: [propext, Classical.choice, Quot.sound]
'CanonicalRoots.candidate_exponent_substitution' depends on axioms: [propext, Classical.choice, Quot.sound]
'CanonicalRoots.aeval_monomial_one_matrix' depends on axioms: [propext, Classical.choice, Quot.sound]
'CanonicalRoots.candidate_relation_substitution' depends on axioms: [propext, Classical.choice, Quot.sound]
'CanonicalRoots.candidatePolynomialMap_val' depends on axioms: [propext, Classical.choice, Quot.sound]
'CanonicalRoots.candidatePolynomialMap_relation' depends on axioms: [propext, Classical.choice, Quot.sound]
'CanonicalRoots.candidateQuotientMap' depends on axioms: [propext, Classical.choice, Quot.sound]
'CanonicalRoots.candidateQuotientMap_mk' depends on axioms: [propext, Classical.choice, Quot.sound]
'CanonicalRoots.candidateNatDegree' does not depend on any axioms
'CanonicalRoots.candidateNatDegree_cast' depends on axioms: [propext, Classical.choice, Quot.sound]
'CanonicalRoots.candidateNatWeights_pos' depends on axioms: [propext, Classical.choice, Quot.sound]
'CanonicalRoots.candidateNatDegree_pos' depends on axioms: [propext, Classical.choice, Quot.sound]
'CanonicalRoots.candidateRelation_homogeneous' depends on axioms: [propext, Classical.choice, Quot.sound]
'CanonicalRoots.candidateNatDegree_eq_add_sum_weights' depends on axioms: [propext, Classical.choice, Quot.sound]
'CanonicalRoots.candidateRelation_ne_zero' depends on axioms: [propext, Classical.choice, Quot.sound]
'CanonicalRoots.homogeneous_positive_defect_no_linear' depends on axioms: [propext, Classical.choice, Quot.sound]
'CanonicalRoots.candidateRelation_no_constant_or_linear' depends on axioms: [propext, Classical.choice, Quot.sound]
'CanonicalRoots.coprime_of_pair_products_primitive' depends on axioms: [propext, Quot.sound]
'CanonicalRoots.productWeights_three' depends on axioms: [propext, Classical.choice, Quot.sound]
'CanonicalRoots.fermat_candidate_coprime' depends on axioms: [propext, Classical.choice, Quot.sound]
'CanonicalRoots.candidateRelation_fermat' depends on axioms: [propext, Classical.choice, Quot.sound]
'CanonicalRoots.candidateNatWeights_fermat' depends on axioms: [propext, Classical.choice, Quot.sound]
'CanonicalRoots.fermat_candidate_realization' depends on axioms: [propext, Classical.choice, Quot.sound]
'CanonicalRoots.fermatCandidatePresentation' depends on axioms: [propext, Classical.choice, Quot.sound]
'CanonicalRoots.separatedRelation' depends on axioms: [propext, Classical.choice, Quot.sound]
'CanonicalRoots.finSuccEquiv_separatedRelation' depends on axioms: [propext, Classical.choice, Quot.sound]
'CanonicalRoots.separatedAdjoinEquiv' depends on axioms: [propext, Classical.choice, Quot.sound]
'CanonicalRoots.separatedAdjoinEquiv_mk' depends on axioms: [propext, Classical.choice, Quot.sound]
'CanonicalRoots.separatedPowerBasis' depends on axioms: [propext, Classical.choice, Quot.sound]
'CanonicalRoots.separatedPowerBasis_apply' depends on axioms: [propext, Classical.choice, Quot.sound]
'CanonicalRoots.separatedMonomialBasis' depends on axioms: [propext, Classical.choice, Quot.sound]
'CanonicalRoots.separatedMonomialBasis_apply' depends on axioms: [propext, Classical.choice, Quot.sound]
'CanonicalRoots.boundedMonomialIndexEquiv' depends on axioms: [propext, Classical.choice, Quot.sound]
'CanonicalRoots.boundedExponentRename' depends on axioms: [propext, Classical.choice, Quot.sound]
'CanonicalRoots.separatedBoundedBasis' depends on axioms: [propext, Classical.choice, Quot.sound]
'CanonicalRoots.separatedBoundedBasis_apply' depends on axioms: [propext, Classical.choice, Quot.sound]
'CanonicalRoots.ambientBoundedBasis' depends on axioms: [propext, Classical.choice, Quot.sound]
'CanonicalRoots.ambientBoundedBasis_apply' depends on axioms: [propext, Classical.choice, Quot.sound]
'CanonicalRoots.ambientPermutedBoundedBasis' depends on axioms: [propext, Classical.choice, Quot.sound]
'CanonicalRoots.ambientPermutedBoundedBasis_apply' depends on axioms: [propext, Classical.choice, Quot.sound]
'CanonicalRoots.presentedRenameEquiv' depends on axioms: [propext, Classical.choice, Quot.sound]
'CanonicalRoots.presentedRenameEquiv_mk' depends on axioms: [propext, Classical.choice, Quot.sound]
'CanonicalRoots.separatedPermutedBoundedBasis' depends on axioms: [propext, Classical.choice, Quot.sound]
'CanonicalRoots.separatedPermutedBoundedBasis_apply' depends on axioms: [propext, Classical.choice, Quot.sound]
'CanonicalRoots.monomial_three' depends on axioms: [propext, Classical.choice, Quot.sound]
'CanonicalRoots.candidateRelation_explicit' depends on axioms: [propext, Classical.choice, Quot.sound]
'CanonicalRoots.candidateMonomial_explicit' depends on axioms: [propext, Classical.choice, Quot.sound]
'CanonicalRoots.oneArrow_relation_separated' depends on axioms: [propext, Classical.choice, Quot.sound]
'CanonicalRoots.twoCycle_relation_separated' depends on axioms: [propext, Classical.choice, Quot.sound]
'CanonicalRoots.candidateExponentMap' depends on axioms: [propext, Classical.choice, Quot.sound]
'CanonicalRoots.candidateExponentMap_last' depends on axioms: [propext, Classical.choice, Quot.sound]
'CanonicalRoots.candidateExponentMap_injective' depends on axioms: [propext, Classical.choice, Quot.sound]
'CanonicalRoots.candidateQuotientMap_monomial_val' depends on axioms: [propext, Classical.choice, Quot.sound]
'CanonicalRoots.separatedPermutedMonomials_span' depends on axioms: [propext, Classical.choice, Quot.sound]
'CanonicalRoots.candidateMonicMonomials_span' depends on axioms: [propext, Classical.choice, Quot.sound]
'CanonicalRoots.candidateQuotientMap_injective_of_monic' depends on axioms: [propext, Classical.choice, Quot.sound]
'CanonicalRoots.root_zmod_map_eq_zero' depends on axioms: [propext, Classical.choice, Quot.sound]
'CanonicalRoots.coordinateDifferenceDegrees' depends on axioms: [propext, Quot.sound]
'CanonicalRoots.coordinateDifferenceDegrees_relation' depends on axioms: [propext, Classical.choice, Quot.sound]
'CanonicalRoots.degreeCoordinateDifference' depends on axioms: [propext, Classical.choice, Quot.sound]
'CanonicalRoots.degreeCoordinateDifference_omega' depends on axioms: [propext, Classical.choice, Quot.sound]
'CanonicalRoots.degreeCoordinateDifference_weight' depends on axioms: [propext, Classical.choice, Quot.sound]
'CanonicalRoots.root_monomial_coordinate_congruence' depends on axioms: [propext, Classical.choice, Quot.sound]
'CanonicalRoots.congruence_bounded_decomposition' depends on axioms: [propext, Quot.sound]
'CanonicalRoots.ambientPermutedBoundedBasis_homogeneous' depends on axioms: [propext, Classical.choice, Quot.sound]
'CanonicalRoots.rootModule_le_of_permuted_monomials' depends on axioms: [propext, Classical.choice, Quot.sound]
'CanonicalRoots.rootMap_surjective_of_permuted_monomials' depends on axioms: [propext, Classical.choice, Quot.sound]
'CanonicalRoots.candidateSignature_monic_last' depends on axioms: [propext]
'CanonicalRoots.candidateSignature_monic_middle_dvd' depends on axioms: [propext, Classical.choice, Quot.sound]
'CanonicalRoots.candidate_monic_root_preimage' depends on axioms: [propext, Classical.choice, Quot.sound]
'CanonicalRoots.candidateQuotientMap_surjective_of_monic' depends on axioms: [propext, Classical.choice, Quot.sound]
'CanonicalRoots.candidateMonicAlgEquiv' depends on axioms: [propext, Classical.choice, Quot.sound]
'CanonicalRoots.candidateExponentMap_degree' depends on axioms: [propext, Classical.choice, Quot.sound]
'CanonicalRoots.candidatePolynomialMap_monomial_homogeneous' depends on axioms: [propext, Classical.choice, Quot.sound]
'CanonicalRoots.candidatePolynomialMap_homogeneous' depends on axioms: [propext, Classical.choice, Quot.sound]
'CanonicalRoots.candidatePolynomialMap_projection' depends on axioms: [propext, Classical.choice, Quot.sound]
'CanonicalRoots.candidateQuotientMap_preserves_iff' depends on axioms: [propext, Classical.choice, Quot.sound]
'CanonicalRoots.candidateMonicGradedEquiv' depends on axioms: [propext, Classical.choice, Quot.sound]
'CanonicalRoots.candidate_gradient_terms_zero' depends on axioms: [propext, Classical.choice, Quot.sound]
'CanonicalRoots.candidateRelation_isolated' depends on axioms: [propext, Classical.choice, Quot.sound]
'CanonicalRoots.monicCandidatePresentation' depends on axioms: [propext, Classical.choice, Quot.sound]
'CanonicalRoots.monic_candidate_realization' depends on axioms: [propext, Classical.choice, Quot.sound]
'CanonicalRoots.candidate_root_annihilated' depends on axioms: [propext, Classical.choice, Quot.sound]
'CanonicalRoots.chain_residue_relations' depends on axioms: [propext, Classical.choice, Quot.sound]
'CanonicalRoots.chainDegreeResidue' depends on axioms: [propext, Classical.choice, Quot.sound]
'CanonicalRoots.chainDegreeResidue_monomial' depends on axioms: [propext, Classical.choice, Quot.sound]
'CanonicalRoots.chainDegreeResidue_root' depends on axioms: [propext, Classical.choice, Quot.sound]
'CanonicalRoots.chain_root_monomial_divisibility' depends on axioms: [propext, Classical.choice, Quot.sound]
'CanonicalRoots.chain_bounded_exponents' depends on axioms: [propext, Classical.choice, Quot.sound]
'CanonicalRoots.chain_exponent_cases' depends on axioms: [propext, Classical.choice, Quot.sound]
'CanonicalRoots.chain_signature_nat' depends on axioms: [propext, Classical.choice, Quot.sound]
'CanonicalRoots.chain_extra_generator_relation' depends on axioms: [propext, Classical.choice, Quot.sound]
'CanonicalRoots.chain_extra_generator_image' depends on axioms: [propext, Classical.choice, Quot.sound]
'CanonicalRoots.chain_polynomial_preimage' depends on axioms: [propext, Classical.choice, Quot.sound]
'CanonicalRoots.candidateQuotientMap_surjective_chain' depends on axioms: [propext, Classical.choice, Quot.sound]
'CanonicalRoots.presentedAdjoinEquiv' depends on axioms: [propext, Classical.choice, Quot.sound]
'CanonicalRoots.presentedAdjoinEquiv_mk' depends on axioms: [propext, Classical.choice, Quot.sound]
'CanonicalRoots.monicAdjoinPowerBasis' depends on axioms: [propext, Classical.choice, Quot.sound]
'CanonicalRoots.monicAdjoinPowerBasis_apply' depends on axioms: [propext, Classical.choice, Quot.sound]
'CanonicalRoots.monicQuotientMonomialBasis' depends on axioms: [propext, Classical.choice, Quot.sound]
'CanonicalRoots.monicQuotientMonomialBasis_apply' depends on axioms: [propext, Classical.choice, Quot.sound]
'CanonicalRoots.monicQuotientBoundedBasis' depends on axioms: [propext, Classical.choice, Quot.sound]
'CanonicalRoots.monicQuotientBoundedBasis_apply' depends on axioms: [propext, Classical.choice, Quot.sound]
'CanonicalRoots.monicQuotientMonomials_span' depends on axioms: [propext, Classical.choice, Quot.sound]
'CanonicalRoots.monicQuotientPermutedBoundedBasis' depends on axioms: [propext, Classical.choice, Quot.sound]
'CanonicalRoots.monicQuotientPermutedBoundedBasis_apply' depends on axioms: [propext, Classical.choice, Quot.sound]
'CanonicalRoots.monicQuotientPermutedMonomials_span' depends on axioms: [propext, Classical.choice, Quot.sound]
'CanonicalRoots.chainReverseRelation' depends on axioms: [propext, Classical.choice, Quot.sound]
'CanonicalRoots.chain_relation_reversed' depends on axioms: [propext, Classical.choice, Quot.sound]
'CanonicalRoots.finSuccEquiv_chainReverseRelation' depends on axioms: [propext, Classical.choice, Quot.sound]
'CanonicalRoots.chainReverseRelation_monic' depends on axioms: [propext, Classical.choice, Quot.sound]
'CanonicalRoots.chainReverseRelation_natDegree' depends on axioms: [propext, Classical.choice, Quot.sound]
'CanonicalRoots.candidateChainMonomials_span' depends on axioms: [propext, Classical.choice, Quot.sound]
'CanonicalRoots.linearIndependent_of_distinct_leading_monomials' depends on axioms: [propext,
 Classical.choice,
 Quot.sound]
'CanonicalRoots.chainReductionTail' depends on axioms: [propext, Classical.choice, Quot.sound]
'CanonicalRoots.chainReducedMonomial' depends on axioms: [propext, Classical.choice, Quot.sound]
'CanonicalRoots.chainLeadingExponent' depends on axioms: [propext, Classical.choice, Quot.sound]
'CanonicalRoots.chainReductionTail_degree' depends on axioms: [propext, Classical.choice, Quot.sound]
'CanonicalRoots.chainReductionTail_ne_zero' depends on axioms: [propext, Classical.choice, Quot.sound]
'CanonicalRoots.chainReducedMonomial_ne_zero' depends on axioms: [propext, Classical.choice, Quot.sound]
'CanonicalRoots.chainReducedMonomial_degree' depends on axioms: [propext, Classical.choice, Quot.sound]
'CanonicalRoots.chainLeadingExponent_injective' depends on axioms: [propext, Classical.choice, Quot.sound]
'CanonicalRoots.chainReducedMonomials_linearIndependent' depends on axioms: [propext, Classical.choice, Quot.sound]
'CanonicalRoots.ambientQuotient_ne_zero_of_degreeOf_lt' depends on axioms: [propext, Classical.choice, Quot.sound]
'CanonicalRoots.ambientQuotient_linearIndependent_of_bounded' depends on axioms: [propext, Classical.choice, Quot.sound]
'CanonicalRoots.chainReductionTail_degreeOf_two' depends on axioms: [propext, Classical.choice, Quot.sound]
'CanonicalRoots.chainReducedMonomial_degreeOf_two' depends on axioms: [propext, Classical.choice, Quot.sound]
'CanonicalRoots.chainReducedMonomial_quotient' depends on axioms: [propext, Classical.choice, Quot.sound]
'CanonicalRoots.chainReducedQuotient_linearIndependent' depends on axioms: [propext, Classical.choice, Quot.sound]
'CanonicalRoots.candidateQuotientMap_injective_chain' depends on axioms: [propext, Classical.choice, Quot.sound]
'CanonicalRoots.candidateChainAlgEquiv' depends on axioms: [propext, Classical.choice, Quot.sound]
'CanonicalRoots.candidateChainGradedEquiv' depends on axioms: [propext, Classical.choice, Quot.sound]
'CanonicalRoots.chainCandidatePresentation' depends on axioms: [propext, Classical.choice, Quot.sound]
'CanonicalRoots.chain_candidate_realization' depends on axioms: [propext, Classical.choice, Quot.sound]
'CanonicalRoots.hypersurface_surjection_injective' depends on axioms: [propext, Classical.choice, Quot.sound]
'CanonicalRoots.loop_residue_relations' depends on axioms: [propext, Classical.choice, Quot.sound]
'CanonicalRoots.loopDegreeResidue' depends on axioms: [propext, Classical.choice, Quot.sound]
'CanonicalRoots.loopDegreeResidue_monomial' depends on axioms: [propext, Classical.choice, Quot.sound]
'CanonicalRoots.loopDegreeResidue_root' depends on axioms: [propext, Classical.choice, Quot.sound]
'CanonicalRoots.loop_root_monomial_divisibility' depends on axioms: [propext, Classical.choice, Quot.sound]
'CanonicalRoots.LoopCongruence' does not depend on any axioms
'CanonicalRoots.loop_congruence_rotate' depends on axioms: [propext, Classical.choice, Quot.sound]
'CanonicalRoots.loop_small_box_zero' depends on axioms: [propext, Classical.choice, Quot.sound]
'CanonicalRoots.loop_plane_large' depends on axioms: [propext, Classical.choice, Quot.sound]
'CanonicalRoots.loop_exponent_reduction_cases' depends on axioms: [propext, Classical.choice, Quot.sound]
'CanonicalRoots.monomial_mem_of_factor_induction' depends on axioms: [propext, Classical.choice, Quot.sound]
'CanonicalRoots.ambient_monomial_fermat_relation' depends on axioms: [propext, Classical.choice, Quot.sound]
'CanonicalRoots.fermat_monomial_mem_of_other_terms' depends on axioms: [propext, Classical.choice, Quot.sound]
'CanonicalRoots.fermat_monomial_generation_of_step' depends on axioms: [propext, Classical.choice, Quot.sound]
'CanonicalRoots.loop_signature_nat' depends on axioms: [propext, Classical.choice, Quot.sound]
'CanonicalRoots.loop_signature_thresholds' depends on axioms: [propext, Classical.choice, Quot.sound]
'CanonicalRoots.loop_signature_bounds' depends on axioms: [propext, Classical.choice, Quot.sound]
'CanonicalRoots.loop_exponent_fermat_step' depends on axioms: [propext, Classical.choice, Quot.sound]
'CanonicalRoots.loopExponentResidue' depends on axioms: [propext, Classical.choice, Quot.sound]
'CanonicalRoots.loopExponentResidue_zero_iff' depends on axioms: [propext, Classical.choice, Quot.sound]
'CanonicalRoots.loopExponentResidue_generator' depends on axioms: [propext, Classical.choice, Quot.sound]
'CanonicalRoots.loopExponentResidue_fermat' depends on axioms: [propext, Classical.choice, Quot.sound]
'CanonicalRoots.loop_generator_weight_pos' depends on axioms: [propext, Classical.choice, Quot.sound]
'CanonicalRoots.loop_polynomial_preimage' depends on axioms: [propext, Classical.choice, Quot.sound]
'CanonicalRoots.candidateQuotientMap_surjective_loop' depends on axioms: [propext, Classical.choice, Quot.sound]
'CanonicalRoots.loopReverseRelation' depends on axioms: [propext, Classical.choice, Quot.sound]
'CanonicalRoots.loopSplitPolynomial' depends on axioms: [propext, Classical.choice, Quot.sound]
'CanonicalRoots.loop_relation_reversed' depends on axioms: [propext, Classical.choice, Quot.sound]
'CanonicalRoots.finSuccEquiv_loopReverseRelation' depends on axioms: [propext, Classical.choice, Quot.sound]
'CanonicalRoots.mv_X_not_dvd_other_pow' depends on axioms: [propext, Classical.choice, Quot.sound]
'CanonicalRoots.loopSplitPolynomial_degree' depends on axioms: [propext, Classical.choice, Quot.sound]
'CanonicalRoots.loopSplitPolynomial_leadingCoeff' depends on axioms: [propext, Classical.choice, Quot.sound]
'CanonicalRoots.loopSplitPolynomial_coeff' depends on axioms: [propext, Classical.choice, Quot.sound]
'CanonicalRoots.loopSplitPolynomial_irreducible' depends on axioms: [propext, Classical.choice, Quot.sound]
'CanonicalRoots.loopPresentedRing_isDomain' depends on axioms: [propext, Classical.choice, Quot.sound]
'CanonicalRoots.candidateQuotientMap_injective_loop' depends on axioms: [propext, Classical.choice, Quot.sound]
'CanonicalRoots.candidateLoopAlgEquiv' depends on axioms: [propext, Classical.choice, Quot.sound]
'CanonicalRoots.candidateLoopGradedEquiv' depends on axioms: [propext, Classical.choice, Quot.sound]
'CanonicalRoots.loopCandidatePresentation' depends on axioms: [propext, Classical.choice, Quot.sound]
'CanonicalRoots.loop_candidate_realization' depends on axioms: [propext, Classical.choice, Quot.sound]
'CanonicalRoots.ternary_candidate_realization' depends on axioms: [propext, Classical.choice, Quot.sound]
'CanonicalRoots.candidateTarget' depends on axioms: [propext, Classical.choice, Quot.sound]
'CanonicalRoots.candidateTarget_signature' depends on axioms: [propext, Classical.choice, Quot.sound]
'CanonicalRoots.candidateTarget_weights' depends on axioms: [propext, Classical.choice, Quot.sound]
'CanonicalRoots.candidateTarget_degree' depends on axioms: [propext, Classical.choice, Quot.sound]
'CanonicalRoots.candidateTarget_polynomial' depends on axioms: [propext, Classical.choice, Quot.sound]
'CanonicalRoots.candidateTargetGradedEquiv' depends on axioms: [propext, Classical.choice, Quot.sound]
'CanonicalRoots.Target.ternary_candidate_model' depends on axioms: [propext, Classical.choice, Quot.sound]
'CanonicalRoots.Target.ternary_enumerated_model' depends on axioms: [propext, Classical.choice, Quot.sound]
'CanonicalRoots.candidateKey_sorted_weights' depends on axioms: [propext, Quot.sound]
'CanonicalRoots.candidateKey_weights_permutation' depends on axioms: [propext, Classical.choice, Quot.sound]
'CanonicalRoots.candidateKey_eq_of_weights_permutation' depends on axioms: [propext, Classical.choice, Quot.sound]
'CanonicalRoots.candidateKey_eq_iff_gradedEquiv' depends on axioms: [propext, Classical.choice, Quot.sound]
'CanonicalRoots.candidateDedupStep' depends on axioms: [propext, Quot.sound]
'CanonicalRoots.candidateDedupStep_mem' depends on axioms: [propext, Quot.sound]
'CanonicalRoots.candidateDedupStep_keys' depends on axioms: [propext, Quot.sound]
'CanonicalRoots.candidateDedupStep_nodup' depends on axioms: [propext, Quot.sound]
'CanonicalRoots.candidateDedupFold_mem' depends on axioms: [propext, Quot.sound]
'CanonicalRoots.candidateDedupFold_keys' depends on axioms: [propext, Classical.choice, Quot.sound]
'CanonicalRoots.candidateDedupFold_nodup' depends on axioms: [propext, Quot.sound]
'CanonicalRoots.dedupCandidates_mem' depends on axioms: [propext, Quot.sound]
'CanonicalRoots.dedupCandidates_keys' depends on axioms: [propext, Classical.choice, Quot.sound]
'CanonicalRoots.dedupCandidates_key_coverage' depends on axioms: [propext, Classical.choice, Quot.sound]
'CanonicalRoots.dedupCandidates_keys_nodup' depends on axioms: [propext, Quot.sound]
'CanonicalRoots.ternaryRepresentative' depends on axioms: [propext, Classical.choice, Quot.sound]
'CanonicalRoots.ternaryRepresentative_arithmetic' depends on axioms: [propext, Classical.choice, Quot.sound]
'CanonicalRoots.ternary_representatives_sound' depends on axioms: [propext, Classical.choice, Quot.sound]
'CanonicalRoots.ternary_representatives_pairwise_nonisomorphic' depends on axioms: [propext,
 Classical.choice,
 Quot.sound]
'CanonicalRoots.Target.ternary_representatives_complete_unique' depends on axioms: [propext,
 Classical.choice,
 Quot.sound]
'CanonicalRoots.exponentWeight_rename' depends on axioms: [propext, Classical.choice, Quot.sound]
'CanonicalRoots.homogeneous_rename_weights_iff' depends on axioms: [propext, Classical.choice, Quot.sound]
'CanonicalRoots.presentedPiece_rename_iff' depends on axioms: [propext, Classical.choice, Quot.sound]
'CanonicalRoots.presentedGradedRename' depends on axioms: [propext, Classical.choice, Quot.sound]
'CanonicalRoots.noConstantOrLinear_rename' depends on axioms: [propext, Classical.choice, Quot.sound]
'CanonicalRoots.isolatedAtOrigin_rename' depends on axioms: [propext, Classical.choice, Quot.sound]
'CanonicalRoots.RootHypersurfacePresentation.renameGenerators' depends on axioms: [propext,
 Classical.choice,
 Quot.sound]
'CanonicalRoots.permutationOfIndexList' depends on axioms: [propext, Classical.choice, Quot.sound]
'CanonicalRoots.ofFn_permutationOfIndexList' depends on axioms: [propext, Classical.choice, Quot.sound]
'CanonicalRoots.displayVariableOrder' depends on axioms: [propext, Quot.sound]
'CanonicalRoots.displayVariablePermutation' depends on axioms: [propext, Classical.choice, Quot.sound]
'CanonicalRoots.ofFn_displayVariablePermutation' depends on axioms: [propext, Classical.choice, Quot.sound]
'CanonicalRoots.displayVariablePermutation_sorted' depends on axioms: [propext, Classical.choice, Quot.sound]
'CanonicalRoots.ternaryEquation_weights' depends on axioms: [propext, Classical.choice, Quot.sound]
'CanonicalRoots.ternaryEquation_exponents' depends on axioms: [propext, Classical.choice, Quot.sound]
'CanonicalRoots.equationExponent' depends on axioms: [propext, Classical.choice, Quot.sound]
'CanonicalRoots.EquationData.natWeights' depends on axioms: [propext]
'CanonicalRoots.EquationData.polynomial' depends on axioms: [propext, Classical.choice, Quot.sound]
'CanonicalRoots.EquationData.Ring' depends on axioms: [propext, Classical.choice, Quot.sound]
'CanonicalRoots.EquationData.piece' depends on axioms: [propext, Classical.choice, Quot.sound]
'CanonicalRoots.equationExponent_ofFn' depends on axioms: [propext, Classical.choice, Quot.sound]
'CanonicalRoots.ternaryEquation_natWeights' depends on axioms: [propext, Classical.choice, Quot.sound]
'CanonicalRoots.ternaryEquation_polynomial' depends on axioms: [propext, Classical.choice, Quot.sound]
'CanonicalRoots.ternaryEquationGradedEquiv' depends on axioms: [propext, Classical.choice, Quot.sound]
'CanonicalRoots.ternaryEquation_polynomial_isolated' depends on axioms: [propext, Classical.choice, Quot.sound]
'CanonicalRoots.ternaryEquation_polynomial_noConstantOrLinear' depends on axioms: [propext,
 Classical.choice,
 Quot.sound]
'CanonicalRoots.ternaryEquation_polynomial_homogeneous' depends on axioms: [propext, Classical.choice, Quot.sound]
'CanonicalRoots.ternaryEquation_weights_positive' depends on axioms: [propext, Classical.choice, Quot.sound]
'CanonicalRoots.ternaryEquation_exponents_nonnegative' depends on axioms: [propext, Classical.choice, Quot.sound]
'CanonicalRoots.ternaryEquation_realization' depends on axioms: [propext, Classical.choice, Quot.sound]
'CanonicalRoots.ternaryEquationModelEquiv' depends on axioms: [propext, Classical.choice, Quot.sound]
'CanonicalRoots.ternaryOutputIndex' depends on axioms: [propext, Classical.choice, Quot.sound]
'CanonicalRoots.ternary_output_get' depends on axioms: [propext, Classical.choice, Quot.sound]
'CanonicalRoots.ternary_output_sound' depends on axioms: [propext, Classical.choice, Quot.sound]
'CanonicalRoots.ternary_output_pairwise_nonisomorphic' depends on axioms: [propext, Classical.choice, Quot.sound]
'CanonicalRoots.Target.ternary_output_complete_unique' depends on axioms: [propext, Classical.choice, Quot.sound]
'CanonicalRoots.higherListWeight' depends on axioms: [propext]
'CanonicalRoots.higherCoordinateWeight' depends on axioms: [propext, Classical.choice, Quot.sound]
'CanonicalRoots.higherListOrder' depends on axioms: [propext, Quot.sound]
'CanonicalRoots.map_finRange_val' depends on axioms: [propext, Quot.sound]
'CanonicalRoots.higherListWeight_ofFn' depends on axioms: [propext, Classical.choice, Quot.sound]
'CanonicalRoots.higherCoordinateWeight_eq_productWeights' depends on axioms: [propext, Classical.choice, Quot.sound]
'CanonicalRoots.higherListOrder_ofFn' depends on axioms: [propext, Classical.choice, Quot.sound]
'CanonicalRoots.higherEquation_weights_ofFn' depends on axioms: [propext, Classical.choice, Quot.sound]
'CanonicalRoots.higherEquation_exponents_ofFn' depends on axioms: [propext, Classical.choice, Quot.sound]
'CanonicalRoots.higherEquation_weights' depends on axioms: [propext, Classical.choice, Quot.sound]
'CanonicalRoots.higherEquation_exponents' depends on axioms: [propext, Classical.choice, Quot.sound]
'CanonicalRoots.higherEquation_natWeights' depends on axioms: [propext, Classical.choice, Quot.sound]
'CanonicalRoots.higherEquation_polynomial' depends on axioms: [propext, Classical.choice, Quot.sound]
'CanonicalRoots.higherEquationModelEquiv' depends on axioms: [propext, Classical.choice, Quot.sound]
'CanonicalRoots.higherEquation_polynomial_isolated' depends on axioms: [propext, Classical.choice, Quot.sound]
'CanonicalRoots.higherEquation_exponents_nonnegative' depends on axioms: [propext, Classical.choice, Quot.sound]
'CanonicalRoots.fermatModelArityCast' depends on axioms: [propext, Classical.choice, Quot.sound]
'CanonicalRoots.higherEquationOfFnModelEquiv' depends on axioms: [propext, Classical.choice, Quot.sound]
'CanonicalRoots.higherEquation_relationDegree' depends on axioms: [propext, Classical.choice, Quot.sound]
'CanonicalRoots.higherEquation_realization' depends on axioms: [propext, Classical.choice, Quot.sound]
'CanonicalRoots.higherEquation_realization_of_mem' depends on axioms: [propext, Classical.choice, Quot.sound]
'CanonicalRoots.higherOutputIndex' depends on axioms: [propext, Classical.choice, Quot.sound]
'CanonicalRoots.higher_output_get' depends on axioms: [propext, Classical.choice, Quot.sound]
'CanonicalRoots.higherOutputModelEquiv' depends on axioms: [propext, Classical.choice, Quot.sound]
'CanonicalRoots.higher_output_sound' depends on axioms: [propext, Classical.choice, Quot.sound]
'CanonicalRoots.higher_output_pairwise_nonisomorphic' depends on axioms: [propext, Classical.choice, Quot.sound]
'CanonicalRoots.Target.higher_output_complete_unique' depends on axioms: [propext, Classical.choice, Quot.sound]
'CanonicalRoots.output_dimensions' depends on axioms: [propext, Classical.choice, Quot.sound]
'CanonicalRoots.output_realization' depends on axioms: [propext, Classical.choice, Quot.sound]
'CanonicalRoots.output_pairwise_nonisomorphic' depends on axioms: [propext, Classical.choice, Quot.sound]
'CanonicalRoots.Target.output_complete_unique' depends on axioms: [propext, Classical.choice, Quot.sound]
'CanonicalRoots.output_isolated' depends on axioms: [propext, Classical.choice, Quot.sound]
'CanonicalRoots.output_noConstantOrLinear' depends on axioms: [propext, Classical.choice, Quot.sound]
'CanonicalRoots.output_minimum_generators' depends on axioms: [propext, Classical.choice, Quot.sound]
'CanonicalRoots.output_parameter' depends on axioms: [propext, Classical.choice, Quot.sound]
'CanonicalRoots.rootWitnessResidue' does not depend on any axioms
'CanonicalRoots.rootWitnessResidues' does not depend on any axioms
'CanonicalRoots.rootWitnessCarries' does not depend on any axioms
'CanonicalRoots.rootWitnessCoefficient' depends on axioms: [propext]
'CanonicalRoots.rootWitnessJson_arithmetic' depends on axioms: [propext, Classical.choice, Quot.sound]
'CanonicalRoots.rootWitnessResidue_spec' depends on axioms: [propext, Classical.choice, Quot.sound]
'CanonicalRoots.rootWitnessResidue_eq' depends on axioms: [propext, Classical.choice, Quot.sound]
'CanonicalRoots.rootWitnessCarries_ofFn' depends on axioms: [propext, Quot.sound]
'CanonicalRoots.rootWitnessDegree' depends on axioms: [propext, Classical.choice, Quot.sound]
'CanonicalRoots.rootWitnessDegree_eq' depends on axioms: [propext, Classical.choice, Quot.sound]
'CanonicalRoots.rootWitnessDegree_isCanonicalRoot' depends on axioms: [propext, Classical.choice, Quot.sound]
'CanonicalRoots.ternaryEquation_orderedSignature' depends on axioms: [propext, Classical.choice, Quot.sound]
'CanonicalRoots.output_realization_with_signature' depends on axioms: [propext, Classical.choice, Quot.sound]
'CanonicalRoots.output_root_witness' depends on axioms: [propext, Classical.choice, Quot.sound]
'CanonicalRoots.principalShortComplex' depends on axioms: [propext, Classical.choice, Quot.sound]
'CanonicalRoots.principalShortComplex_shortExact' depends on axioms: [propext, Classical.choice, Quot.sound]
'CanonicalRoots.PrincipalExt' depends on axioms: [propext, Classical.choice, Quot.sound]
'CanonicalRoots.freeExtZeroEquiv' depends on axioms: [propext, Classical.choice, Quot.sound]
'CanonicalRoots.freeExtZeroEquiv_mk₀' depends on axioms: [propext, Classical.choice, Quot.sound]
'CanonicalRoots.freeExtZeroEquiv_precomp' depends on axioms: [propext, Classical.choice, Quot.sound]
'CanonicalRoots.principalBoundary' depends on axioms: [propext, Classical.choice, Quot.sound]
'CanonicalRoots.principalBoundary_surjective' depends on axioms: [propext, Classical.choice, Quot.sound]
'CanonicalRoots.principalBoundary_ker' depends on axioms: [propext, Classical.choice, Quot.sound]
'CanonicalRoots.principalExtEquiv' depends on axioms: [propext, Classical.choice, Quot.sound]
'CanonicalRoots.principalExtEquiv_mk' depends on axioms: [propext, Classical.choice, Quot.sound]
'CanonicalRoots.principalExt_smul_algebraMap' depends on axioms: [propext, Classical.choice, Quot.sound]
'CanonicalRoots.principalBoundaryOfAlgebra' depends on axioms: [propext, Classical.choice, Quot.sound]
'CanonicalRoots.principalBoundaryOfAlgebra_apply' depends on axioms: [propext, Classical.choice, Quot.sound]
'CanonicalRoots.principalExtEquivOfAlgebra' depends on axioms: [propext, Classical.choice, Quot.sound]
'CanonicalRoots.principalExtEquivOfAlgebra_mk' depends on axioms: [propext, Classical.choice, Quot.sound]
'CanonicalRoots.principalExtQuotientModule' depends on axioms: [propext, Classical.choice, Quot.sound]
'CanonicalRoots.principalExtQuotientEquiv' depends on axioms: [propext, Classical.choice, Quot.sound]
'CanonicalRoots.principalExtQuotient_smul' depends on axioms: [propext, Classical.choice, Quot.sound]
'CanonicalRoots.principalExtQuotient_free' depends on axioms: [propext, Classical.choice, Quot.sound]
'CanonicalRoots.shiftedPolynomialHomPiece' depends on axioms: [propext, Classical.choice, Quot.sound]
'CanonicalRoots.mem_shiftedPolynomialHomPiece_iff' depends on axioms: [propext, Classical.choice, Quot.sound]
'CanonicalRoots.shiftedPolynomialHomPiece_map_eval' depends on axioms: [propext, Classical.choice, Quot.sound]
'CanonicalRoots.integerWeight_eq' depends on axioms: [propext, Classical.choice, Quot.sound]
'CanonicalRoots.isWeightedHomogeneous_int_iff' depends on axioms: [propext, Classical.choice, Quot.sound]
'CanonicalRoots.equation_multiplication_degree_zero' depends on axioms: [propext, Classical.choice, Quot.sound]
'CanonicalRoots.dual_equation_differential_preserves' depends on axioms: [propext, Classical.choice, Quot.sound]
'CanonicalRoots.presentedIntegerPiece' depends on axioms: [propext, Classical.choice, Quot.sound]
'CanonicalRoots.presentedIntegerPiece_nat' depends on axioms: [propext, Classical.choice, Quot.sound]
'CanonicalRoots.hypersurfaceCanonicalPiece' depends on axioms: [propext, Classical.choice, Quot.sound]
'CanonicalRoots.hypersurfaceCanonicalPiece_eq_map' depends on axioms: [propext, Classical.choice, Quot.sound]
'CanonicalRoots.mem_hypersurfaceCanonicalPiece_iff' depends on axioms: [propext, Classical.choice, Quot.sound]
'CanonicalRoots.HasCanonicalParameter' depends on axioms: [propext, Classical.choice, Quot.sound]
'CanonicalRoots.hasCanonicalParameter_of_degree' depends on axioms: [propext, Classical.choice, Quot.sound]
'CanonicalRoots.Target.canonical_parameter' depends on axioms: [propext, Classical.choice, Quot.sound]
'CanonicalRoots.Target.canonical_piece_nat' depends on axioms: [propext, Classical.choice, Quot.sound]
'CanonicalRoots.decodeDecimalNatChars' does not depend on any axioms
'CanonicalRoots.decodeDecimalIntChars' does not depend on any axioms
'CanonicalRoots.decodeJsonNat' depends on axioms: [propext, Classical.choice, Quot.sound]
'CanonicalRoots.decodeJsonInt' depends on axioms: [propext, Classical.choice, Quot.sound]
'CanonicalRoots.decodeDecimalNatChars_toDigits' depends on axioms: [propext, Classical.choice, Quot.sound]
'CanonicalRoots.toDigits_head_ne_minus' depends on axioms: [propext]
'CanonicalRoots.decodeJsonNat_jsonNat' depends on axioms: [propext, Classical.choice, Quot.sound]
'CanonicalRoots.decodeJsonInt_jsonInt' depends on axioms: [propext, Classical.choice, Quot.sound]
'CanonicalRoots.jsonField' depends on axioms: [propext, Classical.choice, Quot.sound]
'CanonicalRoots.jsonField_mkObj_of_mem' depends on axioms: [propext, Classical.choice, Quot.sound]
'CanonicalRoots.decodeJsonString' depends on axioms: [propext, Classical.choice, Quot.sound]
'CanonicalRoots.decodeJsonList' depends on axioms: [propext, Classical.choice, Quot.sound]
'CanonicalRoots.decodeJsonList_encode' depends on axioms: [propext, Classical.choice, Quot.sound]
'CanonicalRoots.decodeJsonList_jsonInts' depends on axioms: [propext, Classical.choice, Quot.sound]
'CanonicalRoots.equationJson_n' depends on axioms: [propext, Classical.choice, Quot.sound]
'CanonicalRoots.equationWitnessJson' depends on axioms: [propext, Classical.choice, Quot.sound]
'CanonicalRoots.polynomialTermJson' depends on axioms: [propext, Classical.choice, Quot.sound]
'CanonicalRoots.equationJson_a' depends on axioms: [propext, Classical.choice, Quot.sound]
'CanonicalRoots.equationJson_weights' depends on axioms: [propext, Classical.choice, Quot.sound]
'CanonicalRoots.equationJson_relationDegree' depends on axioms: [propext, Classical.choice, Quot.sound]
'CanonicalRoots.equationJson_polynomial' depends on axioms: [propext, Classical.choice, Quot.sound]
'CanonicalRoots.equationJson_witness' depends on axioms: [propext, Classical.choice, Quot.sound]
'CanonicalRoots.equationWitnessJson_signature' depends on axioms: [propext, Classical.choice, Quot.sound]
'CanonicalRoots.equationWitnessJson_matrix' depends on axioms: [propext, Classical.choice, Quot.sound]
'CanonicalRoots.equationWitnessJson_common' depends on axioms: [propext, Classical.choice, Quot.sound]
'CanonicalRoots.equationWitnessJson_permutation' depends on axioms: [propext, Classical.choice, Quot.sound]
'CanonicalRoots.equationWitnessJson_tag' depends on axioms: [propext, Classical.choice, Quot.sound]
'CanonicalRoots.polynomialTermJson_coefficient' depends on axioms: [propext, Classical.choice, Quot.sound]
'CanonicalRoots.polynomialTermJson_exponents' depends on axioms: [propext, Classical.choice, Quot.sound]
'CanonicalRoots.decodePolynomialTerm' depends on axioms: [propext, Classical.choice, Quot.sound]
'CanonicalRoots.decodeEquationJson' depends on axioms: [propext, Classical.choice, Quot.sound]
'CanonicalRoots.decodePolynomialTerm_encode' depends on axioms: [propext, Classical.choice, Quot.sound]
'CanonicalRoots.decodeEquationJson_encode' depends on axioms: [propext, Classical.choice, Quot.sound]
'CanonicalRoots.Input' does not depend on any axioms
'CanonicalRoots.enumerate' depends on axioms: [propext, Classical.choice, Quot.sound]
'CanonicalRoots.encodeClassificationPayload' depends on axioms: [propext, Classical.choice, Quot.sound]
'CanonicalRoots.classificationPayload' depends on axioms: [propext, Classical.choice, Quot.sound]
'CanonicalRoots.decodeClassificationPayload' depends on axioms: [propext, Classical.choice, Quot.sound]
'CanonicalRoots.encodeClassificationPayload_status' depends on axioms: [propext, Classical.choice, Quot.sound]
'CanonicalRoots.encodeClassificationPayload_input' depends on axioms: [propext, Classical.choice, Quot.sound]
'CanonicalRoots.encodeClassificationPayload_count' depends on axioms: [propext, Classical.choice, Quot.sound]
'CanonicalRoots.encodeClassificationPayload_equations' depends on axioms: [propext, Classical.choice, Quot.sound]
'CanonicalRoots.inputJson_n' depends on axioms: [propext, Classical.choice, Quot.sound]
'CanonicalRoots.inputJson_a' depends on axioms: [propext, Classical.choice, Quot.sound]
'CanonicalRoots.decodeClassificationPayload_encode' depends on axioms: [propext, Classical.choice, Quot.sound]
'CanonicalRoots.ternaryEquation_weights_exact' depends on axioms: [propext, Classical.choice, Quot.sound]
'CanonicalRoots.higherEquation_weights_exact' depends on axioms: [propext, Classical.choice, Quot.sound]
'CanonicalRoots.output_weights_exact' depends on axioms: [propext, Classical.choice, Quot.sound]
'CanonicalRoots.output_weights_length' depends on axioms: [propext, Classical.choice, Quot.sound]
'CanonicalRoots.output_weights_positive' depends on axioms: [propext, Classical.choice, Quot.sound]
'CanonicalRoots.output_weights_primitive' depends on axioms: [propext, Classical.choice, Quot.sound]
'CanonicalRoots.output_weights_sorted' depends on axioms: [propext, Classical.choice, Quot.sound]
'CanonicalRoots.output_exponents_nonnegative' depends on axioms: [propext, Classical.choice, Quot.sound]
'CanonicalRoots.output_exponents_length' depends on axioms: [propext, Classical.choice, Quot.sound]
'CanonicalRoots.EquationRealizes' depends on axioms: [propext, Classical.choice, Quot.sound]
'CanonicalRoots.classification_row_realizes' depends on axioms: [propext, Classical.choice, Quot.sound]
'CanonicalRoots.enumerate_sound' depends on axioms: [propext, Classical.choice, Quot.sound]
'CanonicalRoots.enumerate_complete' depends on axioms: [propext, Classical.choice, Quot.sound]
'CanonicalRoots.enumerate_pairwise_nonisomorphic' depends on axioms: [propext, Classical.choice, Quot.sound]
'CanonicalRoots.cli_payload_correct' depends on axioms: [propext, Classical.choice, Quot.sound]
'CanonicalRoots.checkEquationList' depends on axioms: [propext, Classical.choice, Quot.sound]
'CanonicalRoots.checkEquationList_correct' depends on axioms: [propext, Classical.choice, Quot.sound]
'CanonicalRoots.checkClassificationPayload' depends on axioms: [propext, Classical.choice, Quot.sound]
'CanonicalRoots.checkClassificationPayload_correct' depends on axioms: [propext, Classical.choice, Quot.sound]
'CanonicalRoots.checkClassificationPayload_normal' depends on axioms: [propext, Classical.choice, Quot.sound]
'CanonicalRoots.OutputCertificates.n3_a1_entire_list' depends on axioms: [propext, Classical.choice, Quot.sound]
'CanonicalRoots.OutputCertificates.n3_a1_payload' depends on axioms: [propext, Classical.choice, Quot.sound]
'CanonicalRoots.OutputCertificates.n3_a2_entire_list' depends on axioms: [propext, Classical.choice, Quot.sound]
'CanonicalRoots.OutputCertificates.n3_a2_payload' depends on axioms: [propext, Classical.choice, Quot.sound]
'CanonicalRoots.OutputCertificates.n3_a3_entire_list' depends on axioms: [propext, Classical.choice, Quot.sound]
'CanonicalRoots.OutputCertificates.n3_a3_payload' depends on axioms: [propext, Classical.choice, Quot.sound]
'CanonicalRoots.OutputCertificates.n3_a4_entire_list' depends on axioms: [propext, Classical.choice, Quot.sound]
'CanonicalRoots.OutputCertificates.n3_a4_payload' depends on axioms: [propext, Classical.choice, Quot.sound]
'CanonicalRoots.OutputCertificates.n3_a5_entire_list' depends on axioms: [propext, Classical.choice, Quot.sound]
'CanonicalRoots.OutputCertificates.n3_a5_payload' depends on axioms: [propext, Classical.choice, Quot.sound]
'CanonicalRoots.OutputCertificates.n3_a6_entire_list' depends on axioms: [propext, Classical.choice, Quot.sound]
'CanonicalRoots.OutputCertificates.n3_a6_payload' depends on axioms: [propext, Classical.choice, Quot.sound]
'CanonicalRoots.OutputCertificates.n4_a1_entire_list' depends on axioms: [propext, Classical.choice, Quot.sound]
'CanonicalRoots.OutputCertificates.n4_a1_payload' depends on axioms: [propext, Classical.choice, Quot.sound]
'CanonicalRoots.OutputCertificates.n4_a5_entire_list' depends on axioms: [propext, Classical.choice, Quot.sound]
'CanonicalRoots.OutputCertificates.n4_a5_payload' depends on axioms: [propext, Classical.choice, Quot.sound]
'CanonicalRoots.OutputCertificates.n4_a25_entire_list' depends on axioms: [propext, Classical.choice, Quot.sound]
'CanonicalRoots.OutputCertificates.n4_a25_payload' depends on axioms: [propext, Classical.choice, Quot.sound]
'CanonicalRoots.OutputCertificates.n5_a1_entire_list' depends on axioms: [propext, Classical.choice, Quot.sound]
'CanonicalRoots.OutputCertificates.n5_a1_payload' depends on axioms: [propext, Classical.choice, Quot.sound]
