✔ [208/329] Built Mathlib.Tactic.Linter.DirectoryDependency (763ms)
✔ [359/585] Built Mathlib.Tactic.Linter.Header (762ms)
✔ [361/585] Built Mathlib.Tactic.TypeStar (857ms)
✔ [362/585] Built Mathlib.Tactic.Linter.PrivateModule (895ms)
✔ [363/585] Built Mathlib.Tactic.Linter.TacticDocumentation (928ms)
✔ [364/585] Built Mathlib.Tactic.DeclarationNames (873ms)
✔ [365/585] Built Mathlib.Lean.Elab.Tactic.Meta (873ms)
✔ [366/585] Built Mathlib.Util.ParseCommand (906ms)
✔ [367/585] Built Mathlib.Tactic.Linter.UnusedTacticExtension (981ms)
✔ [368/585] Built Mathlib.Util.CodeActions.BinderPlicity (1.0s)
✔ [369/585] Built Mathlib.Tactic.Linter.Whitespace (1.2s)
✔ [370/585] Built Mathlib.Tactic.MinImports (1.4s)
✔ [371/585] Built Mathlib.Lean.Environment (710ms)
✔ [372/585] Built Mathlib.Tactic.Linter.InternalConstructor (748ms)
✔ [373/585] Built Mathlib.Tactic.Linter.OldObtain (770ms)
✔ [374/585] Built Mathlib.Tactic.Linter.GlobalAttributeIn (813ms)
✔ [375/585] Built Mathlib.Tactic.Linter.Multigoal (869ms)
✔ [376/585] Built Mathlib.Tactic.Linter.HashCommandLinter (912ms)
✔ [377/585] Built Mathlib.Tactic.Linter.HaveILetI (904ms)
✔ [378/585] Built Mathlib.Tactic.Linter.EmptyLine (900ms)
✔ [380/585] Built Mathlib.Tactic.Linter.AuxLemma (647ms)
✔ [381/585] Built Mathlib.Tactic.Linter.DocString (1.0s)
✔ [382/585] Built Mathlib.Lean.Linter (582ms)
✔ [383/585] Built Mathlib.Tactic.Lemma (601ms)
✔ [384/585] Built Mathlib.Tactic.Linter.DocPrime (966ms)
✔ [385/585] Built Mathlib.Tactic.Linter.FlexibleLinter (1.6s)
✔ [386/600] Built Mathlib.Tactic.AdaptationNote (747ms)
✔ [387/600] Built Mathlib.Tactic.Linter.DeprecatedSyntaxLinter (1.0s)
✔ [407/674] Built Mathlib.Lean.Expr.Basic (1.2s)
✔ [408/674] Built Mathlib.Tactic.Lift (938ms)
✔ [427/813] Built Mathlib.Util.CodeActions (616ms)
✔ [428/1064] Built Mathlib.Lean.ContextInfo (888ms)
✔ [429/1064] Built Mathlib.Tactic.Linter.Lint (862ms)
✔ [430/1263] Built Mathlib.Lean.Elab.InfoTree (694ms)
✔ [431/1536] Built Mathlib.Tactic.Linter.UnusedTactic (998ms)
✔ [432/1989] Built Mathlib.Tactic.ExtractGoal (1.0s)
✔ [433/2493] Built Mathlib.Data.Ineq (470ms)
✔ [434/3096] Built Mathlib.Tactic.Linter.Style (1.4s)
✔ [435/3700] Built Mathlib.Tactic.Linter.MinImports (789ms)
✔ [436/3700] Built Mathlib.Util.PrintSorries (737ms)
✔ [437/4261] Built Mathlib.Tactic.TacticAnalysis (786ms)
✔ [438/4833] Built Mathlib.Tactic.Linter.UnusedInstancesInType (737ms)
✔ [443/9243] Built Mathlib.MeasureTheory.Measure.Typeclasses.NoAtoms (245ms)
✔ [444/9243] Built Mathlib.Tactic.Linter.OverlappingInstances (930ms)
✔ [445/9243] Built Mathlib.Tactic.TacticAnalysis.Declarations (1.3s)
✔ [446/9243] Built Mathlib.Init (473ms)
✔ [447/9243] Built Mathlib.Tactic.TypeCheck (930ms)
✔ [448/9243] Built Mathlib.Tactic.ReduceModChar.Ext (1.0s)
✔ [449/9243] Built Mathlib.Tactic.Relation.Symm (1.0s)
✔ [450/9243] Built Mathlib.Util.AssertNoSorry (1.0s)
✔ [451/9243] Built Mathlib.Util.GetAllModules (1.0s)
✔ [452/9243] Built Mathlib.Util.Simp (984ms)
✔ [453/9243] Built Mathlib.Tactic.WithoutCDot (1.1s)
✔ [454/9243] Built Mathlib.Util.SleepHeartbeats (1.1s)
✔ [455/9243] Built Mathlib.Tactic.Recall (1.4s)
✔ [456/9243] Built Mathlib.Util.Export (1.7s)
✔ [457/9243] Built Mathlib.Tactic.Polyrith (858ms)
✔ [458/9243] Built Mathlib.Tactic.Linter.DeprecatedModule (878ms)
✔ [459/9243] Built Mathlib.Tactic.Linter.CommandRanges (1.0s)
✔ [460/9243] Built Mathlib.Tactic.Inclusion.Core.DiscrTreeExt (1.1s)
✔ [461/9243] Built Mathlib.Tactic.Generalize (871ms)
✔ [462/9243] Built Mathlib.Tactic.Inclusion.Core.Types (1.2s)
✔ [463/9243] Built Mathlib.Tactic.Linter.FindDeprecations (1.3s)
✔ [464/9243] Built Mathlib.Tactic.Have (1.3s)
✔ [465/9243] Built Mathlib.Tactic.Ext (783ms)
✔ [466/9243] Built Mathlib.Tactic.Linter.TextBased.UnicodeLinter (1.6s)
✔ [467/9243] Built Mathlib.Tactic.Explode.Datatypes (863ms)
✔ [468/9243] Built Mathlib.Tactic.Eval (818ms)
✔ [469/9243] Built Mathlib.Tactic.FindSyntax (1.2s)
✔ [470/9243] Built Mathlib.Tactic.Clean (844ms)
✔ [471/9243] Built Mathlib.Tactic.Echelon.Core (1.0s)
✔ [472/9243] Built Mathlib.Tactic.Change (872ms)
✔ [473/9243] Built Mathlib.Lean.Meta.DiscrTree (880ms)
✔ [474/9243] Built Mathlib.Lean.Thunk (914ms)
✔ [475/9243] Built Mathlib.Tactic.Assume (1.0s)
✔ [476/9243] Built Mathlib.Tactic.DuplicateDecls (1.5s)
✔ [477/9243] Built Mathlib.Lean.LocalContext (958ms)
✔ [478/9243] Built Mathlib.Lean.MessageData.ForExprs (1.0s)
✔ [479/9243] Built Mathlib.Lean.Exception (839ms)
✔ [480/9243] Built Mathlib.Lean.Json (911ms)
✔ [481/9243] Built Mathlib.Tactic.Cases (1.5s)
✔ [482/9243] Built Mathlib.Lean.EnvExtension (874ms)
✔ [483/9243] Built Mathlib.Deprecated.Aliases (835ms)
✔ [484/9243] Built Mathlib.Lean.CoreM (904ms)
✔ [485/9243] Built Mathlib.Data.List.ModifyLast (974ms)
✔ [486/9243] Built Mathlib.Data.Bool.AllAny (933ms)
✔ [487/9243] Built Mathlib.Logic.Function.Coequalizer (862ms)
✔ [488/9243] Built Mathlib.Analysis.CStarAlgebra.ContinuousFunctionalCalculus.Note (852ms)
✔ [489/9243] Built Mathlib.Control.Lawful (953ms)
✔ [490/9243] Built Mathlib.Data.List.Lookmap (1.1s)
✔ [491/9243] Built Mathlib.Algebra.Order.GroupWithZero.Unbundled.Defs (849ms)
✔ [492/9243] Built Mathlib.Combinatorics.SimpleGraph.Init (980ms)
✔ [493/9243] Built Mathlib.Data.Nat.NthRoot.Defs (665ms)
✔ [494/9243] Built Mathlib.Tactic.ArithMult.Init (761ms)
✔ [495/9243] Built Mathlib.Tactic.Measurability.Init (796ms)
✔ [496/9243] Built Mathlib.Combinatorics.Matroid.Init (945ms)
✔ [497/9243] Built Mathlib.Algebra.Expr (958ms)
✔ [498/9243] Built Mathlib.Algebra.HierarchyDesign (941ms)
✔ [499/9243] Built Mathlib.Tactic.Continuity.Init (958ms)
✔ [500/9243] Built Mathlib.Util.DelabNonCanonical (1.0s)
✔ [501/9243] Built Mathlib.Topology.Sheaves.Init (1.1s)
✔ [502/9243] Built Mathlib.CategoryTheory.ConcreteCategory.Bundled (760ms)
✔ [503/9243] Built Mathlib.Tactic.BDSimp (1.0s)
✔ [504/9243] Built Mathlib.Util.Superscript (1.7s)
✔ [505/9243] Built Mathlib.CategoryTheory.Category.Init (909ms)
✔ [506/9243] Built Mathlib.Tactic.CategoryTheory.CategoryStar (942ms)
✔ [507/9243] Built Mathlib.CategoryTheory.ConcreteCategory.Notation (990ms)
✔ [508/9243] Built Mathlib.Tactic.CategoryTheory.Coherence.Datatypes (1.6s)
✔ [509/9243] Built Mathlib.Tactic.Polynomial.Core (909ms)
✔ [510/9243] Built Mathlib.Data.Sym.Sym2.Init (1000ms)
✔ [511/9243] Built Mathlib.Data.Int.DivMod (844ms)
✔ [512/9243] Built Mathlib.Logic.Function.CompTypeclasses (937ms)
✔ [513/9243] Built Mathlib.Tactic.SuppressCompilation (1.4s)
✔ [514/9243] Built Mathlib.Util.ElabWithoutMVars (843ms)
✔ [515/9243] Built Mathlib.Data.Finset.Attr (914ms)
✔ [516/9243] Built Mathlib.Control.ULift (1.0s)
✔ [517/9243] Built Mathlib.Tactic.SetLike (941ms)
✔ [518/9243] Built Mathlib.Util.SynthesizeUsing (847ms)
✔ [519/9243] Built Mathlib.Lean.Meta.Tactic.Rewrite (937ms)
✔ [520/9243] Built Mathlib.Data.List.Induction (1.3s)
✔ [521/9243] Built Mathlib.Data.List.Monad (868ms)
✔ [522/9243] Built Mathlib.Util.DischargerAsTactic (686ms)
✔ [523/9243] Built Mathlib.Tactic.Linarith.Oracle.SimplexAlgorithm.Datatypes (1.2s)
✔ [524/9243] Built Mathlib.Tactic.FieldSimp.Attr (826ms)
✔ [525/9243] Built Mathlib.Lean.Expr.Rat (845ms)
✔ [526/9243] Built Mathlib.Tactic.TryThis (940ms)
✔ [527/9243] Built Mathlib.Util.PPOptions (828ms)
✔ [528/9243] Built Mathlib.Util.Qq (972ms)
✔ [529/9243] Built Mathlib.Tactic.Monotonicity.Attr (862ms)
✔ [530/9243] Built Mathlib.Data.Prod.PProd (999ms)
✔ [531/9243] Built Mathlib.Tactic.HaveI (1.1s)
✔ [532/9243] Built Mathlib.Tactic.Bound.Init (873ms)
✔ [533/9243] Built Mathlib.Data.Option.NAry (1.1s)
✔ [534/9243] Built Mathlib.Logic.OpClass (807ms)
✔ [535/9243] Built Mathlib.Data.Bracket (741ms)
✔ [536/9243] Built Mathlib.Data.List.TFAE (963ms)
✔ [537/9243] Built Mathlib.Util.AtomM (979ms)
✔ [538/9243] Built Mathlib.Tactic.UnsetOption (847ms)
✔ [539/9243] Built Mathlib.Tactic.Widget.SelectInsertParamsClass (889ms)
✔ [540/9243] Built Mathlib.Util.TransImports (980ms)
✔ [541/9243] Built Mathlib.Util.WhatsNew (1.2s)
✔ [542/9243] Built Mathlib.Tactic.Trace (810ms)
✔ [543/9243] Built Mathlib.Tactic.SwapVar (840ms)
✔ [544/9243] Built Mathlib.Tactic.SudoSetOption (780ms)
✔ [545/9243] Built Mathlib.Util.CountHeartbeats (1.5s)
✔ [546/9243] Built Mathlib.Tactic.SuccessIfFailWithMsg (900ms)
✔ [547/9243] Built Mathlib.Util.Tactic (834ms)
✔ [548/9243] Built Mathlib.Tactic.Substs (910ms)
✔ [549/9243] Built Mathlib.Tactic.Variable (1.8s)
✔ [550/9243] Built Mathlib.Tactic.Rename (886ms)
✔ [551/9243] Built Mathlib.Tactic.SimpIntro (1.1s)
✔ [552/9243] Built Mathlib.Tactic.RSuffices (770ms)
✔ [553/9243] Built Mathlib.Tactic.Recover (1.0s)
✔ [554/9243] Built Mathlib.Tactic.Set (1.3s)
✔ [555/9243] Built Mathlib.Tactic.Linter.UpstreamableDecl (919ms)
✔ [556/9243] Built Mathlib.Tactic.Observe (1.0s)
✔ [557/9243] Built Mathlib.Tactic.Linter.HaveLetLinter (952ms)
✔ [558/9243] Built Mathlib.Tactic.Linter.PPRoundtrip (963ms)
✔ [559/9243] Built Mathlib.Tactic.GuardHypNums (885ms)
✔ [560/9243] Built Mathlib.Util.TermReduce (1.0s)
✔ [561/9243] Built Mathlib.Tactic.GuardGoalNums (786ms)
✔ [562/9243] Built Mathlib.Tactic.HigherOrder (1.0s)
✔ [563/9243] Built Mathlib.Tactic.InferParam (845ms)
✔ [564/9243] Built Mathlib.Tactic.GrindAttrs (991ms)
✔ [565/9243] Built Mathlib.Tactic.FunProp.Mor (945ms)
✔ [566/9243] Built Mathlib.Tactic.ExistsI (807ms)
✔ [567/9243] Built Mathlib.Tactic.DSimpPercent (871ms)
✔ [568/9243] Built Mathlib.Tactic.FailIfNoProgress (1.0s)
✔ [569/9243] Built Mathlib.Tactic.Find (1.1s)
✔ [570/9243] Built Mathlib.Tactic.FunProp.ToBatteries (1.3s)
✔ [571/9243] Built Mathlib.Tactic.FunProp.Decl (1.2s)
✔ [572/9243] Built Mathlib.Lean.MessageData.Trace (673ms)
✔ [573/9243] Built Mathlib.Tactic.ErwQuestion (1.2s)
✔ [574/9243] Built Mathlib.Tactic.DeprecateTo (1.2s)
✔ [575/9243] Built Mathlib.Tactic.Constructor (750ms)
✔ [576/9243] Built Mathlib.Lean.GoalsLocation (843ms)
✔ [577/9243] Built Mathlib.Tactic.NthRewrite (869ms)
✔ [578/9243] Built Mathlib.Lean.FoldEnvironment (887ms)
✔ [579/9243] Built Mathlib.Tactic.Clear_ (780ms)
✔ [580/9243] Built Mathlib.Lean.Meta.KAbstractPositions (1.0s)
✔ [581/9243] Built Mathlib.Tactic.DefEqTransformations (1.7s)
✔ [582/9243] Built Mathlib.Data.Array.Defs (743ms)
✔ [583/9243] Built Mathlib.Tactic.ClearExcept (744ms)
✔ [584/9243] Built Mathlib.Tactic.ClearExclamation (718ms)
✔ [585/9243] Built Mathlib.Lean.Meta.RefinedDiscrTree.Basic (1.3s)
✔ [586/9243] Built Mathlib.Tactic.Check (1.0s)
✔ [587/9243] Built Mathlib.Lean.Meta.Basic (1.0s)
✔ [588/9243] Built Mathlib.Tactic.ApplyWith (987ms)
✔ [589/9243] Built Mathlib.Tactic.ApplyCongr (993ms)
✔ [590/9243] Built Mathlib.Tactic.Coe (920ms)
✔ [591/9243] Built Mathlib.Tactic.ToExpr (953ms)
✔ [592/9243] Built Mathlib.Tactic.CasesM (1.2s)
✔ [593/9243] Built Mathlib.Util.CompileInductive (1.6s)
✔ [594/9243] Built Mathlib.Tactic.Finiteness.Attr (897ms)
✔ [595/9243] Built Mathlib.Tactic.Simproc.ExistsAndEq (1.6s)
✔ [596/9243] Built Mathlib.Logic.Function.ULift (860ms)
✔ [597/9243] Built Mathlib.Util.AtLocation (1.1s)
✔ [598/9243] Built Mathlib.Tactic.GCongr.ForwardAttr (753ms)
✔ [599/9243] Built Mathlib.Tactic.PPWithUniv (793ms)
✔ [600/9243] Built Mathlib.Tactic.Conv (1.4s)
✔ [601/9243] Built Mathlib.Control.Combinators (790ms)
✔ [602/9243] Built Mathlib.Data.Option.Defs (889ms)
✔ [603/9243] Built Mathlib.Data.Ordering.Basic (835ms)
✔ [604/9243] Built Mathlib.Tactic.Relation.Rfl (900ms)
✔ [605/9243] Built Mathlib.Tactic.FastInstance (1.4s)
✔ [606/9243] Built Mathlib.Lean.Elab.Term (687ms)
✔ [607/9243] Built Mathlib.Util.WithWeakNamespace (798ms)
✔ [608/9243] Built Mathlib.Tactic.DepRewrite (2.9s)
✔ [609/9243] Built Mathlib.Tactic.Spread (1.1s)
✔ [610/9243] Built Mathlib.Tactic.SimpRw (867ms)
✔ [611/9243] Built Mathlib.Basic.Nonempty (910ms)
✔ [612/9243] Built Mathlib.Tactic.Inhabit (906ms)
✔ [613/9243] Built Mathlib.Tactic.Core (1.2s)
✔ [614/9243] Built Mathlib.Tactic.ExtendDoc (958ms)
✔ [615/9243] Built Mathlib.Basic.IsEmpty.Defs (967ms)
✔ [616/9243] Built Mathlib.Tactic.Use (1.3s)
✔ [617/9243] Built Mathlib.Lean.PrettyPrinter.Delaborator (931ms)
✔ [618/9243] Built Mathlib.Tactic.Attr.Register (1.3s)
✔ [619/9243] Built Mathlib.Basic.ExistsUnique (1.3s)
✔ [620/9243] Built Mathlib.Data.Int.Notation (701ms)
✔ [621/9243] Built Mathlib.Tactic.OfNat (911ms)
✔ [622/9243] Built Mathlib.Data.Nat.Notation (918ms)
✔ [623/9243] Built Mathlib.Lean.Name (997ms)
✔ [624/9243] Built Mathlib.Data.Nat.BinaryRec (1.1s)
✔ [625/9243] Built Mathlib.Tactic.Push.Attr (1.1s)
✔ [626/9243] Built Mathlib.Tactic.CrossRefAttribute (1.6s)
✔ [627/9243] Built Mathlib.Tactic.Simps.NotationClass (1.2s)
✔ [628/9243] Built Mathlib.Lean.Meta (1.2s)
✔ [629/9243] Built Mathlib.Util.AddRelatedDecl (1.5s)
✔ [630/9243] Built Mathlib.Data.String.Defs (812ms)
✔ [631/9243] Built Mathlib.Tactic.Translate.Attributes (876ms)
✔ [632/9243] Built Mathlib.Tactic.Translate.UnfoldBoundary (1.7s)
✔ [633/9243] Built Mathlib.Tactic.Eqns (902ms)
✔ [634/9243] Built Mathlib.Tactic.Replace (890ms)
✔ [635/9243] Built Mathlib.Lean.Meta.Simp (1.2s)
✔ [636/9243] Built Mathlib.Tactic.Explode.Pretty (761ms)
✔ [637/9243] Built Mathlib.Tactic.Inclusion.Core.Extensions (1.1s)
✔ [638/9243] Built Mathlib.Tactic.Translate.Reorder (2.2s)
✔ [639/9243] Built Mathlib.Tactic.ArithMult (926ms)
✔ [640/9243] Built Mathlib.Tactic.Continuity (930ms)
✔ [641/9243] Built Mathlib.Tactic.Linter.ValidatePRTitle (1.5s)
✔ [642/9243] Built Mathlib.Data.List.Palindrome (907ms)
✔ [643/9243] Built Mathlib.Tactic.Linarith.Oracle.SimplexAlgorithm.Gauss (991ms)
✔ [644/9243] Built Mathlib.Tactic.Linarith.Oracle.SimplexAlgorithm.SimplexAlgorithm (1.1s)
✔ [645/9243] Built Mathlib.Tactic.Monotonicity.Basic (1.1s)
✔ [646/9243] Built Mathlib.Tactic.Linter (537ms)
✔ [647/9243] Built Mathlib.Util.AtomM.Recurse (892ms)
✔ [648/9243] Built Mathlib.Data.List.Fold (922ms)
✔ [649/9243] Built Mathlib.Tactic.RenameBVar (727ms)
✔ [650/9243] Built Mathlib.Tactic.Widget.SelectPanelUtils (1.0s)
✔ [651/9243] Built Mathlib.Tactic.Bound.Attribute (1.5s)
✔ [652/9243] Built Mathlib.Tactic.CategoryTheory.Coherence.PureCoherence (2.6s)
✔ [653/9243] Built Mathlib.Tactic.FunProp.FunctionData (1.2s)
✔ [654/9243] Built Mathlib.Util.Delaborators (2.6s)
✔ [655/9243] Built Mathlib.Tactic.ApplyAt (946ms)
✔ [656/9243] Built Mathlib.Tactic.Measurability (1.2s)
✔ [657/9243] Built Mathlib.Tactic.CategoryTheory.Coherence.Normalize (3.1s)
✔ [658/9243] Built Mathlib.Lean.Meta.RefinedDiscrTree.Encode (1.4s)
✔ [659/9243] Built Mathlib.Lean.Meta.RefinedDiscrTree.Initialize (1.6s)
✔ [660/9243] Built Mathlib.Tactic.DefEqAbuse (1.7s)
✔ [661/9243] Built Mathlib.Algebra.Order.GroupWithZero.Unbundled.Basic (922ms)
✔ [662/9243] Built Mathlib.Order.Synonym (904ms)
✔ [663/9243] Built Mathlib.Data.Nat.Cast.Synonym (893ms)
✔ [664/9243] Built Mathlib.Tactic.FBinop (1.9s)
✔ [665/9243] Built Mathlib.Tactic.ToLevel (860ms)
✔ [666/9243] Built Mathlib.Algebra.Order.GroupWithZero.Unbundled.OrderIso (1.0s)
✔ [667/9243] Built Mathlib.Util.AliasIn (962ms)
✔ [668/9243] Built Mathlib.Tactic.SplitIfs (1.2s)
✔ [669/9243] Built Mathlib.Tactic.Attr.Core (948ms)
✔ [670/9243] Built Mathlib.Tactic.Basic (1.3s)
✔ [671/9243] Built Mathlib.Tactic.ScopedNS (1.9s)
✔ [672/9243] Built Mathlib.Logic.Function.Defs (1.5s)
✔ [673/9243] Built Mathlib.Lean.Meta.CongrTheorems (1.7s)
✔ [674/9243] Built Mathlib.Data.Fin.Init (1.0s)
✔ [675/9243] Built Mathlib.Data.Nat.MaxPowDiv (1.1s)
✔ [676/9243] Built Mathlib.Data.Nat.Init (2.1s)
✔ [677/9243] Built Mathlib.Data.PNat.Notation (1.0s)
✔ [678/9243] Built Mathlib.Data.Stream.Defs (1.4s)
✔ [679/9243] Built Mathlib.Data.Int.Init (2.4s)
✔ [680/9243] Built Mathlib.Data.Int.Cast.Pi (1.0s)
✔ [681/9243] Built Mathlib.Data.Rat.Init (1.2s)
✔ [682/9243] Built Mathlib.Basic.Nontrivial.Defs (1.1s)
✔ [683/9243] Built Mathlib.Data.Tree.Basic (1.6s)
✔ [684/9243] Built Mathlib.Tactic.StacksAttribute (852ms)
✔ [685/9243] Built Mathlib.Tactic.Linter.TextBased (2.9s)
✔ [686/9243] Built Mathlib.Util.LongNames (976ms)
✔ [687/9243] Built Mathlib.Lean.Elab.Tactic.Basic (1.0s)
✔ [688/9243] Built Mathlib.Data.String.Lemmas (880ms)
✔ [689/9243] Built Mathlib.Data.Num.Basic (1.5s)
✔ [690/9243] Built Mathlib.Util.FormatTable (1.1s)
✔ [691/9243] Built Mathlib.Tactic.Translate.GuessName (1.2s)
✔ [692/9243] Built Mathlib.Tactic.Inclusion.Extension.Core.Init (796ms)
✔ [693/9243] Built Mathlib.Tactic.Linarith.Oracle.SimplexAlgorithm.PositiveVector (747ms)
✔ [694/9243] Built Mathlib.Tactic.MkIffOfInductiveProp (1.8s)
✔ [695/9243] Built Mathlib.Tactic.IrreducibleDef (1.3s)
✔ [696/9243] Built Mathlib.Tactic.Widget.CongrM (798ms)
✔ [697/9243] Built Mathlib.Tactic.Explode (1.5s)
✔ [698/9243] Built Mathlib.Tactic.Widget.GCongr (1.0s)
✔ [699/9243] Built Mathlib.Basic.Logic.Basic (2.1s)
✔ [700/9243] Built Mathlib.Data.SProd (925ms)
✔ [701/9243] Built Mathlib.Tactic.FunProp.Types (1.3s)
✔ [702/9243] Built Mathlib.Tactic.Widget.Calc (1.8s)
✔ [703/9243] Built Mathlib.Lean.Meta.RefinedDiscrTree.Lookup (1.4s)
✔ [704/9243] Built Mathlib.Control.Basic (1.1s)
✔ [705/9243] Built Mathlib.Tactic.Widget.Conv (2.1s)
✔ [706/9243] Built Mathlib.Tactic.Hint (1.1s)
✔ [707/9243] Built Mathlib.Tactic.Says (1.2s)
✔ [708/9243] Built Mathlib.Logic.Relator (907ms)
✔ [709/9243] Built Mathlib.Data.Tree.Get (794ms)
✔ [710/9243] Built Mathlib.Tactic.Simps.Basic (3.7s)
✔ [711/9243] Built Mathlib.Tactic.Setm (1.2s)
✔ [712/9243] Built Mathlib.Testing.Plausible.Testable (929ms)
✔ [713/9243] Built Mathlib.Tactic.SetNotationForOrder (1.7s)
✔ [714/9243] Built Mathlib.Tactic.TermCongr (2.3s)
✔ [715/9243] Built Mathlib.Tactic.Subsingleton (1.0s)
✔ [716/9243] Built Mathlib.Data.List.Triplewise (1.8s)
✔ [717/9243] Built Mathlib.Tactic.Tauto (1.7s)
✔ [718/9243] Built Mathlib.Lean.Meta.RefinedDiscrTree (865ms)
✔ [719/9243] Built Mathlib.Tactic.CongrExclamation (2.5s)
✔ [720/9243] Built Mathlib.Tactic.CongrM (764ms)
✔ [721/9243] Built Mathlib.Tactic.Simps (1.1s)
✔ [722/9243] Built Mathlib.Tactic.FunProp.Theorems (1.6s)
✔ [723/9243] Built Mathlib.Tactic.ITauto (2.8s)
✔ [724/9243] Built Mathlib.Tactic.Push (2.0s)
✔ [725/9243] Built Mathlib.Basic.TwoPointing (715ms)
✔ [726/9243] Built Mathlib.Util.Notation3 (4.7s)
✔ [727/9243] Built Mathlib.Tactic.FunProp.Attr (882ms)
✔ [728/9243] Built Mathlib.Tactic.Convert (1.0s)
✔ [729/9243] Built Mathlib.Tactic.ByContra (1.3s)
✔ [730/9243] Built Mathlib.Tactic.ToFun (1.3s)
✔ [731/9243] Built Mathlib.Tactic.Contrapose (1.4s)
✔ [732/9243] Built Mathlib.Tactic.Widget.LibraryRewrite (2.4s)
✔ [733/9243] Built Mathlib.Data.TwoPointing (793ms)
✔ [734/9243] Built Mathlib.Tactic.ByCases (945ms)
✔ [735/9243] Built Mathlib.Tactic.WLOG (1.5s)
✔ [736/9243] Built Mathlib.Basic.Logic.Lemmas (730ms)
✔ [737/9243] Built Mathlib.Tactic.Translate.Core (5.8s)
✔ [738/9243] Built Mathlib.Tactic.FunProp.Core (2.8s)
✔ [739/9243] Built Mathlib.Tactic.Translate.ToAdditive (712ms)
✔ [740/9243] Built Mathlib.Tactic.Translate.TagUnfoldBoundary (676ms)
✔ [741/9243] Built Mathlib.Tactic.FunProp.Elab (890ms)
✔ [742/9243] Built Mathlib.Tactic.ToAdditive (653ms)
✔ [743/9243] Built Mathlib.Algebra.Notation (760ms)
✔ [744/9243] Built Mathlib.Tactic.Translate.ToDual (998ms)
✔ [745/9243] Built Mathlib.Tactic.FunProp (601ms)
✔ [746/9243] Built Mathlib.Algebra.Regular.Defs (719ms)
✔ [747/9243] Built Mathlib.Algebra.Notation.Lemmas (761ms)
✔ [748/9243] Built Mathlib.Tactic.ToDual (639ms)
✔ [749/9243] Built Mathlib.Algebra.Notation.Defs (977ms)
✔ [750/9243] Built Mathlib.Tactic.ContinuousFunctionalCalculus (643ms)
✔ [751/9243] Built Mathlib.Order.Defs.Prop (717ms)
✔ [752/9243] Built Mathlib.Algebra.Group.Semigroup (960ms)
✔ [753/9243] Built Mathlib.Algebra.Notation.Pi.Defs (974ms)
✔ [754/9243] Built Mathlib.Order.Defs.PartialOrder (1.1s)
✔ [755/9243] Built Mathlib.Order.Notation (1.1s)
✔ [756/9243] Built Mathlib.Data.Set.Defs (1.2s)
✔ [757/9243] Built Mathlib.Algebra.PEmptyInstances (633ms)
✔ [758/9243] Built Mathlib.Algebra.NeZero (896ms)
✔ [759/9243] Built Mathlib.Data.Set.CoeSort (1.1s)
✔ [760/9243] Built Mathlib.Order.TypeTags (1.1s)
✔ [761/9243] Built Mathlib.Order.Bounds.Defs (1.2s)
✔ [762/9243] Built Mathlib.Order.Interval.Set.Defs (1.3s)
✔ [763/9243] Built Mathlib.Control.Functor (1.4s)
✔ [764/9243] Built Mathlib.Order.Defs.Unbundled (1.4s)
✔ [765/9243] Built Mathlib.Order.Defs.LinearOrder (1.6s)
✔ [766/9243] Built Mathlib.Lean.Expr.ExtraRecognizers (723ms)
✔ [767/9243] Built Mathlib.Algebra.Group.Monoid (2.4s)
✔ [768/9243] Built Mathlib.Data.ENat.Defs (832ms)
✔ [769/9243] Built Mathlib.Data.Int.Order.Basic (1.3s)
✔ [770/9243] Built Mathlib.Data.Ordering.Lemmas (905ms)
✔ [771/9243] Built Mathlib.Control.Traversable.Basic (1.4s)
✔ [772/9243] Built Mathlib.Order.Std (1.4s)
✔ [773/9243] Built Mathlib.Data.Bool.Basic (1.5s)
✔ [774/9243] Built Mathlib.Data.Sigma.Lex (1.4s)
✔ [775/9243] Built Mathlib.Data.List.Defs (2.1s)
✔ [776/9243] Built Mathlib.Algebra.Group.Nat.Defs (1.3s)
✔ [777/9243] Built Mathlib.Algebra.BigOperators.Group.List.Defs (1.3s)
✔ [778/9243] Built Mathlib.Logic.Function.Basic (2.9s)
✔ [779/9243] Built Mathlib.Logic.Relation (2.9s)
✔ [780/9243] Built Mathlib.Data.Nat.Cast.Defs (1.6s)
✔ [781/9243] Built Mathlib.Control.Applicative (1.7s)
✔ [782/9243] Built Mathlib.Algebra.Group.DivInvMonoid (1.7s)
✔ [783/9243] Built Mathlib.Data.List.GetD (1.4s)
✔ [784/9243] Built Mathlib.Data.List.Indexes (903ms)
✔ [785/9243] Built Mathlib.Data.Nat.Bits (1.6s)
✔ [786/9243] Built Mathlib.Basic.Unique (1.4s)
✔ [787/9243] Built Mathlib.Data.Sigma.Basic (1.5s)
✔ [788/9243] Built Mathlib.Data.Option.Basic (1.6s)
✔ [789/9243] Built Mathlib.Basic.IsEmpty.Basic (1.5s)
✔ [790/9243] Built Mathlib.Tactic.Sat.FromLRAT (2.1s)
✔ [791/9243] Built Mathlib.Algebra.Notation.Pi.Basic (1.0s)
✔ [792/9243] Built Mathlib.Tactic.GCongr.Core (4.6s)
✔ [793/9243] Built Mathlib.Data.LawfulXor.Basic (1.6s)
✔ [794/9243] Built Mathlib.Logic.Pairwise (1.5s)
✔ [795/9243] Built Mathlib.Tactic.Choose (2.0s)
✔ [796/9243] Built Mathlib.Logic.Function.Conjugate (1.3s)
✔ [797/9243] Built Mathlib.Data.Nat.Cast.NeZero (1.2s)
✔ [798/9243] Built Mathlib.Data.Subtype (1.4s)
✔ [799/9243] Built Mathlib.Data.Sum.Basic (1.6s)
✔ [800/9243] Built Mathlib.Data.Tree.Traversable (1.2s)
✔ [801/9243] Built Mathlib.Algebra.Homology.ComplexShape (1.5s)
✔ [802/9243] Built Mathlib.Control.Traversable.Lemmas (1.2s)
✔ [803/9243] Built Mathlib.Data.Nat.Size (897ms)
✔ [804/9243] Built Mathlib.Algebra.Group.Defs (1.4s)
✔ [805/9243] Built Mathlib.Algebra.GroupWithZero.Defs (1.5s)
✔ [806/9243] Built Mathlib.Tactic.GCongr.CoreAttrs (870ms)
✔ [807/9243] Built Mathlib.Tactic.GCongr (870ms)
✔ [808/9243] Built Mathlib.Data.FunLike.Basic (1.1s)
✔ [809/9243] Built Mathlib.Logic.Function.Iterate (1.3s)
✔ [810/9243] Built Mathlib.Data.SubtypeNeLift (1.1s)
✔ [811/9243] Built Mathlib.Data.Quot (2.2s)
✔ [812/9243] Built Mathlib.InformationTheory.Coding.UniquelyDecodable (1.3s)
✔ [813/9243] Built Mathlib.Algebra.Homology.SpectralSequence.ComplexShape (1.2s)
✔ [814/9243] Built Mathlib.GroupTheory.EckmannHilton (1.0s)
✔ [815/9243] Built Mathlib.Data.Set.Operations (2.1s)
✔ [816/9243] Built Mathlib.Algebra.Group.MinimalAxioms (970ms)
✔ [817/9243] Built Mathlib.Algebra.Group.Commutator (1.0s)
✔ [818/9243] Built Mathlib.Algebra.Group.PUnit (995ms)
✔ [819/9243] Built Mathlib.Data.Int.Cast.Defs (982ms)
✔ [820/9243] Built Mathlib.Algebra.Group.Int.Defs (1.0s)
✔ [821/9243] Built Mathlib.Tactic.GRewrite.Core (3.1s)
✔ [822/9243] Built Mathlib.Data.List.Pairwise (2.9s)
✔ [823/9243] Built Mathlib.Algebra.Group.Invertible.Defs (1.4s)
✔ [824/9243] Built Mathlib.Tactic.DeriveTraversable (2.5s)
✔ [825/9243] Built Mathlib.Algebra.Group.IsCommutative (1.0s)
✔ [826/9243] Built Mathlib.Algebra.GroupWithZero.Nat (800ms)
✔ [827/9243] Built Mathlib.Algebra.Group.Semiconj.Defs (1.1s)
✔ [828/9243] Built Mathlib.Algebra.GroupWithZero.Regular (986ms)
✔ [829/9243] Built Mathlib.Algebra.GroupWithZero.NeZero (908ms)
✔ [830/9243] Built Mathlib.Data.FunLike.Embedding (897ms)
✔ [831/9243] Built Mathlib.Data.Nat.Basic (1.1s)
✔ [832/9243] Built Mathlib.Data.List.Flatten (1.2s)
✔ [833/9243] Built Mathlib.Algebra.Group.Pi.Basic (1.0s)
✔ [834/9243] Built Mathlib.Data.FunLike.IsApply (1.5s)
✔ [835/9243] Built Mathlib.Algebra.Group.InjSurj (2.8s)
✔ [836/9243] Built Mathlib.Dynamics.FixedPoints.Defs (1.0s)
✔ [837/9243] Built Mathlib.Data.Prod.Basic (1.5s)
✔ [838/9243] Built Mathlib.Data.Set.Notation (1.1s)
✔ [839/9243] Built Mathlib.Algebra.Homology.HasNoLoop (1.2s)
✔ [840/9243] Built Mathlib.Algebra.CharZero.Defs (1.1s)
✔ [841/9243] Built Mathlib.Algebra.Group.Commute.Defs (1.5s)
✔ [842/9243] Built Mathlib.Order.Basic (3.0s)
✔ [843/9243] Built Mathlib.Tactic.GRewrite.Elab (1.9s)
✔ [844/9243] Built Mathlib.Data.Int.Basic (1.4s)
✔ [845/9243] Built Mathlib.Data.Char (1.2s)
✔ [846/9243] Built Mathlib.Order.SetNotation (3.1s)
✔ [847/9243] Built Mathlib.Tactic.TFAE (2.5s)
✔ [848/9243] Built Mathlib.Data.Nat.Sqrt (1.3s)
✔ [849/9243] Built Mathlib.Data.Nat.Find (1.4s)
✔ [850/9243] Built Mathlib.Data.FunLike.Equiv (1.3s)
✔ [851/9243] Built Mathlib.Algebra.Ring.Defs (3.1s)
✔ [852/9243] Built Mathlib.Basic.Nontrivial.Basic (1.2s)
✔ [853/9243] Built Mathlib.Algebra.GroupWithZero.InjSurj (1.6s)
✔ [854/9243] Built Mathlib.Algebra.Notation.Prod (1.5s)
✔ [855/9243] Built Mathlib.Algebra.Group.Hom.Defs (5.7s)
✔ [856/9243] Built Mathlib.Algebra.Order.Sum (1.0s)
✔ [857/9243] Built Mathlib.Tactic.GRewrite (861ms)
✔ [858/9243] Built Mathlib.Data.PNat.Defs (1.3s)
✔ [859/9243] Built Mathlib.Data.List.TakeWhile (1.1s)
✔ [860/9243] Built Mathlib.Order.ULift (1.4s)
✔ [861/9243] Built Mathlib.Algebra.Group.Basic (6.0s)
✔ [862/9243] Built Mathlib.Algebra.Ring.Nat (1.1s)
✔ [863/9243] Built Mathlib.Topology.Defs.Basic (1.4s)
✔ [864/9243] Built Mathlib.Algebra.Ring.PUnit (965ms)
✔ [865/9243] Built Mathlib.Order.Monotone.Defs (2.3s)
✔ [866/9243] Built Mathlib.Algebra.Ring.Semiconj (1.2s)
✔ [867/9243] Built Mathlib.Logic.Equiv.Pairwise (1.0s)
✔ [868/9243] Built Mathlib.Algebra.Group.Units.Defs (3.1s)
✔ [869/9243] Built Mathlib.Algebra.Field.Defs (1.4s)
✔ [870/9243] Built Mathlib.Tactic.Nontriviality.Core (1.3s)
✔ [871/9243] Built Mathlib.Algebra.Order.ZeroLEOne (1.0s)
✔ [872/9243] Built Mathlib.Algebra.Group.Commute.Hom (1.0s)
✔ [873/9243] Built Mathlib.Algebra.Group.Hom.CompTypeclasses (929ms)
✔ [874/9243] Built Mathlib.Algebra.GroupWithZero.Pi (1.2s)
✔ [875/9243] Built Mathlib.Data.Matrix.DMatrix (1.3s)
✔ [876/9243] Built Mathlib.Testing.Plausible.Sampleable (1.1s)
✔ [877/9243] Built Mathlib.Algebra.Group.Ext (1.6s)
✔ [878/9243] Built Mathlib.Data.List.DropRight (1.3s)
✔ [879/9243] Built Mathlib.Data.Int.Cast.Basic (1.2s)
✔ [880/9243] Built Mathlib.Algebra.Ring.MinimalAxioms (1.3s)
✔ [881/9243] Built Mathlib.Algebra.Group.Semiconj.Basic (1.4s)
✔ [882/9243] Built Mathlib.Logic.Equiv.Defs (3.4s)
✔ [883/9243] Built Mathlib.Data.Nat.PSub (1.2s)
✔ [884/9243] Built Mathlib.Algebra.Ring.Regular (1.3s)
✔ [885/9243] Built Mathlib.Tactic.MoveAdd (1.7s)
✔ [886/9243] Built Mathlib.Tactic.ClickSuggestions.Util (2.6s)
✔ [887/9243] Built Mathlib.Algebra.Group.SelfInv (1.3s)
✔ [888/9243] Built Mathlib.Algebra.Group.Nat.Units (845ms)
✔ [889/9243] Built Mathlib.Topology.ContinuousMap.Defs (1.4s)
✔ [890/9243] Built Mathlib.Algebra.Group.Idempotent (1.3s)
✔ [891/9243] Built Mathlib.RingTheory.LocalRing.Defs (971ms)
✔ [892/9243] Built Mathlib.Tactic.Nontriviality (970ms)
✔ [893/9243] Built Mathlib.Algebra.Order.Monoid.Unbundled.Defs (1.8s)
✔ [894/9243] Built Mathlib.Algebra.Regular.Basic (1.6s)
✔ [895/9243] Built Mathlib.Algebra.Group.Irreducible.Defs (1.3s)
✔ [896/9243] Built Mathlib.Algebra.Group.Hom.Basic (2.5s)
✔ [897/9243] Built Mathlib.Algebra.Field.MinimalAxioms (1.1s)
✔ [898/9243] Built Mathlib.Algebra.Ring.Int.Defs (1.2s)
✔ [899/9243] Built Mathlib.Algebra.Group.Units.Basic (2.8s)
✔ [900/9243] Built Mathlib.Algebra.Ring.GrindInstances (1.4s)
✔ [901/9243] Built Mathlib.Data.PNat.Equiv (1.2s)
✔ [902/9243] Built Mathlib.Algebra.Ring.Ext (1.8s)
✔ [903/9243] Built Mathlib.Tactic.Zify (1.5s)
✔ [904/9243] Built Mathlib.Control.Traversable.Equiv (1.3s)
✔ [905/9243] Built Mathlib.Algebra.Group.Commute.Basic (1.7s)
✔ [906/9243] Built Mathlib.Basic.Finite.Defs (1.2s)
✔ [907/9243] Built Mathlib.Control.Monad.Writer (1.3s)
✔ [908/9243] Built Mathlib.Data.Erased (1.0s)
✔ [909/9243] Built Mathlib.Control.Monad.Basic (1.1s)
✔ [910/9243] Built Mathlib.Tactic.ProdAssoc (1.5s)
✔ [911/9243] Built Mathlib.Logic.Small.Defs (1.2s)
✔ [912/9243] Built Mathlib.Algebra.Opposites (2.2s)
✔ [913/9243] Built Mathlib.Order.Lex (1.3s)
✔ [914/9243] Built Mathlib.Control.EquivFunctor (1.2s)
✔ [915/9243] Built Mathlib.Tactic.ProxyType (2.2s)
✔ [916/9243] Built Mathlib.Tactic.ClickSuggestions.SectionState (1.2s)
✔ [917/9243] Built Mathlib.Tactic.ClickSuggestions.Unfold (1.3s)
✔ [918/9243] Built Mathlib.Order.OrderDual (1.7s)
✔ [919/9243] Built Mathlib.Algebra.Group.Equiv.Defs (3.9s)
✔ [920/9243] Built Mathlib.Algebra.Group.Torsion (1.6s)
✔ [921/9243] Built Mathlib.Algebra.Group.Int.Units (1.7s)
✔ [922/9243] Built Mathlib.Algebra.GroupWithZero.Idempotent (1.2s)
✔ [923/9243] Built Mathlib.Data.Finite.Defs (795ms)
✔ [924/9243] Built Mathlib.Algebra.GroupWithZero.Basic (2.4s)
✔ [925/9243] Built Mathlib.Data.Int.Cast.Field (1.4s)
✔ [926/9243] Built Mathlib.Algebra.Group.Semiconj.Units (1.6s)
✔ [927/9243] Built Mathlib.Basic.Countable.Defs (1.3s)
✔ [928/9243] Built Mathlib.Algebra.Homology.Embedding.Basic (1.9s)
✔ [929/9243] Built Mathlib.Algebra.Order.GroupWithZero.Defs (2.5s)
✔ [930/9243] Built Mathlib.Basic.UnivLE (1.2s)
✔ [931/9243] Built Mathlib.Data.Opposite (1.2s)
✔ [932/9243] Built Mathlib.Control.Monad.Cont (1.7s)
✔ [933/9243] Built Mathlib.Algebra.Regular.Opposite (1.2s)
✔ [934/9243] Built Mathlib.Tactic.ClickSuggestions.ApplyAt (1.4s)
✔ [935/9243] Built Mathlib.Algebra.Group.Hom.Instances (3.6s)
✔ [936/9243] Built Mathlib.Logic.Equiv.Option (1.6s)
✔ [937/9243] Built Mathlib.Tactic.ClickSuggestions.Apply (1.7s)
✔ [938/9243] Built Mathlib.Tactic.ClickSuggestions.GRewrite (1.9s)
✔ [939/9243] Built Mathlib.Tactic.ClickSuggestions.Rewrite (1.9s)
✔ [940/9243] Built Mathlib.Algebra.Group.Action.Defs (3.3s)
✔ [941/9243] Built Mathlib.Order.Compare (1.6s)
✔ [942/9243] Built Mathlib.Order.Max (1.0s)
✔ [943/9243] Built Mathlib.Order.RelClasses (2.4s)
✔ [944/9243] Built Mathlib.Algebra.Group.Pi.Units (1.6s)
✔ [945/9243] Built Mathlib.Algebra.Ring.InjSurj (4.8s)
✔ [946/9243] Built Mathlib.Algebra.Group.ULift (2.2s)
✔ [947/9243] Built Mathlib.Algebra.Group.ModEq (2.2s)
✔ [948/9243] Built Mathlib.Algebra.Order.Group.Synonym (4.2s)
✔ [949/9243] Built Mathlib.Algebra.Group.Pi.Torsion (1.4s)
✔ [950/9243] Built Mathlib.Algebra.Ring.Idempotent (1.8s)
✔ [951/9243] Built Mathlib.Algebra.Group.Units.Hom (3.0s)
✔ [952/9243] Built Mathlib.Logic.Equiv.Prod (9.8s)
✔ [953/9243] Built Mathlib.Data.Countable.Defs (991ms)
✔ [954/9243] Built Mathlib.Algebra.Group.Opposite (3.1s)
✔ [955/9243] Built Mathlib.Data.Set.Opposite (1.2s)
✔ [956/9243] Built Mathlib.Algebra.GroupWithZero.Hom (2.1s)
✔ [957/9243] Built Mathlib.Algebra.GroupWithZero.Units.Basic (2.8s)
✔ [958/9243] Built Mathlib.Algebra.Free (5.3s)
✔ [959/9243] Built Mathlib.Algebra.Group.TypeTags.Basic (3.5s)
✔ [960/9243] Built Mathlib.Algebra.Group.Commute.Units (2.3s)
✔ [961/9243] Built Mathlib.Combinatorics.Quiver.Basic (1.6s)
✔ [962/9243] Built Mathlib.Algebra.Group.Hom.End (1.5s)
✔ [963/9243] Built Mathlib.Algebra.Ring.Basic (2.1s)
✔ [964/9243] Built Mathlib.Tactic.ClickSuggestions.FindPremises (1.8s)
✔ [965/9243] Built Mathlib.Algebra.Group.Action.Faithful (1.4s)
✔ [966/9243] Built Mathlib.GroupTheory.GroupAction.IterateAct (1.4s)
✔ [967/9243] Built Mathlib.Order.SetIsMax (1.1s)
✔ [968/9243] Built Mathlib.Algebra.Regular.SMul (1.9s)
✔ [969/9243] Built Mathlib.Algebra.Torsor.Defs (1.0s)
✔ [970/9243] Built Mathlib.Algebra.GroupWithZero.ULift (1.1s)
✔ [971/9243] Built Mathlib.Algebra.EuclideanDomain.Defs (1.7s)
✔ [972/9243] Built Mathlib.Algebra.Order.Group.Equiv (1.4s)
✔ [973/9243] Built Mathlib.Algebra.Order.GroupWithZero.Synonym (1.3s)
✔ [974/9243] Built Mathlib.Order.Monotone.Basic (2.8s)
✔ [975/9243] Built Mathlib.Algebra.Order.Group.Action.Synonym (1.9s)
✔ [976/9243] Built Mathlib.Order.BoundedOrder.Basic (3.1s)
✔ [977/9243] Built Mathlib.Data.Ordmap.Ordnode (3.7s)
✔ [978/9243] Built Mathlib.Algebra.Order.Monoid.Unbundled.OrderDual (1.5s)
✔ [979/9243] Built Mathlib.Algebra.Order.Ring.Synonym (1.9s)
✔ [980/9243] Built Mathlib.Data.FunLike.Group (3.1s)
✔ [981/9243] Built Mathlib.Logic.Equiv.Sum (2.1s)
✔ [982/9243] Built Mathlib.Algebra.GroupWithZero.Semiconj (1.3s)
✔ [983/9243] Built Mathlib.Algebra.Group.Action.Opposite (1.9s)
✔ [984/9243] Built Mathlib.Algebra.GroupWithZero.Opposite (1.5s)
✔ [985/9243] Built Mathlib.Algebra.Group.Units.Opposite (1.6s)
✔ [986/9243] Built Mathlib.Algebra.GroupWithZero.Equiv (1.3s)
✔ [987/9243] Built Mathlib.Algebra.Ring.Hom.InjSurj (1.2s)
✔ [988/9243] Built Mathlib.Data.Int.NatAbs (1.3s)
✔ [989/9243] Built Mathlib.Algebra.Group.Action.TypeTags (1.1s)
✔ [990/9243] Built Mathlib.Algebra.Group.Int.TypeTags (1.1s)
✔ [991/9243] Built Mathlib.Algebra.Group.Nat.TypeTags (1.3s)
✔ [992/9243] Built Mathlib.Combinatorics.Quiver.Subquiver (1.3s)
✔ [993/9243] Built Mathlib.Algebra.Group.TypeTags.Hom (1.9s)
✔ [994/9243] Built Mathlib.Algebra.Group.Invertible.Basic (1.7s)
✔ [995/9243] Built Mathlib.Combinatorics.Quiver.Prefunctor (1.6s)
✔ [996/9243] Built Mathlib.Algebra.Group.Action.Sum (1.5s)
✔ [997/9243] Built Mathlib.Tactic.ClickSuggestions.TryPremises (2.1s)
✔ [998/9243] Built Mathlib.Algebra.Group.Action.Sigma (1.4s)
✔ [999/9243] Built Mathlib.Algebra.Group.Action.Option (1.4s)
✔ [1000/9243] Built Mathlib.Algebra.Regular.ULift (1.3s)
✔ [1001/9243] Built Mathlib.Algebra.Regular.Prod (1.3s)
✔ [1002/9243] Built Mathlib.Algebra.Regular.Pi (1.2s)
✔ [1003/9243] Built Mathlib.Algebra.Group.Action.Units (1.0s)
✔ [1004/9243] Built Mathlib.LinearAlgebra.AffineSpace.Defs (1.1s)
✔ [1005/9243] Built Mathlib.Algebra.Group.Prod (5.3s)
✔ [1006/9243] Built Mathlib.Algebra.AddTorsor.Defs (1.2s)
✔ [1007/9243] Built Mathlib.Algebra.EuclideanDomain.Field (1.5s)
✔ [1008/9243] Built Mathlib.Algebra.Ring.Hom.Defs (3.7s)
✔ [1009/9243] Built Mathlib.Order.Nat (1.2s)
✔ [1010/9243] Built Mathlib.Order.Iterate (1.7s)
✔ [1011/9243] Built Mathlib.Order.BoundedOrder.Monotone (1.7s)
✔ [1012/9243] Built Mathlib.Data.Nat.Log (2.3s)
✔ [1013/9243] Built Mathlib.Order.GaloisConnection.Defs (2.3s)
✔ [1014/9243] Built Mathlib.Algebra.GroupWithZero.Commute (1.8s)
✔ [1015/9243] Built Mathlib.Data.FunLike.Ring (2.2s)
✔ [1016/9243] Built Mathlib.Algebra.GroupWithZero.Invertible (1.9s)
✔ [1017/9243] Built Mathlib.Algebra.Group.Action.Pretransitive (1.9s)
✔ [1018/9243] Built Mathlib.Algebra.Group.Nat.Hom (1.5s)
✔ [1019/9243] Built Mathlib.Algebra.GroupWithZero.Action.Defs (2.9s)
✔ [1020/9243] Built Mathlib.Combinatorics.Quiver.Push (1.4s)
✔ [1021/9243] Built Mathlib.Data.Nat.Cast.Prod (1.4s)
✔ [1022/9243] Built Mathlib.Algebra.Group.Equiv.TypeTags (2.3s)
✔ [1023/9243] Built Mathlib.Tactic.ClickSuggestions (1.0s)
✔ [1024/9243] Built Mathlib.Algebra.GroupWithZero.Units.Lemmas (1.4s)
✔ [1025/9243] Built Mathlib.Combinatorics.Quiver.Path (2.4s)
✔ [1026/9243] Built Mathlib.Algebra.Ring.Units (1.9s)
✔ [1027/9243] Built Mathlib.Logic.Equiv.Basic (4.9s)
✔ [1028/9243] Built Mathlib.Algebra.Group.Action.Hom (1.7s)
✔ [1029/9243] Built Mathlib.Order.Lattice (5.9s)
✔ [1030/9243] Built Mathlib.Algebra.GroupWithZero.Action.Opposite (1.4s)
✔ [1031/9243] Built Mathlib.Algebra.GroupWithZero.Action.Units (1.9s)
✔ [1032/9243] Built Mathlib.Algebra.GroupWithZero.Action.Regular (1.7s)
✔ [1033/9243] Built Mathlib.GroupTheory.GroupAction.Ring (1.4s)
✔ [1034/9243] Built Mathlib.Algebra.Ring.Invertible (2.1s)
✔ [1035/9243] Built Mathlib.Algebra.Ring.Action.Rat (1.6s)
✔ [1036/9243] Built Mathlib.Algebra.GroupWithZero.Action.Hom (1.7s)
✔ [1037/9243] Built Mathlib.Data.Int.Cast.Prod (1.2s)
✔ [1038/9243] Built Mathlib.Algebra.Module.Defs (1.8s)
✔ [1039/9243] Built Mathlib.Tactic.NormNum.Result (3.3s)
✔ [1040/9243] Built Mathlib.Tactic.Common (1.5s)
✔ [1041/9243] Built Mathlib.Combinatorics.Quiver.Cast (1.4s)
✔ [1042/9243] Built Mathlib.Algebra.Ring.Int.Units (1.5s)
✔ [1043/9243] Built Mathlib.Combinatorics.Quiver.Symmetric (1.7s)
✔ [1044/9243] Built Mathlib.Data.ULift (1.4s)
✔ [1045/9243] Built Mathlib.Logic.Equiv.Bool (1.1s)
✔ [1046/9243] Built Mathlib.Algebra.Ring.Commute (1.9s)
✔ [1047/9243] Built Mathlib.Order.BoundedOrder.Lattice (1.6s)
✔ [1048/9243] Built Mathlib.Algebra.Group.Action.Prod (1.9s)
✔ [1049/9243] Built Mathlib.Logic.Embedding.Basic (2.3s)
✔ [1050/9243] Built Mathlib.Algebra.Group.Equiv.Basic (2.9s)
✔ [1051/9243] Built Mathlib.Data.PSigma.Order (1.9s)
✔ [1052/9243] Built Mathlib.Tactic.Order.CollectFacts (2.4s)
✔ [1053/9243] Built Mathlib.Data.Sigma.Order (2.2s)
✔ [1054/9243] Built Mathlib.Algebra.GroupWithZero.Action.End (1.3s)
✔ [1055/9243] Built Mathlib.Order.Monotone.Monovary (1.0s)
✔ [1056/9243] Built Mathlib.Algebra.Module.MinimalAxioms (1.2s)
✔ [1057/9243] Built Mathlib.Order.MinMax (2.1s)
✔ [1058/9243] Built Mathlib.Algebra.Order.GroupWithZero.Action.Synonym (1.4s)
✔ [1059/9243] Built Mathlib.Data.Prod.Lex (3.3s)
✔ [1060/9243] Built Mathlib.Tactic.NormNum.Core (2.4s)
✔ [1061/9243] Built Mathlib.Algebra.Field.IsField (1.8s)
✔ [1062/9243] Built Mathlib.Data.Int.Sqrt (1.3s)
✔ [1063/9243] Built Mathlib.Algebra.Divisibility.Basic (2.3s)
✔ [1064/9243] Built Mathlib.Algebra.Group.WithOne.Defs (2.3s)
✔ [1065/9243] Built Mathlib.Data.Rat.Defs (1.7s)
✔ [1066/9243] Built Mathlib.CategoryTheory.Category.Basic (2.9s)
✔ [1067/9243] Built Mathlib.Data.Fin.Basic (2.9s)
✔ [1068/9243] Built Mathlib.Data.List.ProdSigma (1.8s)
✔ [1069/9243] Built Mathlib.Data.List.Map2 (2.1s)
✔ [1070/9243] Built Mathlib.Data.Vector.Defs (2.3s)
✔ [1071/9243] Built Mathlib.Data.Stream.Init (3.4s)
✔ [1072/9243] Built Mathlib.Data.Nat.Factorial.Basic (3.6s)
✔ [1073/9243] Built Mathlib.Control.Bifunctor (2.4s)
✔ [1074/9243] Built Mathlib.Data.List.TakeDrop (3.2s)
✔ [1075/9243] Built Mathlib.Data.List.Forall2 (2.0s)
✔ [1076/9243] Built Mathlib.Data.List.InsertIdx (2.1s)
✔ [1077/9243] Built Mathlib.Data.NNRat.Order (1.8s)
✔ [1078/9243] Built Mathlib.Data.Matrix.Auto (1.7s)
✔ [1079/9243] Built Mathlib.SetTheory.Cardinal.Cofinality (1.8s)
✔ [1080/9243] Built Mathlib.Data.Matrix.Action (1.6s)
✔ [1081/9243] Built Mathlib.Data.Rat.Cardinal (1.9s)
✔ [1082/9243] Built Mathlib.Data.Fintype.Units (1.6s)
✔ [1083/9243] Built Mathlib.Data.List.Basic (5.4s)
✔ [1084/9243] Built Mathlib.Data.Finite.Card (1.4s)
✔ [1085/9243] Built Mathlib.Data.Nat.Lattice (1.4s)
✔ [1086/9243] Built Mathlib.Combinatorics.Quiver.SingleObj (1.4s)
✔ [1087/9243] Built Mathlib.Data.List.ChainOfFn (1.7s)
✔ [1088/9243] Built Mathlib.Algebra.Quotient (1.6s)
✔ [1089/9243] Built Mathlib.Combinatorics.Quiver.ConnectedComponent (1.2s)
✔ [1090/9243] Built Mathlib.Data.List.Count (1.7s)
✔ [1091/9243] Built Mathlib.Data.Nat.Cast.Commute (1.6s)
✔ [1092/9243] Built Mathlib.Combinatorics.Quiver.Covering (2.2s)
✔ [1093/9243] Built Mathlib.Order.WithBot (10s)
✔ [1094/9243] Built Mathlib.Algebra.Ring.Torsion (1.5s)
✔ [1095/9243] Built Mathlib.SetTheory.Cardinal.Defs (1.0s)
✔ [1096/9243] Built Mathlib.Algebra.Group.Embedding (1.2s)
✔ [1097/9243] Built Mathlib.Algebra.Order.IsBotOne (1.6s)
✔ [1098/9243] Built Mathlib.Algebra.Group.Action.Basic (1.0s)
✔ [1099/9243] Built Mathlib.Tactic.Order.Preprocessing (1.7s)
✔ [1100/9243] Built Mathlib.Order.Disjoint (2.9s)
✔ [1101/9243] Built Mathlib.Tactic.Order.Graph.Basic (1.6s)
✔ [1102/9243] Built Mathlib.Tactic.Order.ToInt (2.1s)
✔ [1103/9243] Built Mathlib.Algebra.Group.Units.Equiv (2.4s)
✔ [1104/9243] Built Mathlib.Algebra.Field.Basic (3.4s)
✔ [1105/9243] Built Mathlib.Algebra.Group.Equiv.Opposite (2.8s)
✔ [1106/9243] Built Mathlib.Algebra.GroupWithZero.Action.Prod (2.0s)
✔ [1107/9243] Built Mathlib.Algebra.Module.RingHom (1.7s)
✔ [1108/9243] Built Mathlib.Data.List.SplitLengths (1.5s)
✔ [1109/9243] Built Mathlib.Algebra.Ring.Int.Field (1.7s)
✔ [1110/9243] Built Mathlib.Algebra.Order.Module.Synonym (1.8s)
✔ [1111/9243] Built Mathlib.Order.RelIso.Basic (4.1s)
✔ [1112/9243] Built Mathlib.Algebra.Divisibility.Prod (1.9s)
✔ [1113/9243] Built Mathlib.Algebra.Divisibility.Units (2.1s)
✔ [1114/9243] Built Mathlib.Algebra.Divisibility.Hom (1.7s)
✔ [1115/9243] Built Mathlib.Algebra.Group.WithOne.Map (1.6s)
✔ [1116/9243] Built Mathlib.Data.Int.GCD (2.7s)
✔ [1117/9243] Built Mathlib.Algebra.Group.WithOne.Basic (2.4s)
✔ [1118/9243] Built Mathlib.Algebra.Ring.Rat (1.6s)
✔ [1119/9243] Built Mathlib.Tactic.CategoryTheory.Coherence.Basic (1.8s)
✔ [1120/9243] Built Mathlib.Tactic.Widget.CommDiag (1.7s)
✔ [1121/9243] Built Mathlib.Tactic.CategoryTheory.CheckCompositions (1.7s)
✔ [1122/9243] Built Mathlib.CategoryTheory.Category.KleisliCat (1.5s)
✔ [1123/9243] Built Mathlib.Tactic.CategoryTheory.Slice (1.6s)
✔ [1124/9243] Built Mathlib.Algebra.GroupWithZero.WithZero (3.4s)
✔ [1125/9243] Built Mathlib.CategoryTheory.Functor.Basic (1.0s)
✔ [1126/9243] Built Mathlib.Logic.Equiv.Functor (1.6s)
✔ [1127/9243] Built Mathlib.Control.Bitraversable.Basic (1.7s)
✔ [1128/9243] Built Mathlib.Data.Nat.Choose.Basic (2.1s)
✔ [1129/9243] Built Mathlib.Data.List.Sections (1.8s)
✔ [1130/9243] Built Mathlib.Data.List.Zip (2.3s)
✔ [1131/9243] Built Mathlib.Data.List.Perm.Basic (2.6s)
✔ [1132/9243] Built Mathlib.Data.Seq.Computation (3.5s)
✔ [1133/9243] Built Mathlib.Data.List.Nodup (3.4s)
✔ [1134/9243] Built Mathlib.Data.Fin.SuccPred (4.3s)
✔ [1135/9243] Built Mathlib.Data.List.Enum (2.0s)
✔ [1136/9243] Built Mathlib.Data.List.Infix (2.7s)
✔ [1137/9243] Built Mathlib.Data.List.ReduceOption (2.4s)
✔ [1138/9243] Built Mathlib.Data.List.Lex (2.2s)
✔ [1139/9243] Built Mathlib.Order.WithBotTop (1.4s)
✔ [1140/9243] Built Mathlib.Data.List.Lattice (2.1s)
✔ [1141/9243] Built Mathlib.Algebra.Ring.Action.Basic (1.4s)
✔ [1142/9243] Built Mathlib.Order.PropInstances (1.4s)
✔ [1143/9243] Built Mathlib.Algebra.GroupWithZero.Units.Equiv (1.3s)
✔ [1144/9243] Built Mathlib.Tactic.Order.Graph.Tarjan (1.4s)
✔ [1145/9243] Built Mathlib.Algebra.Field.Equiv (1.5s)
✔ [1146/9243] Built Mathlib.Algebra.Field.ModEq (1.2s)
✔ [1147/9243] Built Mathlib.Algebra.FreeMonoid.Basic (4.2s)
✔ [1148/9243] Built Mathlib.Data.List.MinMax (3.1s)
✔ [1149/9243] Built Mathlib.Algebra.Module.Prod (1.3s)
✔ [1150/9243] Built Mathlib.Algebra.Group.Even (1.9s)
✔ [1151/9243] Built Mathlib.Algebra.GroupWithZero.Divisibility (1.7s)
✔ [1152/9243] Built Mathlib.Algebra.Ring.Divisibility.Basic (1.0s)
✔ [1153/9243] Built Mathlib.Algebra.GroupWithZero.Prod (1.6s)
✔ [1154/9243] Built Mathlib.Algebra.Ring.WithZero (1.5s)
✔ [1155/9243] Built Mathlib.Algebra.GroupWithZero.ProdHom (1.0s)
✔ [1156/9243] Built Mathlib.CategoryTheory.Functor.Functorial (1.5s)
✔ [1157/9243] Built Mathlib.Algebra.Ring.Opposite (3.0s)
✔ [1158/9243] Built Mathlib.Tactic.CategoryTheory.Reassoc (1.7s)
✔ [1159/9243] Built Mathlib.Algebra.Order.Monoid.Unbundled.Basic (4.9s)
✔ [1160/9243] Built Mathlib.Control.ULiftable (1.6s)
✔ [1161/9243] Built Mathlib.Data.List.Perm.Subperm (1.5s)
✔ [1162/9243] Built Mathlib.Control.Bitraversable.Lemmas (1.5s)
✔ [1163/9243] Built Mathlib.Data.List.NatAntidiagonal (1.7s)
✔ [1164/9243] Built Mathlib.Data.Seq.Defs (2.5s)
✔ [1165/9243] Built Mathlib.Data.Fin.Embedding (1.8s)
✔ [1166/9243] Built Mathlib.Data.List.Duplicate (1.8s)
✔ [1167/9243] Built Mathlib.Data.Fin.Rev (1.8s)
✔ [1168/9243] Built Mathlib.Data.List.Sigma (2.7s)
✔ [1169/9243] Built Mathlib.Data.List.OffDiag (2.3s)
✔ [1170/9243] Built Mathlib.Order.Hom.Basic (6.1s)
✔ [1171/9243] Built Mathlib.Algebra.BigOperators.Group.List.Basic (3.0s)
✔ [1172/9243] Built Mathlib.Data.List.Rotate (3.0s)
✔ [1173/9243] Built Mathlib.Data.List.Sublists (2.2s)
✔ [1174/9243] Built Mathlib.Data.List.Dedup (2.1s)
✔ [1175/9243] Built Mathlib.Data.List.Perm.Lattice (2.0s)
✔ [1176/9243] Built Mathlib.Algebra.Module.PUnit (2.1s)
✔ [1177/9243] Built Mathlib.Algebra.Ring.Action.Field (1.4s)
✔ [1178/9243] Built Mathlib.Data.List.Intervals (2.1s)
✔ [1179/9243] Built Mathlib.Data.List.Chain (3.4s)
✔ [1180/9243] Built Mathlib.Data.Nat.Cast.Basic (2.1s)
✔ [1181/9243] Built Mathlib.Tactic.Order (2.5s)
✔ [1182/9243] Built Mathlib.Algebra.Group.Nat.Even (1.9s)
✔ [1183/9243] Built Mathlib.Algebra.Group.Irreducible.Lemmas (1.0s)
✔ [1184/9243] Built Mathlib.Algebra.Prime.Defs (1.0s)
✔ [1185/9243] Built Mathlib.Algebra.FreeMonoid.Count (2.4s)
✔ [1186/9243] Built Mathlib.Data.Set.Basic (3.3s)
✔ [1187/9243] Built Mathlib.Data.Nat.GCD.Basic (1.0s)
✔ [1188/9243] Built Mathlib.Algebra.Module.Opposite (1.3s)
✔ [1189/9243] Built Mathlib.Algebra.Order.Monoid.Unbundled.Units (1.5s)
✔ [1190/9243] Built Mathlib.Algebra.Order.Sub.Defs (1.7s)
✔ [1191/9243] Built Mathlib.CategoryTheory.NatTrans (1.9s)
✔ [1192/9243] Built Mathlib.Order.Heyting.Basic (5.5s)
✔ [1193/9243] Built Mathlib.Algebra.Order.Monoid.NatCast (1.3s)
✔ [1194/9243] Built Mathlib.Algebra.Order.Monoid.Defs (1.6s)
✔ [1195/9243] Built Mathlib.Algebra.Order.Monoid.Unbundled.Pow (2.3s)
✔ [1196/9243] Built Mathlib.Algebra.Order.Monoid.Unbundled.MinMax (1.7s)
✔ [1197/9243] Built Mathlib.Algebra.Order.Monoid.Unbundled.ExistsOfLE (1.4s)
✔ [1198/9243] Built Mathlib.CategoryTheory.Iso (3.4s)
✔ [1199/9243] Built Mathlib.Control.Bitraversable.Instances (1.7s)
✔ [1200/9243] Built Mathlib.Data.Multiset.Defs (1.7s)
✔ [1201/9243] Built Mathlib.Algebra.ContinuedFractions.Basic (1.7s)
✔ [1202/9243] Built Mathlib.Order.Prod.Lex.Hom (1.2s)
✔ [1203/9243] Built Mathlib.Algebra.Group.Fin.Basic (1.7s)
✔ [1204/9243] Built Mathlib.Data.List.Permutation (2.2s)
✔ [1205/9243] Built Mathlib.Algebra.Order.Group.End (1.8s)
✔ [1206/9243] Built Mathlib.Data.List.AList (2.2s)
✔ [1207/9243] Built Mathlib.Order.Types.Defs (1.8s)
✔ [1208/9243] Built Mathlib.Order.Antisymmetrization (2.3s)
✔ [1209/9243] Built Mathlib.Algebra.Order.Monoid.Units (1.5s)
✔ [1210/9243] Built Mathlib.Tactic.ApplyFun (1.7s)
✔ [1211/9243] Built Mathlib.Algebra.BigOperators.Ring.List (1.7s)
✔ [1212/9243] Built Mathlib.Data.List.SplitBy (2.1s)
✔ [1213/9243] Built Mathlib.Data.List.Range (1.8s)
✔ [1214/9243] Built Mathlib.Order.Hom.Lattice (3.9s)
✔ [1215/9243] Built Mathlib.Order.Hom.Bounded (3.7s)
✔ [1216/9243] Built Mathlib.Algebra.Group.NatPowAssoc (2.0s)
✔ [1217/9243] Built Mathlib.Data.Vector.Basic (3.0s)
✔ [1218/9243] Built Mathlib.Algebra.CharZero.AddMonoidHom (1.6s)
✔ [1219/9243] Built Mathlib.Data.Nat.Cast.Order.Basic (2.4s)
✔ [1220/9243] Built Mathlib.GroupTheory.GroupAction.Hom (11s)
✔ [1221/9243] Built Mathlib.Data.List.Destutter (2.6s)
✔ [1222/9243] Built Mathlib.Data.Nat.Cast.Field (1.3s)
✔ [1223/9243] Built Mathlib.Data.Nat.Factorial.Cast (1.4s)
✔ [1224/9243] Built Mathlib.Order.Circular (1.7s)
✔ [1225/9243] Built Mathlib.Data.Nat.Hyperoperation (1.6s)
✔ [1226/9243] Built Mathlib.Algebra.Group.Int.Even (1.9s)
✔ [1227/9243] Built Mathlib.Data.Nat.Order.Lemmas (1.1s)
✔ [1228/9243] Built Mathlib.Algebra.Prime.Lemmas (1.9s)
✔ [1229/9243] Built Mathlib.Data.Nat.Prime.Defs (2.3s)
✔ [1230/9243] Built Mathlib.Data.PEquiv (1.9s)
✔ [1231/9243] Built Mathlib.SetTheory.ZFC.PSet (1.0s)
✔ [1232/9243] Built Mathlib.Data.Bundle (1.9s)
✔ [1233/9243] Built Mathlib.Data.Set.Inclusion (1.8s)
✔ [1234/9243] Built Mathlib.Data.SetLike.Basic (2.4s)
✔ [1235/9243] Built Mathlib.Data.Set.Order (2.2s)
✔ [1236/9243] Built Mathlib.Tactic.NormNum.Basic (5.2s)
✔ [1237/9243] Built Mathlib.Data.Set.Disjoint (1.9s)
✔ [1238/9243] Built Mathlib.Algebra.Group.End (4.7s)
✔ [1239/9243] Built Mathlib.Algebra.Order.Sub.Prod (1.4s)
✔ [1240/9243] Built Mathlib.Algebra.Order.Monoid.OrderDual (1.4s)
✔ [1241/9243] Built Mathlib.Algebra.Group.Center (5.5s)
✔ [1242/9243] Built Mathlib.Algebra.Order.Group.Opposite (1.7s)
✔ [1243/9243] Built Mathlib.Order.BooleanAlgebra.Defs (2.0s)
✔ [1244/9243] Built Mathlib.Algebra.Order.AddTorsor (1.8s)
✔ [1245/9243] Built Mathlib.Algebra.Order.Group.Int (1.5s)
✔ [1246/9243] Built Mathlib.Order.Fin.Basic (2.8s)
✔ [1247/9243] Built Mathlib.Algebra.Order.Monoid.Basic (1.8s)
✔ [1248/9243] Built Mathlib.Algebra.Order.Monoid.Unbundled.TypeTags (1.6s)
✔ [1249/9243] Built Mathlib.Algebra.Order.Monoid.Canonical.Defs (2.1s)
✔ [1250/9243] Built Mathlib.Algebra.Order.Group.Unbundled.Basic (4.6s)
✔ [1251/9243] Built Mathlib.Algebra.Order.Sub.Unbundled.Basic (1.0s)
✔ [1252/9243] Built Mathlib.Tactic.CategoryTheory.CancelIso (2.0s)
✔ [1253/9243] Built Mathlib.CategoryTheory.ObjectProperty.Basic (2.0s)
✔ [1254/9243] Built Mathlib.CategoryTheory.HomCongr (1.0s)
✔ [1255/9243] Built Mathlib.Tactic.CategoryTheory.IsoReassoc (1.7s)
✔ [1256/9243] Built Mathlib.Algebra.Order.Group.Action.End (1.4s)
✔ [1257/9243] Built Mathlib.Data.Sum.Order (5.4s)
✔ [1258/9243] Built Mathlib.Data.Multiset.Pairwise (1.8s)
✔ [1259/9243] Built Mathlib.Algebra.Order.Group.Units (1.5s)
✔ [1260/9243] Built Mathlib.Order.Comparable (1.6s)
✔ [1261/9243] Built Mathlib.CategoryTheory.Functor.Category (4.3s)
✔ [1262/9243] Built Mathlib.Data.Multiset.ZeroCons (3.3s)
✔ [1263/9243] Built Mathlib.Algebra.Order.Monoid.Unbundled.WithTop (5.3s)
✔ [1264/9243] Built Mathlib.Data.Vector.Zip (2.3s)
✔ [1265/9243] Built Mathlib.Computability.TuringMachine.Tape (2.9s)
✔ [1266/9243] Built Mathlib.Algebra.BigOperators.Group.List.Lemmas (2.7s)
✔ [1267/9243] Built Mathlib.Data.Vector.Mem (2.4s)
✔ [1268/9243] Built Mathlib.Data.Nat.Choose.Cast (2.0s)
✔ [1269/9243] Built Mathlib.Data.Num.Bitwise (3.0s)
✔ [1270/9243] Built Mathlib.Data.Vector.Snoc (2.3s)
✔ [1271/9243] Built Mathlib.Data.Nat.GCD.Prime (1.9s)
✔ [1272/9243] Built Mathlib.Data.FunLike.Graded (1.9s)
✔ [1273/9243] Built Mathlib.Data.Matrix.Invertible (2.2s)
✔ [1274/9243] Built Mathlib.Algebra.Ring.Parity (3.8s)
✔ [1275/9243] Built Mathlib.Algebra.CharP.Defs (2.8s)
✔ [1276/9243] Built Mathlib.Data.Matrix.Bilinear (2.2s)
✔ [1277/9243] Built Mathlib.Data.Matrix.DualNumber (2.4s)
✔ [1278/9243] Built Mathlib.Algebra.Group.Subsemigroup.Defs (3.5s)
✔ [1279/9243] Built Mathlib.Algebra.GroupWithZero.Associated (4.1s)
✔ [1280/9243] Built Mathlib.Algebra.Ring.Centralizer (1.7s)
✔ [1281/9243] Built Mathlib.Algebra.GroupWithZero.Center (1.7s)
✔ [1282/9243] Built Mathlib.Data.LawfulXor.Equiv (2.4s)
✔ [1283/9243] Built Mathlib.Data.Set.Insert (3.4s)
✔ [1284/9243] Built Mathlib.Algebra.Group.Action.End (2.9s)
✔ [1285/9243] Built Mathlib.Algebra.Group.Conj (2.0s)
✔ [1286/9243] Built Mathlib.Control.Random (2.2s)
✔ [1287/9243] Built Mathlib.Tactic.Abel (5.4s)
✔ [1288/9243] Built Mathlib.Algebra.Order.Ring.Idempotent (3.5s)
✔ [1289/9243] Built Mathlib.Algebra.Order.Monoid.TypeTags (2.1s)
✔ [1290/9243] Built Mathlib.Algebra.Order.Group.Nat (1.9s)
✔ [1291/9243] Built Mathlib.Order.Fin.Clamp (2.4s)
✔ [1292/9243] Built Mathlib.Algebra.Order.Monoid.Prod (2.5s)
✔ [1293/9243] Built Mathlib.Algebra.Order.Sub.Unbundled.Hom (1.8s)
✔ [1294/9243] Built Mathlib.Order.BooleanAlgebra.Basic (4.4s)
✔ [1295/9243] Built Mathlib.Algebra.Order.Sub.Basic (2.3s)
✔ [1296/9243] Built Mathlib.Algebra.Order.BigOperators.Group.List (3.5s)
✔ [1297/9243] Built Mathlib.Data.Int.Range (1.7s)
✔ [1298/9243] Built Mathlib.Algebra.Order.Group.Basic (2.1s)
✔ [1299/9243] Built Mathlib.Algebra.Order.Group.OrderIso (2.6s)
✔ [1300/9243] Built Mathlib.Algebra.Order.Group.Defs (2.1s)
✔ [1301/9243] Built Mathlib.Algebra.Order.Monoid.Canonical.Basic (3.8s)
✔ [1302/9243] Built Mathlib.CategoryTheory.ObjectProperty.ClosedUnderIsomorphisms (1.0s)
✔ [1303/9243] Built Mathlib.Data.Sum.Lattice (2.3s)
✔ [1304/9243] Built Mathlib.CategoryTheory.Thin (1.9s)
✔ [1305/9243] Built Mathlib.Data.Nat.Cast.WithTop (1.2s)
✔ [1306/9243] Built Mathlib.Algebra.Order.Sub.WithTop (1.4s)
✔ [1307/9243] Built Mathlib.Data.Multiset.Count (1.9s)
✔ [1308/9243] Built Mathlib.Data.Multiset.Basic (1.9s)
✔ [1309/9243] Built Mathlib.Algebra.Order.Monoid.WithTop (1.5s)
✔ [1310/9243] Built Mathlib.CategoryTheory.Functor.Trifunctor (3.8s)
✔ [1311/9243] Built Mathlib.Data.Nat.EvenOddRec (1.7s)
✔ [1312/9243] Built Mathlib.Algebra.Order.Hom.Monoid (5.0s)
✔ [1313/9243] Built Mathlib.Data.Vector.MapLemmas (2.3s)
✔ [1314/9243] Built Mathlib.CategoryTheory.NatIso (4.1s)
✔ [1315/9243] Built Mathlib.Tactic.Echelon.Rat (1.7s)
✔ [1316/9243] Built Mathlib.Algebra.CharP.Invertible (1.6s)
✔ [1317/9243] Built Mathlib.Data.Int.Cast.Lemmas (2.8s)
✔ [1318/9243] Built Mathlib.Algebra.Ring.Int.Parity (2.3s)
✔ [1319/9243] Built Mathlib.Data.Nat.Bitwise (2.6s)
✔ [1320/9243] Built Mathlib.GroupTheory.Subsemigroup.Center (1.4s)
✔ [1321/9243] Built Mathlib.Data.List.Prime (1.5s)
✔ [1322/9243] Built Mathlib.Algebra.Ring.Associated (1.4s)
✔ [1323/9243] Built Mathlib.Data.Int.Associated (1.5s)
✔ [1324/9243] Built Mathlib.Algebra.Order.Monoid.Associated (1.4s)
✔ [1325/9243] Built Mathlib.Tactic.Inclusion.Core.ToSet (1.4s)
✔ [1326/9243] Built Mathlib.Data.Set.Enumerate (1.6s)
✔ [1327/9243] Built Mathlib.Data.Bool.Set (917ms)
✔ [1328/9243] Built Mathlib.Data.Nat.Prime.Basic (2.2s)
✔ [1329/9243] Built Mathlib.Algebra.FreeMonoid.FreeSemigroup (1.9s)
✔ [1330/9243] Built Mathlib.Logic.Function.FiberPartition (1.2s)
✔ [1331/9243] Built Mathlib.Algebra.GroupWithZero.Action.Basic (1.6s)
✔ [1332/9243] Built Mathlib.Data.Set.Subsingleton (1.8s)
✔ [1333/9243] Built Mathlib.Algebra.GroupWithZero.Conj (1.4s)
✔ [1334/9243] Built Mathlib.Algebra.Group.Submonoid.Defs (3.4s)
✔ [1335/9243] Built Mathlib.Tactic.NoncommRing (1.8s)
✔ [1336/9243] Built Mathlib.Algebra.Ring.Associator (2.1s)
✔ [1337/9243] Built Mathlib.Data.Bool.Count (1.9s)
✔ [1338/9243] Built Mathlib.Data.List.Iterate (1.2s)
✔ [1339/9243] Built Mathlib.Combinatorics.Quiver.Path.Decomposition (1.5s)
✔ [1340/9243] Built Mathlib.Combinatorics.Quiver.Path.Vertices (1.8s)
✔ [1341/9243] Built Mathlib.Data.Fin.Tuple.Basic (4.4s)
✔ [1342/9243] Built Mathlib.Data.String.Basic (2.6s)
✔ [1343/9243] Built Mathlib.Order.Fin.Prod (1.6s)
✔ [1344/9243] Built Mathlib.SetTheory.Lists (2.9s)
✔ [1345/9243] Built Mathlib.Order.Heyting.Boundary (1.6s)
✔ [1346/9243] Built Mathlib.Data.Nat.Upto (1.2s)
✔ [1347/9243] Built Mathlib.Data.Int.LeastGreatest (1.4s)
✔ [1348/9243] Built Mathlib.Data.Nat.WithBot (1.3s)
✔ [1349/9243] Built Mathlib.Algebra.Order.Group.Lattice (1.7s)
✔ [1350/9243] Built Mathlib.Algebra.Order.Group.DenselyOrdered (1.6s)
✔ [1351/9243] Built Mathlib.Order.Booleanisation (2.5s)
✔ [1352/9243] Built Mathlib.Order.BooleanAlgebra.Set (2.9s)
✔ [1353/9243] Built Mathlib.Order.SymmDiff (2.7s)
✔ [1354/9243] Built Mathlib.Algebra.Order.Hom.Units (1.3s)
✔ [1355/9243] Built Mathlib.Data.ENat.Basic (2.3s)
✔ [1356/9243] Built Mathlib.Algebra.Order.Hom.TypeTags (1.4s)
✔ [1357/9243] Built Mathlib.Algebra.Order.AddGroupWithTop (2.1s)
✔ [1358/9243] Built Mathlib.Data.Multiset.AddSub (2.2s)
✔ [1359/9243] Built Mathlib.Algebra.Ring.Center (1.6s)
✔ [1360/9243] Built Mathlib.Algebra.Order.Monoid.Lex (2.1s)
✔ [1361/9243] Built Mathlib.Algebra.Field.Power (1.3s)
✔ [1362/9243] Built Mathlib.Algebra.Field.Opposite (2.1s)
✔ [1363/9243] Built Mathlib.Tactic.NormNum.Parity (1.5s)
✔ [1364/9243] Built Mathlib.Data.Rat.Lemmas (1.9s)
✔ [1365/9243] Built Mathlib.CategoryTheory.Functor.FullyFaithful (2.9s)
✔ [1366/9243] Built Mathlib.Algebra.Module.NatInt (2.2s)
✔ [1367/9243] Built Mathlib.Data.Int.Bitwise (1.0s)
✔ [1368/9243] Built Mathlib.Tactic.NormNum.Pow (2.9s)
✔ [1369/9243] Built Mathlib.Tactic.Inclusion.Core.Expr (1.2s)
✔ [1370/9243] Built Mathlib.Data.Nat.Prime.Int (1.5s)
✔ [1371/9243] Built Mathlib.Data.Nat.Prime.Factorial (1.8s)
✔ [1372/9243] Built Mathlib.Data.Nat.Prime.Pow (1.7s)
✔ [1373/9243] Built Mathlib.Data.Int.NatPrime (1.8s)
✔ [1374/9243] Built Mathlib.CategoryTheory.Bicategory.Basic (5.0s)
✔ [1375/9243] Built Mathlib.Algebra.Ring.AddAut (1.4s)
✔ [1376/9243] Built Mathlib.InformationTheory.Coding.PrefixFree (1.2s)
✔ [1377/9243] Built Mathlib.Data.List.Find (1.4s)
✔ [1378/9243] Built Mathlib.Tactic.NormNum.Prime (2.3s)
✔ [1379/9243] Built Mathlib.Algebra.GroupWithZero.Submonoid.CancelMulZero (1.1s)
✔ [1380/9243] Built Mathlib.Algebra.Order.Monoid.Submonoid (1.2s)
✔ [1381/9243] Built Mathlib.GroupTheory.OreLocalization.OreSet (1.4s)
✔ [1382/9243] Built Mathlib.Algebra.GroupWithZero.Submonoid.Primal (1.3s)
✔ [1383/9243] Built Mathlib.Algebra.Group.Submonoid.MulAction (1.7s)
✔ [1384/9243] Built Mathlib.RingTheory.NonUnitalSubsemiring.Defs (2.4s)
✔ [1385/9243] Built Mathlib.Data.Part (2.8s)
✔ [1386/9243] Built Mathlib.Data.List.FinRange (1.5s)
✔ [1387/9243] Built Mathlib.Algebra.GCDMonoid.Basic (5.7s)
✔ [1388/9243] Built Mathlib.Algebra.NonAssoc.PreLie.Basic (2.4s)
✔ [1389/9243] Built Mathlib.Data.Fin.Tuple.Take (1.5s)
✔ [1390/9243] Built Mathlib.Data.Fin.Tuple.Embedding (1.7s)
✔ [1391/9243] Built Mathlib.Data.Set.BoolIndicator (1.1s)
✔ [1392/9243] Built Mathlib.Data.List.OfFn (1.7s)
✔ [1393/9243] Built Mathlib.Data.Set.SymmDiff (1.2s)
✔ [1394/9243] Built Mathlib.Order.Fin.InsertNth (2.5s)
✔ [1395/9243] Built Mathlib.Algebra.Group.Subgroup.Defs (4.4s)
✔ [1396/9243] Built Mathlib.Algebra.Order.PUnit (1.1s)
✔ [1397/9243] Built Mathlib.Algebra.Order.Group.Unbundled.Abs (2.5s)
✔ [1398/9243] Built Mathlib.Order.Filter.Defs (2.4s)
✔ [1399/9243] Built Mathlib.Data.Multiset.Replicate (1.6s)
✔ [1400/9243] Built Mathlib.CategoryTheory.InducedCategory (1.6s)
✔ [1401/9243] Built Mathlib.Algebra.Module.End (1.6s)
✔ [1402/9243] Built Mathlib.Tactic.NormNum.PowMod (1.4s)
✔ [1403/9243] Built Mathlib.Algebra.Module.Torsion.Free (1.9s)
✔ [1404/9243] Built Mathlib.Data.Nat.Choose.Dvd (1.4s)
✔ [1405/9243] Built Mathlib.Order.Interval.Set.Basic (4.4s)
✔ [1406/9243] Built Mathlib.Order.Hom.BoundedLattice (3.9s)
✔ [1407/9243] Built Mathlib.RingTheory.OreLocalization.OreSet (1.3s)
✔ [1408/9243] Built Mathlib.Tactic.Inclusion.Core.Inclusion (2.3s)
✔ [1409/9243] Built Mathlib.Algebra.Group.Submonoid.DistribMulAction (1.0s)
✔ [1410/9243] Built Mathlib.Data.Multiset.Find (1.6s)
✔ [1411/9243] Built Mathlib.Tactic.CategoryTheory.BicategoricalComp (1.8s)
✔ [1412/9243] Built Mathlib.Control.Fix (1.2s)
✔ [1413/9243] Built Mathlib.Order.Part (1.4s)
✔ [1414/9243] Built Mathlib.Tactic.TautoSet (1.2s)
✔ [1415/9243] Built Mathlib.Algebra.GCDMonoid.PUnit (1.4s)
✔ [1416/9243] Built Mathlib.Algebra.Ring.Subsemiring.Defs (2.4s)
✔ [1417/9243] Built Mathlib.Algebra.Group.Subgroup.Even (1.8s)
✔ [1418/9243] Built Mathlib.Algebra.Order.Group.Cone (2.2s)
✔ [1419/9243] Built Mathlib.Data.List.Sort (3.6s)
✔ [1420/9243] Built Mathlib.Algebra.Order.Group.Unbundled.Int (1.8s)
✔ [1421/9243] Built Mathlib.Algebra.Order.Group.Abs (2.6s)
✔ [1422/9243] Built Mathlib.RingTheory.NonUnitalSubring.Defs (3.1s)
✔ [1423/9243] Built Mathlib.Algebra.Order.Group.PosPart (2.0s)
✔ [1424/9243] Built Mathlib.CategoryTheory.ObjectProperty.FullSubcategory (2.5s)
✔ [1425/9243] Built Mathlib.Algebra.Module.Torsion.Prod (1.5s)
✔ [1426/9243] Built Mathlib.GroupTheory.OreLocalization.Basic (6.2s)
✔ [1427/9243] Built Mathlib.Data.Set.Image (4.9s)
✔ [1428/9243] Built Mathlib.CategoryTheory.Whiskering (8.1s)
✔ [1429/9243] Built Mathlib.Algebra.Module.Torsion.Field (1.5s)
✔ [1430/9243] Built Mathlib.Algebra.NoZeroSMulDivisors.Defs (1.6s)
✔ [1431/9243] Built Mathlib.Order.Bounded (1.8s)
✔ [1432/9243] Built Mathlib.Tactic.Inclusion.ExtensionAPI.Basic (1.5s)
✔ [1433/9243] Built Mathlib.Tactic.Inclusion.Core.Core (1.3s)
✔ [1434/9243] Built Mathlib.Algebra.Ring.Action.Subobjects (1.6s)
✔ [1435/9243] Built Mathlib.Order.Heyting.Hom (2.8s)
✔ [1436/9243] Built Mathlib.Data.Nat.Factors (2.1s)
✔ [1437/9243] Built Mathlib.Data.Nat.BitIndices (2.2s)
✔ [1438/9243] Built Mathlib.Data.List.NodupEquivFin (1.9s)
✔ [1439/9243] Built Mathlib.Order.Hom.WithTopBot (3.1s)
✔ [1440/9243] Built Mathlib.Order.Interval.Set.LinearOrder (3.5s)
✔ [1441/9243] Built Mathlib.Algebra.EuclideanDomain.Int (1.4s)
✔ [1442/9243] Built Mathlib.Algebra.GCDMonoid.Nat (1.9s)
✔ [1443/9243] Built Mathlib.Algebra.Order.Ring.Unbundled.Rat (2.3s)
✔ [1444/9243] Built Mathlib.Tactic.CategoryTheory.Bicategory.Datatypes (3.5s)
✔ [1445/9243] Built Mathlib.Algebra.Order.Group.MinMax (1.5s)
✔ [1446/9243] Built Mathlib.Algebra.Order.Hom.Basic (2.2s)
✔ [1447/9243] Built Mathlib.CategoryTheory.ConcreteCategory.Basic (1.7s)
✔ [1448/9243] Built Mathlib.CategoryTheory.EssentialImage (1.8s)
✔ [1449/9243] Built Mathlib.Data.Nat.ModEq (2.7s)
✔ [1450/9243] Built Mathlib.CategoryTheory.Functor.ReflectsIso.Basic (1.6s)
✔ [1451/9243] Built Mathlib.RingTheory.OreLocalization.Basic (2.3s)
✔ [1452/9243] Built Mathlib.CategoryTheory.Sigma.Basic (2.3s)
✔ [1453/9243] Built Mathlib.Algebra.Ring.Subring.Defs (2.9s)
✔ [1454/9243] Built Mathlib.Order.Set (1.2s)
✔ [1455/9243] Built Mathlib.Logic.Embedding.Set (2.0s)
✔ [1456/9243] Built Mathlib.Order.UpperLower.Relative (1.4s)
✔ [1457/9243] Built Mathlib.Data.List.Lemmas (1.7s)
✔ [1458/9243] Built Mathlib.Data.Fin.VecNotation (2.9s)
✔ [1459/9243] Built Mathlib.Algebra.Notation.Support (2.2s)
✔ [1460/9243] Built Mathlib.Data.Set.List (1.3s)
✔ [1461/9243] Built Mathlib.Data.Nat.Set (1.3s)
✔ [1462/9243] Built Mathlib.Order.Interval.Set.WithBotTop (1.7s)
✔ [1463/9243] Built Mathlib.Order.Directed (2.0s)
✔ [1464/9243] Built Mathlib.Algebra.NoZeroSMulDivisors.Basic (1.4s)
✔ [1465/9243] Built Mathlib.Data.Set.Restrict (1.0s)
✔ [1466/9243] Built Mathlib.Tactic.Inclusion.Core.Elab (1.5s)
✔ [1467/9243] Built Mathlib.Tactic.CategoryTheory.Elementwise (1.0s)
✔ [1468/9243] Built Mathlib.Tactic.Inclusion.ExtensionAPI.Attr (2.6s)
✔ [1469/9243] Built Mathlib.Tactic.Simproc.Factors (2.4s)
✔ [1470/9243] Built Mathlib.Algebra.Ring.Action.Invariant (1.9s)
✔ [1471/9243] Built Mathlib.Logic.Equiv.Embedding (1.5s)
✔ [1472/9243] Built Mathlib.Data.Set.Prod (4.5s)
✔ [1473/9243] Built Mathlib.Algebra.Group.Fin.Tuple (1.5s)
✔ [1474/9243] Built Mathlib.Data.Int.ModEq (2.7s)
✔ [1475/9243] Built Mathlib.Logic.Function.FromTypes (1.4s)
✔ [1476/9243] Built Mathlib.Tactic.CategoryTheory.Bicategory.PureCoherence (4.1s)
✔ [1477/9243] Built Mathlib.Algebra.Field.Subfield.Defs (3.1s)
✔ [1478/9243] Built Mathlib.Tactic.CategoryTheory.Bicategory.Normalize (4.4s)
✔ [1479/9243] Built Mathlib.Algebra.Group.Support (1.4s)
✔ [1480/9243] Built Mathlib.Data.Int.CharZero (1.6s)
✔ [1481/9243] Built Mathlib.Algebra.Ring.CharZero (1.9s)
✔ [1482/9243] Built Mathlib.Order.ConditionallyCompletePartialOrder.Defs (1.5s)
✔ [1483/9243] Built Mathlib.Logic.Equiv.Fin.Basic (2.7s)
✔ [1484/9243] Built Mathlib.Logic.Function.DependsOn (1.6s)
✔ [1485/9243] Built Mathlib.CategoryTheory.Elementwise (1.6s)
✔ [1486/9243] Built Mathlib.Tactic.Inclusion.Extension.Core.Core (1.4s)
✔ [1487/9243] Built Mathlib.Data.Multiset.MapFold (2.0s)
✔ [1488/9243] Built Mathlib.Data.Prod.TProd (1.7s)
✔ [1489/9243] Built Mathlib.Data.Set.NAry (1.0s)
✔ [1490/9243] Built Mathlib.Tactic.ModCases (2.4s)
✔ [1491/9243] Built Mathlib.Logic.Function.OfArity (2.0s)
✔ [1492/9243] Built Mathlib.Logic.Equiv.Fin.Rotate (2.1s)
✔ [1493/9243] Built Mathlib.Data.Multiset.NatAntidiagonal (1.7s)
✔ [1494/9243] Built Mathlib.CategoryTheory.Equivalence (8.5s)
✔ [1495/9243] Built Mathlib.Data.Fin.Tuple.Curry (1.7s)
✔ [1496/9243] Built Mathlib.Order.Bounds.Basic (6.1s)
✔ [1497/9243] Built Mathlib.Basic.Rel (4.6s)
✔ [1498/9243] Built Mathlib.Tactic.CategoryTheory.Bicategory.Basic (4.4s)
✔ [1499/9243] Built Mathlib.Algebra.Group.Pointwise.Set.Scalar (3.3s)
✔ [1500/9243] Built Mathlib.Data.Set.Function (5.1s)
✔ [1501/9243] Built Mathlib.CategoryTheory.ObjectProperty.Equivalence (1.0s)
✔ [1502/9243] Built Mathlib.CategoryTheory.CatCommSq (2.6s)
✔ [1503/9243] Built Mathlib.Data.Nat.Prime.Infinite (1.6s)
✔ [1504/9243] Built Mathlib.Algebra.Order.Group.Bounds (1.4s)
✔ [1505/9243] Built Mathlib.Order.Monotone.Union (1.5s)
✔ [1506/9243] Built Mathlib.AlgebraicTopology.DoldKan.Compatibility (3.3s)
✔ [1507/9243] Built Mathlib.Order.Bounds.Image (2.6s)
✔ [1508/9243] Built Mathlib.Data.Rel (1.2s)
✔ [1509/9243] Built Mathlib.Order.Rel.GaloisConnection (1.3s)
✔ [1510/9243] Built Mathlib.Order.LatticeIntervals (2.6s)
✔ [1511/9243] Built Mathlib.Algebra.Module.PointwisePi (1.3s)
✔ [1512/9243] Built Mathlib.GroupTheory.GroupAction.Support (1.5s)
✔ [1513/9243] Built Mathlib.Order.CompleteLattice.Defs (2.4s)
✔ [1514/9243] Built Mathlib.Data.PFun (2.7s)
✔ [1515/9243] Built Mathlib.GroupTheory.GroupAction.Pointwise (2.2s)
✔ [1516/9243] Built Mathlib.Dynamics.FixedPoints.Basic (1.7s)
✔ [1517/9243] Built Mathlib.GroupTheory.Perm.Basic (1.7s)
✔ [1518/9243] Built Mathlib.Data.Multiset.Filter (2.5s)
✔ [1519/9243] Built Mathlib.Algebra.Order.Interval.Set.Monoid (1.4s)
✔ [1520/9243] Built Mathlib.CategoryTheory.Sums.Basic (7.6s)
✔ [1521/9243] Built Mathlib.Order.Interval.Set.SurjOn (1.3s)
✔ [1522/9243] Built Mathlib.Order.Interval.Set.Image (3.4s)
✔ [1523/9243] Built Mathlib.Algebra.Group.Pointwise.Set.Basic (10s)
✔ [1524/9243] Built Mathlib.Data.Set.Monotone (1.6s)
✔ [1525/9243] Built Mathlib.Data.Set.Pairwise.Basic (2.5s)
✔ [1526/9243] Built Mathlib.CategoryTheory.Opposites (8.6s)
✔ [1527/9243] Built Mathlib.Order.WellFounded (2.5s)
✔ [1528/9243] Built Mathlib.Data.Set.Piecewise (2.1s)
✔ [1529/9243] Built Mathlib.Order.Monotone.Odd (1.8s)
✔ [1530/9243] Built Mathlib.Order.ConditionallyCompletePartialOrder.Basic (1.8s)
✔ [1531/9243] Built Mathlib.Order.ScottContinuity (2.3s)
✔ [1532/9243] Built Mathlib.Computability.StateTransition (1.0s)
✔ [1533/9243] Built Mathlib.Logic.Equiv.Set (4.2s)
✔ [1534/9243] Built Mathlib.Algebra.BigOperators.Group.Multiset.Defs (2.3s)
✔ [1535/9243] Built Mathlib.Data.Multiset.UnionInter (3.0s)
✔ [1536/9243] Built Mathlib.Algebra.Group.TypeTags.Pointwise (1.1s)
✔ [1537/9243] Built Mathlib.Algebra.Ring.Pointwise.Set (1.2s)
✔ [1538/9243] Built Mathlib.Algebra.Group.Pointwise.Set.ListOfFn (1.7s)
✔ [1539/9243] Built Mathlib.Algebra.Order.GroupWithZero.Basic (7.1s)
✔ [1540/9243] Built Mathlib.Algebra.GroupWithZero.Pointwise.Set.Basic (1.6s)
✔ [1541/9243] Built Mathlib.Basic.Rel.Separated (1.4s)
✔ [1542/9243] Built Mathlib.Order.Interval.Set.UnorderedInterval (3.4s)
✔ [1543/9243] Built Mathlib.CategoryTheory.Sums.Associator (3.7s)
✔ [1544/9243] Built Mathlib.Data.Set.Pairwise.List (1.5s)
✔ [1545/9243] Built Mathlib.Data.Finset.Defs (1.0s)
✔ [1546/9243] Built Mathlib.CategoryTheory.DinatTrans (1.8s)
✔ [1547/9243] Built Mathlib.CategoryTheory.Functor.Const (2.2s)
✔ [1548/9243] Built Mathlib.CategoryTheory.Functor.TwoSquare (2.4s)
✔ [1549/9243] Built Mathlib.Order.ConditionallyCompleteLattice.Defs (1.5s)
✔ [1550/9243] Built Mathlib.Combinatorics.Quiver.Arborescence (1.1s)
✔ [1551/9243] Built Mathlib.CategoryTheory.Bicategory.Opposites (2.7s)
✔ [1552/9243] Built Mathlib.CategoryTheory.EqToHom (2.9s)
✔ [1553/9243] Built Mathlib.Algebra.Notation.Indicator (2.0s)
✔ [1554/9243] Built Mathlib.Order.PiLex (2.1s)
✔ [1555/9243] Built Mathlib.Algebra.Group.Action.Pi (1.8s)
✔ [1556/9243] Built Mathlib.Order.RelIso.Set (1.6s)
✔ [1557/9243] Built Mathlib.GroupTheory.Perm.ViaEmbedding (1.4s)
✔ [1558/9243] Built Mathlib.Order.Minimal (3.5s)
✔ [1559/9243] Built Mathlib.Data.Fin.EquivOfInjective (1.4s)
✔ [1560/9243] Built Mathlib.Logic.Small.Basic (1.3s)
✔ [1561/9243] Built Mathlib.Data.Multiset.Dedup (1.5s)
✔ [1562/9243] Built Mathlib.Data.Multiset.Range (1.5s)
✔ [1563/9243] Built Mathlib.Logic.Equiv.PartialEquiv (3.3s)
✔ [1564/9243] Built Mathlib.CategoryTheory.Limits.Shapes.Pullback.Categorical.CatCospanTransform (10s)
✔ [1565/9243] Built Mathlib.Algebra.Order.GroupWithZero.Submonoid (1.3s)
✔ [1566/9243] Built Mathlib.Algebra.Group.Pi.Lemmas (3.7s)
✔ [1567/9243] Built Mathlib.Algebra.Order.BigOperators.GroupWithZero.List (1.3s)
✔ [1568/9243] Built Mathlib.Algebra.Order.GroupWithZero.Bounds (1.2s)
✔ [1569/9243] Built Mathlib.Order.Hom.Set (2.9s)
✔ [1570/9243] Built Mathlib.Data.Rel.Separated (1.2s)
✔ [1571/9243] Built Mathlib.Algebra.Order.GroupWithZero.OrderIso (1.5s)
✔ [1572/9243] Built Mathlib.Tactic.FieldSimp.Lemmas (2.8s)
✔ [1573/9243] Built Mathlib.Algebra.Order.Nonneg.Basic (2.7s)
✔ [1574/9243] Built Mathlib.Basic.Rel.Cover (1.5s)
✔ [1575/9243] Built Mathlib.Algebra.Order.Ring.Unbundled.Basic (3.5s)
✔ [1576/9243] Built Mathlib.Order.Interval.Set.OrderEmbedding (1.7s)
✔ [1577/9243] Built Mathlib.Algebra.Ring.Equiv (4.9s)
✔ [1578/9243] Built Mathlib.Data.Finset.Order (1.6s)
✔ [1579/9243] Built Mathlib.Data.Finset.Erase (1.7s)
✔ [1580/9243] Built Mathlib.Data.Finset.Attach (1.6s)
✔ [1581/9243] Built Mathlib.Data.Int.ConditionallyCompleteOrder (1.6s)
✔ [1582/9243] Built Mathlib.Data.Finset.Empty (1.9s)
✔ [1583/9243] Built Mathlib.Algebra.Order.GroupWithZero.Canonical (6.1s)
✔ [1584/9243] Built Mathlib.CategoryTheory.Bicategory.Strict.Basic (1.6s)
✔ [1585/9243] Built Mathlib.CategoryTheory.Bicategory.EqToHom (1.9s)
✔ [1586/9243] Built Mathlib.Order.Interval.Set.Fin (3.9s)
✔ [1587/9243] Built Mathlib.CategoryTheory.Bicategory.Functor.Prelax (2.4s)
✔ [1588/9243] Built Mathlib.CategoryTheory.IsoCat (2.5s)
✔ [1589/9243] Built Mathlib.CategoryTheory.Category.ULift (2.6s)
✔ [1590/9243] Built Mathlib.Algebra.GroupWithZero.Indicator (1.4s)
✔ [1591/9243] Built Mathlib.CategoryTheory.Category.Preorder (1.0s)
✔ [1592/9243] Built Mathlib.Algebra.Order.Group.PiLex (1.5s)
✔ [1593/9243] Built Mathlib.Order.Fin.Tuple (1.9s)
✔ [1594/9243] Built Mathlib.Algebra.NoZeroSMulDivisors.Pi (1.7s)
✔ [1595/9243] Built Mathlib.Algebra.Group.Indicator (1.0s)
✔ [1596/9243] Built Mathlib.GroupTheory.GroupAction.Embedding (1.5s)
✔ [1597/9243] Built Mathlib.Data.Nat.DvdSequence (1.5s)
✔ [1598/9243] Built Mathlib.Algebra.Module.Basic (1.8s)
✔ [1599/9243] Built Mathlib.Algebra.GroupWithZero.Action.Pi (1.6s)
✔ [1600/9243] Built Mathlib.Basic.Countable.Small (1.2s)
✔ [1601/9243] Built Mathlib.Logic.Small.List (1.3s)
✔ [1602/9243] Built Mathlib.Data.Finset.Dedup (1.7s)
✔ [1603/9243] Built Mathlib.Data.Multiset.Sort (1.7s)
✔ [1604/9243] Built Mathlib.Algebra.Torsor.Basic (3.4s)
✔ [1605/9243] Built Mathlib.Algebra.Order.Group.Multiset (1.7s)
✔ [1606/9243] Built Mathlib.Data.Multiset.Fold (1.5s)
✔ [1607/9243] Built Mathlib.CategoryTheory.Products.Basic (5.0s)
✔ [1608/9243] Built Mathlib.Data.Multiset.FinsetOps (1.7s)
✔ [1609/9243] Built Mathlib.Algebra.Order.BigOperators.GroupWithZero.Multiset (1.4s)
✔ [1610/9243] Built Mathlib.SetTheory.ZFC.Basic (3.5s)
✔ [1611/9243] Built Mathlib.Order.Bounds.OrderIso (1.3s)
✔ [1612/9243] Built Mathlib.Order.Interval.Set.OrderIso (1.4s)
✔ [1613/9243] Built Mathlib.Data.Rel.Cover (1.2s)
✔ [1614/9243] Built Mathlib.Order.Preorder.Chain (2.1s)
✔ [1615/9243] Built Mathlib.GroupTheory.GroupAction.DomAct.Basic (2.7s)
✔ [1616/9243] Built Mathlib.Order.Hom.Lex (2.2s)
✔ [1617/9243] Built Mathlib.Algebra.Order.Ring.Defs (1.6s)
✔ [1618/9243] Built Mathlib.Algebra.Ring.Aut (1.4s)
✔ [1619/9243] Built Mathlib.RingTheory.RingInvo (1.4s)
✔ [1620/9243] Built Mathlib.Data.NNRat.Defs (2.5s)
✔ [1621/9243] Built Mathlib.Algebra.Ring.Fin (1.2s)
✔ [1622/9243] Built Mathlib.Algebra.Ring.CompTypeclasses (1.4s)
✔ [1623/9243] Built Mathlib.Algebra.EuclideanDomain.Basic (2.4s)
✔ [1624/9243] Built Mathlib.Algebra.Ring.ULift (2.7s)
✔ [1625/9243] Built Mathlib.Order.CompleteLattice.Basic (5.1s)
✔ [1626/9243] Built Mathlib.Data.Finset.Filter (1.9s)
✔ [1627/9243] Built Mathlib.Algebra.Tropical.Basic (3.0s)
✔ [1628/9243] Built Mathlib.Algebra.Order.GroupWithZero.WithZero (1.7s)
✔ [1629/9243] Built Mathlib.Algebra.Order.Monoid.ToMulBot (1.5s)
✔ [1630/9243] Built Mathlib.CategoryTheory.Functor.OfSequence (1.0s)
✔ [1631/9243] Built Mathlib.Data.Countable.Small (1.1s)
✔ [1632/9243] Built Mathlib.Algebra.Order.Hom.MonoidWithZero (2.3s)
✔ [1633/9243] Built Mathlib.Order.UpperLower.Basic (3.3s)
✔ [1634/9243] Built Mathlib.AlgebraicTopology.SimplexCategory.Defs (1.7s)
✔ [1635/9243] Built Mathlib.Algebra.AddTorsor.Basic (1.4s)
✔ [1636/9243] Built Mathlib.Data.Multiset.OrderedMonoid (1.5s)
✔ [1637/9243] Built Mathlib.Data.Multiset.Sum (1.5s)
✔ [1638/9243] Built Mathlib.Algebra.BigOperators.Group.Multiset.Basic (2.6s)
✔ [1639/9243] Built Mathlib.CategoryTheory.Products.Bifunctor (1.5s)
✔ [1640/9243] Built Mathlib.Algebra.Order.BigOperators.Group.Multiset (2.3s)
✔ [1641/9243] Built Mathlib.Algebra.GCDMonoid.Multiset (1.9s)
✔ [1642/9243] Built Mathlib.Data.Multiset.Lattice (1.9s)
✔ [1643/9243] Built Mathlib.Data.Finset.Lattice.Basic (2.2s)
✔ [1644/9243] Built Mathlib.Order.Antichain (1.9s)
✔ [1645/9243] Built Mathlib.Data.Finset.Insert (3.4s)
✔ [1646/9243] Built Mathlib.CategoryTheory.Functor.Currying (4.0s)
✔ [1647/9243] Built Mathlib.CategoryTheory.Pi.Basic (5.4s)
✔ [1648/9243] Built Mathlib.Data.Fin.FlagRange (1.7s)
✔ [1649/9243] Built Mathlib.Algebra.Module.Hom (1.8s)
✔ [1650/9243] Built Mathlib.CategoryTheory.Products.Associator (5.0s)
✔ [1651/9243] Built Mathlib.GroupTheory.GroupAction.DomAct.ActionHom (1.5s)
✔ [1652/9243] Built Mathlib.Algebra.Order.Field.Pointwise (1.5s)
✔ [1653/9243] Built Mathlib.Algebra.Order.Ring.Nat (1.7s)
✔ [1654/9243] Built Mathlib.CategoryTheory.Join.Basic (7.2s)
✔ [1655/9243] Built Mathlib.Algebra.Order.Ring.InjSurj (1.2s)
✔ [1656/9243] Built Mathlib.Order.OmegaCompletePartialOrder (3.9s)
✔ [1657/9243] Built Mathlib.Algebra.Order.Interval.Set.Group (2.1s)
✔ [1658/9243] Built Mathlib.Algebra.Order.Ring.Int (2.1s)
✔ [1659/9243] Built Mathlib.Algebra.Order.Ring.Canonical (1.0s)
✔ [1660/9243] Built Mathlib.Algebra.Order.Ring.Opposite (1.5s)
✔ [1661/9243] Built Mathlib.CategoryTheory.Monoidal.Category (8.8s)
✔ [1662/9243] Built Mathlib.CategoryTheory.Limits.Shapes.Pullback.Categorical.Basic (16s)
✔ [1663/9243] Built Mathlib.Combinatorics.Quiver.Path.Weight (1.8s)
✔ [1664/9243] Built Mathlib.Data.Nat.Choose.Bounds (1.9s)
✔ [1665/9243] Built Mathlib.Algebra.Order.Ring.Rat (1.8s)
✔ [1666/9243] Built Mathlib.Algebra.Order.Archimedean.Defs (1.6s)
✔ [1667/9243] Built Mathlib.Algebra.Order.Positive.Ring (1.9s)
✔ [1668/9243] Built Mathlib.Algebra.Order.Interval.Set.Instances (2.8s)
✔ [1669/9243] Built Mathlib.Tactic.CancelDenoms.Core (3.2s)
✔ [1670/9243] Built Mathlib.Algebra.Order.Ring.Basic (2.4s)
✔ [1671/9243] Built Mathlib.Algebra.Ring.Action.Group (1.0s)
✔ [1672/9243] Built Mathlib.Algebra.Field.Rat (1.8s)
✔ [1673/9243] Built Mathlib.Algebra.Ring.Pi (2.5s)
✔ [1674/9243] Built Mathlib.Algebra.CharP.Basic (1.8s)
✔ [1675/9243] Built Mathlib.Algebra.Field.ULift (1.7s)
✔ [1676/9243] Built Mathlib.Algebra.Order.Module.Defs (6.8s)
✔ [1677/9243] Built Mathlib.Algebra.Star.Basic (3.1s)
✔ [1678/9243] Built Mathlib.CategoryTheory.ObjectProperty.Opposite (1.9s)
✔ [1679/9243] Built Mathlib.Algebra.Ring.Prod (2.9s)
✔ [1680/9243] Built Mathlib.Order.CompleteLattice.Group (1.3s)
✔ [1681/9243] Built Mathlib.Order.CompleteLattice.Lemmas (1.8s)
✔ [1682/9243] Built Mathlib.CategoryTheory.ObjectProperty.CompleteLattice (1.8s)
✔ [1683/9243] Built Mathlib.Order.GaloisConnection.Basic (2.9s)
✔ [1684/9243] Built Mathlib.Algebra.Order.Quantale (1.9s)
✔ [1685/9243] Built Mathlib.Data.Setoid.Basic (2.0s)
✔ [1686/9243] Built Mathlib.Data.Fintype.Defs (2.3s)
✔ [1687/9243] Built Mathlib.Order.UpperLower.Fibration (1.5s)
✔ [1688/9243] Built Mathlib.Order.InitialSeg (3.3s)
✔ [1689/9243] Built Mathlib.Data.Multiset.DershowitzManna (2.1s)
✔ [1690/9243] Built Mathlib.Algebra.Order.GroupWithZero.Lex (2.4s)
✔ [1691/9243] Built Mathlib.Order.Fin.Finset (1.6s)
✔ [1692/9243] Built Mathlib.Data.Multiset.Bind (2.8s)
✔ [1693/9243] Built Mathlib.Order.Interval.Set.OrdConnected (2.2s)
✔ [1694/9243] Built Mathlib.Data.Finset.Lattice.Lemmas (2.1s)
✔ [1695/9243] Built Mathlib.Algebra.Order.Hom.Ring (3.2s)
✔ [1696/9243] Built Mathlib.Data.Finset.Range (1.7s)
✔ [1697/9243] Built Mathlib.Tactic.Inclusion.Extension.Interval (12s)
✔ [1698/9243] Built Mathlib.Data.Finset.Disjoint (2.0s)
✔ [1699/9243] Built Mathlib.Data.Finset.SDiff (2.2s)
✔ [1700/9243] Built Mathlib.Algebra.Module.LinearMap.Defs (8.6s)
✔ [1701/9243] Built Mathlib.Data.Nat.Cast.Order.Ring (1.7s)
✔ [1702/9243] Built Mathlib.Algebra.IsPrimePow (1.8s)
✔ [1703/9243] Built Mathlib.CategoryTheory.Join.Sum (1.8s)
✔ [1704/9243] Built Mathlib.CategoryTheory.Discrete.Basic (3.4s)
✔ [1705/9243] Built Mathlib.Control.LawfulFix (2.1s)
✔ [1706/9243] Built Mathlib.Order.CompletePartialOrder (2.0s)
✔ [1707/9243] Built Mathlib.Algebra.Order.Field.Subfield (1.8s)
✔ [1708/9243] Built Mathlib.Algebra.Ring.Subsemiring.Order (1.4s)
✔ [1709/9243] Built Mathlib.CategoryTheory.Join.Opposites (3.2s)
✔ [1710/9243] Built Mathlib.Algebra.Order.Field.Canonical (1.8s)
✔ [1711/9243] Built Mathlib.CategoryTheory.Sums.Products (5.0s)
✔ [1712/9243] Built Mathlib.CategoryTheory.Functor.CurryingThree (5.3s)
✔ [1713/9243] Built Mathlib.Data.Nat.Dist (2.1s)
✔ [1714/9243] Built Mathlib.Algebra.Order.BigOperators.Ring.List (1.9s)
✔ [1715/9243] Built Mathlib.Data.Num.Lemmas (5.4s)
✔ [1716/9243] Built Mathlib.CategoryTheory.Bicategory.End (2.1s)
✔ [1717/9243] Built Mathlib.Tactic.CategoryTheory.MonoidalComp (1.9s)
✔ [1718/9243] Built Mathlib.Algebra.Order.Positive.Field (1.3s)
✔ [1719/9243] Built Mathlib.Algebra.Ring.Action.End (1.7s)
✔ [1720/9243] Built Mathlib.Data.PNat.Basic (2.4s)
✔ [1721/9243] Built Mathlib.Algebra.Module.Rat (2.3s)
✔ [1722/9243] Built Mathlib.Algebra.Order.Pi (1.0s)
✔ [1723/9243] Built Mathlib.Algebra.Module.Pi (1.8s)
✔ [1724/9243] Built Mathlib.Data.Rat.Cast.Defs (2.6s)
✔ [1725/9243] Built Mathlib.Algebra.CharP.Pi (1.9s)
✔ [1726/9243] Built Mathlib.Algebra.Order.Module.Basic (2.1s)
✔ [1727/9243] Built Mathlib.Algebra.Order.Ring.WithTop (5.6s)
✔ [1728/9243] Built Mathlib.Algebra.Order.Nonneg.Module (2.2s)
✔ [1729/9243] Built Mathlib.Tactic.LinearCombination.Lemmas (2.1s)
✔ [1730/9243] Built Mathlib.Algebra.Star.Pi (2.0s)
✔ [1731/9243] Built Mathlib.Algebra.Order.Ring.Prod (1.9s)
✔ [1732/9243] Built Mathlib.Algebra.Star.MonoidHom (3.3s)
✔ [1733/9243] Built Mathlib.Algebra.Star.Prod (2.2s)
✔ [1734/9243] Built Mathlib.Algebra.Star.StarRingHom (3.7s)
✔ [1735/9243] Built Mathlib.Algebra.Order.Kleene (3.7s)
✔ [1736/9243] Built Mathlib.Algebra.Order.Group.Pointwise.Bounds (2.7s)
✔ [1737/9243] Built Mathlib.CategoryTheory.Monoidal.Action.Basic (8.1s)
✔ [1738/9243] Built Mathlib.Order.Hom.Order (2.2s)
✔ [1739/9243] Built Mathlib.Order.ConditionallyCompletePartialOrder.Indexed (2.7s)
✔ [1740/9243] Built Mathlib.Algebra.Order.Monovary (5.1s)
✔ [1741/9243] Built Mathlib.Order.Heyting.Regular (2.5s)
✔ [1742/9243] Built Mathlib.Logic.Function.Const (1.4s)
✔ [1743/9243] Built Mathlib.Order.Lattice.Congruence (1.0s)
✔ [1744/9243] Built Mathlib.Algebra.Divisibility.Finite (1.9s)
✔ [1745/9243] Built Mathlib.Algebra.Group.Equiv.Finite (1.9s)
✔ [1746/9243] Built Mathlib.Topology.Defs.Filter (2.6s)
✔ [1747/9243] Built Mathlib.Tactic.FinCases (2.1s)
✔ [1748/9243] Built Mathlib.Data.Sym.Basic (3.8s)
✔ [1749/9243] Built Mathlib.Data.Multiset.Sections (1.8s)
✔ [1750/9243] Built Mathlib.Data.Multiset.Powerset (2.3s)
✔ [1751/9243] Built Mathlib.Order.Interval.Set.InitialSeg (2.5s)
✔ [1752/9243] Built Mathlib.Order.CompleteBooleanAlgebra (7.3s)
✔ [1753/9243] Built Mathlib.Data.Multiset.Pi (1.0s)
✔ [1754/9243] Built Mathlib.Data.Nat.Cast.SetInterval (1.9s)
✔ [1755/9243] Built Mathlib.GroupTheory.Congruence.Defs (5.4s)
✔ [1756/9243] Built Mathlib.Order.Quotient (1.0s)
✔ [1757/9243] Built Mathlib.Order.Interval.Set.ProjIcc (2.8s)
✔ [1758/9243] Built Mathlib.Algebra.FreeMonoid.Symbols (1.8s)
✔ [1759/9243] Built Mathlib.Algebra.Ring.Subring.Order (1.9s)
✔ [1760/9243] Built Mathlib.Algebra.Module.LinearMap.Prod (1.8s)
✔ [1761/9243] Built Mathlib.Algebra.Order.Invertible (2.6s)
✔ [1762/9243] Built Mathlib.Data.Finset.Basic (4.4s)
✔ [1763/9243] Built Mathlib.Algebra.Order.Module.PositiveLinearMap (3.0s)
✔ [1764/9243] Built Mathlib.Algebra.Algebra.Defs (3.5s)
✔ [1765/9243] Built Mathlib.Algebra.Order.Ring.Cast (2.0s)
✔ [1766/9243] Built Mathlib.Order.Cover (6.2s)
✔ [1767/9243] Built Mathlib.Algebra.Order.Ring.Abs (3.8s)
✔ [1768/9243] Built Mathlib.Data.Finset.Image (4.8s)
✔ [1769/9243] Built Mathlib.Algebra.Order.Ring.Pow (3.2s)
✔ [1770/9243] Built Mathlib.Tactic.Linarith.Lemmas (1.9s)
✔ [1771/9243] Built Mathlib.Tactic.NormNum.Abs (1.9s)
✔ [1772/9243] Built Mathlib.CategoryTheory.Products.Unitor (1.9s)
✔ [1773/9243] Built Mathlib.CategoryTheory.PUnit (1.9s)
✔ [1774/9243] Built Mathlib.CategoryTheory.PEmpty (1.7s)
✔ [1775/9243] Built Mathlib.CategoryTheory.Limits.Shapes.BinaryProducts.WalkingPair (2.0s)
✔ [1776/9243] Built Mathlib.Algebra.Order.Ring.Cone (2.0s)
✔ [1777/9243] Built Mathlib.CategoryTheory.Discrete.SumsProducts (2.0s)
✔ [1778/9243] Built Mathlib.Algebra.Order.BigOperators.Ring.Multiset (2.2s)
✔ [1779/9243] Built Mathlib.Data.PNat.Prime (2.4s)
✔ [1780/9243] Built Mathlib.Data.PNat.Find (2.3s)
✔ [1781/9243] Built Mathlib.Tactic.PNatToNat (2.3s)
✔ [1782/9243] Built Mathlib.Algebra.Module.Torsion.Pi (1.7s)
✔ [1783/9243] Built Mathlib.Algebra.Module.LinearMap.Rat (1.0s)
✔ [1784/9243] Built Mathlib.Algebra.Group.PNatPowAssoc (2.1s)
✔ [1785/9243] Built Mathlib.Data.Ordmap.Invariants (4.6s)
✔ [1786/9243] Built Mathlib.Tactic.CategoryTheory.Monoidal.Datatypes (4.1s)
✔ [1787/9243] Built Mathlib.Algebra.Star.Rat (1.8s)
✔ [1788/9243] Built Mathlib.Data.Multiset.Antidiagonal (1.9s)
✔ [1789/9243] Built Mathlib.Data.Rat.Cast.CharZero (2.3s)
✔ [1790/9243] Built Mathlib.Algebra.Order.WithTop.Untop0 (2.0s)
✔ [1791/9243] Built Mathlib.Algebra.Module.Equiv.Defs (10s)
✔ [1792/9243] Built Mathlib.Data.Set.BooleanAlgebra (1.4s)
✔ [1793/9243] Built Mathlib.Data.ENat.Monoid (3.0s)
✔ [1794/9243] Built Mathlib.Data.List.Pi (1.9s)
✔ [1795/9243] Built Mathlib.GroupTheory.Congruence.Star (1.7s)
✔ [1796/9243] Built Mathlib.LinearAlgebra.Matrix.Defs (4.1s)
✔ [1797/9243] Built Mathlib.GroupTheory.Congruence.Opposite (1.6s)
✔ [1798/9243] Built Mathlib.Data.Fintype.Inv (1.7s)
✔ [1799/9243] Built Mathlib.CategoryTheory.Monoidal.Action.LinearFunctor (3.9s)
✔ [1800/9243] Built Mathlib.RingTheory.Invariant.Defs (1.6s)
✔ [1801/9243] Built Mathlib.Algebra.Algebra.Field (1.7s)
✔ [1802/9243] Built Mathlib.GroupTheory.Congruence.Hom (2.9s)
✔ [1803/9243] Built Mathlib.Tactic.Qify (1.8s)
✔ [1804/9243] Built Mathlib.Data.Int.Order.Lemmas (1.0s)
✔ [1805/9243] Built Mathlib.RingTheory.Congruence.Defs (4.0s)
✔ [1806/9243] Built Mathlib.Data.Rat.Sqrt (1.9s)
✔ [1807/9243] Built Mathlib.Data.Int.Order.Units (2.0s)
✔ [1808/9243] Built Mathlib.Algebra.Order.Floor.Defs (3.4s)
✔ [1809/9243] Built Mathlib.Data.Finset.BooleanAlgebra (2.4s)
✔ [1810/9243] Built Mathlib.Data.Fintype.OfMap (1.9s)
✔ [1811/9243] Built Mathlib.Order.ModularLattice (4.1s)
✔ [1812/9243] Built Mathlib.Tactic.Positivity.Core (5.4s)
✔ [1813/9243] Built Mathlib.Data.Finset.Fold (2.3s)
✔ [1814/9243] Built Mathlib.Algebra.Group.Nat.Range (2.3s)
✔ [1815/9243] Built Mathlib.Data.Num.ZNum (5.7s)
✔ [1816/9243] Built Mathlib.Data.Finset.SymmDiff (2.2s)
✔ [1817/9243] Built Mathlib.Data.Fin.Fin2 (2.6s)
✔ [1818/9243] Built Mathlib.Tactic.Linarith.Datatypes (2.8s)
✔ [1819/9243] Built Mathlib.Data.FunLike.Module (2.4s)
✔ [1820/9243] Built Mathlib.Data.PNat.Factors (2.9s)
✔ [1821/9243] Built Mathlib.Data.Finset.Card (6.0s)
✔ [1822/9243] Built Mathlib.Algebra.Module.LinearMap.Basic (3.9s)
✔ [1823/9243] Built Mathlib.Data.Ordmap.Ordset (3.8s)
✔ [1824/9243] Built Mathlib.Algebra.BigOperators.Ring.Multiset (2.8s)
✔ [1825/9243] Built Mathlib.Algebra.Algebra.Rat (2.5s)
✔ [1826/9243] Built Mathlib.Tactic.CategoryTheory.Monoidal.PureCoherence (4.7s)
✔ [1827/9243] Built Mathlib.Algebra.Module.Equiv.Opposite (2.1s)
✔ [1828/9243] Built Mathlib.Algebra.Module.LinearMap.Star (2.3s)
✔ [1829/9243] Built Mathlib.Tactic.NormNum.Inv (3.0s)
✔ [1830/9243] Built Mathlib.Tactic.CategoryTheory.Monoidal.Normalize (6.2s)
✔ [1831/9243] Built Mathlib.Algebra.Module.ULift (2.9s)
✔ [1832/9243] Built Mathlib.Algebra.Star.SelfAdjoint (5.8s)
✔ [1833/9243] Built Mathlib.Data.Set.Semiring (2.5s)
✔ [1834/9243] Built Mathlib.Data.Set.Lattice.Disjoint (1.7s)
✔ [1835/9243] Built Mathlib.Data.Fintype.Quotient (1.9s)
✔ [1836/9243] Built Mathlib.Order.Interval.Set.Pi (2.5s)
✔ [1837/9243] Built Mathlib.Data.Set.Sigma (3.0s)
✔ [1838/9243] Built Mathlib.Tactic.ENatToNat (2.0s)
✔ [1839/9243] Built Mathlib.Order.Closure (2.9s)
✔ [1840/9243] Built Mathlib.LinearAlgebra.Matrix.Echelon.Basic (1.9s)
✔ [1841/9243] Built Mathlib.GroupTheory.GroupAction.Defs (4.3s)
✔ [1842/9243] Built Mathlib.Data.Set.Lattice.Indexed (2.0s)
✔ [1843/9243] Built Mathlib.RingTheory.Congruence.Star (1.5s)
✔ [1844/9243] Built Mathlib.Algebra.Order.Nonneg.Floor (1.5s)
✔ [1845/9243] Built Mathlib.Data.Int.Lemmas (1.7s)
✔ [1846/9243] Built Mathlib.Data.Matrix.Diagonal (2.5s)
✔ [1847/9243] Built Mathlib.Algebra.ContinuedFractions.Computation.Basic (1.7s)
✔ [1848/9243] Built Mathlib.Control.EquivFunctor.Instances (1.6s)
✔ [1849/9243] Built Mathlib.Data.Finset.Piecewise (1.8s)
✔ [1850/9243] Built Mathlib.CategoryTheory.Comma.Basic (11s)
✔ [1851/9243] Built Mathlib.Tactic.DeriveFintype (1.0s)
✔ [1852/9243] Built Mathlib.Algebra.Order.Floor.Semiring (3.2s)
✔ [1853/9243] Built Mathlib.Algebra.GCDMonoid.Finset (2.2s)
✔ [1854/9243] Built Mathlib.Data.Finset.Union (3.0s)
✔ [1855/9243] Built Mathlib.Algebra.Order.Field.Power (2.0s)
✔ [1856/9243] Built Mathlib.Tactic.Finiteness (1.8s)
✔ [1857/9243] Built Mathlib.Algebra.Order.Module.Field (2.5s)
✔ [1858/9243] Built Mathlib.Algebra.Order.Algebra (2.5s)
✔ [1859/9243] Built Mathlib.Algebra.Order.AbsoluteValue.Basic (3.4s)
✔ [1860/9243] Built Mathlib.Data.Num.Prime (1.9s)
✔ [1861/9243] Built Mathlib.Tactic.FieldSimp.Discharger (2.2s)
✔ [1862/9243] Built Mathlib.Data.Fintype.Sets (2.4s)
✔ [1863/9243] Built Mathlib.Data.Vector3 (2.4s)
✔ [1864/9243] Built Mathlib.Tactic.Linarith.Parsing (2.4s)
✔ [1865/9243] Built Mathlib.Tactic.Linarith.Oracle.FourierMotzkin (2.3s)
✔ [1866/9243] Built Mathlib.Data.Finset.CastCard (2.2s)
✔ [1867/9243] Built Mathlib.Tactic.Linarith.Preprocessing (3.2s)
✔ [1868/9243] Built Mathlib.Tactic.Linarith.Oracle.SimplexAlgorithm (2.6s)
✔ [1869/9243] Built Mathlib.Algebra.Order.Field.Basic (6.5s)
✔ [1870/9243] Built Mathlib.Data.Finset.Fin (1.8s)
✔ [1871/9243] Built Mathlib.CategoryTheory.Monoidal.CoherenceLemmas (1.9s)
✔ [1872/9243] Built Mathlib.Data.TypeVec (4.0s)
✔ [1873/9243] Built Mathlib.LinearAlgebra.ConvexSpace (1.8s)
✔ [1874/9243] Built Mathlib.RingTheory.UniqueFactorizationDomain.Localization (1.8s)
✔ [1875/9243] Built Mathlib.Data.Finset.Sum (2.8s)
✔ [1876/9243] Built Mathlib.Tactic.NormNum.Eq (2.4s)
✔ [1877/9243] Built Mathlib.Logic.Equiv.Sigma (1.4s)
✔ [1878/9243] Built Mathlib.Algebra.Ring.Action.Submonoid (1.7s)
✔ [1879/9243] Built Mathlib.GroupTheory.GroupAction.Transitive (1.5s)
✔ [1880/9243] Built Mathlib.Algebra.Star.StarProjection (2.6s)
✔ [1881/9243] Built Mathlib.Algebra.Module.LinearMap.End (4.8s)
✔ [1882/9243] Built Mathlib.Data.Seq.Basic (3.4s)
✔ [1883/9243] Built Mathlib.Tactic.Positivity.Basic (10s)
✔ [1884/9243] Built Mathlib.Order.Cofinal (1.0s)
✔ [1885/9243] Built Mathlib.Order.Interval.Set.Union (2.4s)
✔ [1886/9243] Built Mathlib.Tactic.CategoryTheory.Monoidal.Basic (4.5s)
✔ [1887/9243] Built Mathlib.Data.Set.UnionLift (1.7s)
✔ [1888/9243] Built Mathlib.LinearAlgebra.Matrix.CharP (1.7s)
✔ [1889/9243] Built Mathlib.Tactic.Widget.StringDiagram (6.2s)
✔ [1890/9243] Built Mathlib.Data.Set.Lattice.Bounded (4.0s)
✔ [1891/9243] Built Mathlib.Data.Finset.Pi (2.6s)
✔ [1892/9243] Built Mathlib.Data.Int.Log (3.3s)
✔ [1893/9243] Built Mathlib.Basic.Sign.Defs (3.6s)
✔ [1894/9243] Built Mathlib.Data.Finset.Prod (3.9s)
✔ [1895/9243] Built Mathlib.Data.Finset.Option (2.7s)
✔ [1896/9243] Built Mathlib.Algebra.Order.Module.Pointwise (3.2s)
✔ [1897/9243] Built Mathlib.Order.ConditionallyCompleteLattice.Basic (6.1s)
✔ [1898/9243] Built Mathlib.Data.Int.AbsoluteValue (2.1s)
✔ [1899/9243] Built Mathlib.Algebra.Order.AbsoluteValue.Euclidean (2.1s)
✔ [1900/9243] Built Mathlib.CategoryTheory.Comma.Arrow (5.5s)
✔ [1901/9243] Built Mathlib.Data.Fintype.Basic (2.6s)
✔ [1902/9243] Built Mathlib.Tactic.Ring.Common (11s)
✔ [1903/9243] Built Mathlib.Tactic.Linarith.Verification (2.6s)
✔ [1904/9243] Built Mathlib.LinearAlgebra.ConvexSpace.AffineSpace (1.0s)
✔ [1905/9243] Built Mathlib.Data.Nat.Cast.Order.Field (2.0s)
✔ [1906/9243] Built Mathlib.Control.Functor.Multivariate (2.5s)
✔ [1907/9243] Built Mathlib.Algebra.ContinuedFractions.Translations (2.2s)
✔ [1908/9243] Built Mathlib.Algebra.BigOperators.Group.Finset.Defs (6.2s)
✔ [1909/9243] Built Mathlib.Tactic.NormNum.Ineq (4.5s)
✔ [1910/9243] Built Mathlib.Tactic.NormNum.OfScientific (2.9s)
✔ [1911/9243] Built Mathlib.Data.WSeq.Basic (3.9s)
✔ [1912/9243] Built Mathlib.Data.Set.Constructions (2.6s)
✔ [1913/9243] Built Mathlib.Algebra.Order.CauSeq.Basic (7.1s)
✔ [1914/9243] Built Mathlib.Tactic.Monotonicity.Lemmas (1.5s)
✔ [1915/9243] Built Mathlib.Data.Finset.Lattice.Fold (6.7s)
✔ [1916/9243] Built Mathlib.Order.DirSupClosed (3.1s)
✔ [1917/9243] Built Mathlib.Data.Semiquot (1.9s)
✔ [1918/9243] Built Mathlib.Data.Set.Lattice.Order (1.9s)
✔ [1919/9243] Built Mathlib.Order.Concept (2.9s)
✔ [1920/9243] Built Mathlib.Algebra.Order.Group.Pointwise.Interval (8.9s)
✔ [1921/9243] Built Mathlib.Order.CompleteLattice.Chain (1.7s)
✔ [1922/9243] Built Mathlib.Logic.Small.Set (1.7s)
✔ [1923/9243] Built Mathlib.Order.BourbakiWitt (2.2s)
✔ [1924/9243] Built Mathlib.Tactic.FieldSimp (12s)
✔ [1925/9243] Built Mathlib.Data.Set.Pairwise.Lattice (1.7s)
✔ [1926/9243] Built Mathlib.Data.Sign.Defs (1.7s)
✔ [1927/9243] Built Mathlib.Order.Filter.Basic (4.0s)
✔ [1928/9243] Built Mathlib.Data.Finset.Update (2.1s)
✔ [1929/9243] Built Mathlib.Order.SemiconjSup (1.6s)
✔ [1930/9243] Built Mathlib.Order.Monotone.Extension (1.8s)
✔ [1931/9243] Built Mathlib.Data.Set.Lattice.Image (3.0s)
✔ [1932/9243] Built Mathlib.Data.Finset.PImage (2.9s)
✔ [1933/9243] Built Mathlib.Algebra.Order.Group.Indicator (2.4s)
✔ [1934/9243] Built Mathlib.Order.CompleteLattice.PiLex (2.9s)
✔ [1935/9243] Built Mathlib.Algebra.Order.Group.Action (1.6s)
✔ [1936/9243] Built Mathlib.Computability.TuringMachine.PostTuringMachine (3.9s)
✔ [1937/9243] Built Mathlib.Algebra.Tropical.Lattice (3.7s)
✔ [1938/9243] Built Mathlib.Order.SaddlePoint (1.8s)
✔ [1939/9243] Built Mathlib.Order.OrdContinuous (1.9s)
✔ [1940/9243] Built Mathlib.Algebra.Module.Equiv.Basic (13s)
✔ [1941/9243] Built Mathlib.Data.Sym.Sym2 (6.0s)
✔ [1942/9243] Built Mathlib.Order.Copy (2.1s)
✔ [1943/9243] Built Mathlib.CategoryTheory.Comma.CatCommSq (1.6s)
✔ [1944/9243] Built Mathlib.Order.Fin.SuccAboveOrderIso (1.4s)
✔ [1945/9243] Built Mathlib.Order.ConditionallyCompleteLattice.Indexed (3.5s)
✔ [1946/9243] Built Mathlib.CategoryTheory.CommSq (2.0s)
✔ [1947/9243] Built Mathlib.Order.CompleteLatticeIntervals (3.3s)
✔ [1948/9243] Built Mathlib.Data.Fintype.Card (2.3s)
✔ [1949/9243] Built Mathlib.Algebra.Group.TransferInstance (2.2s)
✔ [1950/9243] Built Mathlib.Order.SuccPred.Basic (5.0s)
✔ [1951/9243] Built Mathlib.CategoryTheory.MorphismProperty.Basic (3.7s)
✔ [1952/9243] Built Mathlib.Algebra.ContinuedFractions.TerminatedStable (1.8s)
✔ [1953/9243] Built Mathlib.Algebra.ContinuedFractions.ContinuantsRecurrence (1.8s)
✔ [1954/9243] Built Mathlib.Data.Nat.GCD.BigOperators (1.9s)
✔ [1955/9243] Built Mathlib.Data.Rat.BigOperators (2.0s)
✔ [1956/9243] Built Mathlib.Algebra.BigOperators.RingEquiv (1.9s)
✔ [1957/9243] Built Mathlib.Algebra.CharP.Two (2.2s)
✔ [1958/9243] Built Mathlib.Algebra.Regular.Pow (1.9s)
✔ [1959/9243] Built Mathlib.Tactic.CancelDenoms (1.8s)
✔ [1960/9243] Built Mathlib.Tactic.Ring.Basic (4.7s)
✔ [1961/9243] Built Mathlib.Tactic.Monotonicity (1.2s)
✔ [1962/9243] Built Mathlib.Tactic.NormNum.DivMod (2.4s)
✔ [1963/9243] Built Mathlib.Data.WSeq.Defs (2.1s)
✔ [1964/9243] Built Mathlib.Algebra.Order.Ring.Finset (2.2s)
✔ [1965/9243] Built Mathlib.Data.WSeq.Relation (3.4s)
✔ [1966/9243] Built Mathlib.Combinatorics.SetFamily.Compression.Down (2.4s)
✔ [1967/9243] Built Mathlib.Algebra.Order.CauSeq.Completion (4.2s)
✔ [1968/9243] Built Mathlib.Algebra.Order.GroupWithZero.Finset (2.4s)
✔ [1969/9243] Built Mathlib.Algebra.Order.Field.Pi (2.2s)
✔ [1970/9243] Built Mathlib.Data.Finset.Max (3.9s)
✔ [1971/9243] Built Mathlib.Data.Finset.Pairwise (1.7s)
✔ [1972/9243] Built Mathlib.Topology.MetricSpace.BundledFun (3.3s)
✔ [1973/9243] Built Mathlib.Data.Finset.Lattice.Prod (2.1s)
✔ [1974/9243] Built Mathlib.Order.Irreducible (2.3s)
✔ [1975/9243] Built Mathlib.Data.Finset.Lattice.Union (1.7s)
✔ [1976/9243] Built Mathlib.Order.Zorn (1.8s)
✔ [1977/9243] Built Mathlib.Data.FP.Basic (1.9s)
✔ [1978/9243] Built Mathlib.Algebra.Group.Pointwise.Set.Small (1.4s)
✔ [1979/9243] Built Mathlib.Algebra.BigOperators.Group.Finset.Basic (7.7s)
✔ [1980/9243] Built Mathlib.Data.Set.Pairwise.Chain (1.2s)
✔ [1981/9243] Built Mathlib.Order.Filter.AtTopBot.Defs (1.5s)
✔ [1982/9243] Built Mathlib.AlgebraicTopology.SimplicialComplex.Basic (2.3s)
✔ [1983/9243] Built Mathlib.Order.Interval.Set.IsoIoo (1.0s)
✔ [1984/9243] Built Mathlib.Data.Set.Lattice (1.2s)
✔ [1985/9243] Built Mathlib.Order.FixedPoints (2.3s)
✔ [1986/9243] Built Mathlib.Tactic.Peel (1.9s)
✔ [1987/9243] Built Mathlib.Order.CompleteLattice.Finset (2.6s)
✔ [1988/9243] Built Mathlib.Order.Interval.Set.OrdConnectedComponent (2.1s)
✔ [1989/9243] Built Mathlib.Data.Nat.Pairing (1.9s)
✔ [1990/9243] Built Mathlib.Algebra.Group.Pointwise.Set.Lattice (2.6s)
✔ [1991/9243] Built Mathlib.Algebra.Group.Subsemigroup.Basic (2.4s)
✔ [1992/9243] Built Mathlib.Data.Set.Functor (2.4s)
✔ [1993/9243] Built Mathlib.Order.Bounds.Lattice (1.9s)
✔ [1994/9243] Built Mathlib.Algebra.Group.Action.Pointwise.Set.Basic (3.4s)
✔ [1995/9243] Built Mathlib.Order.Interval.Basic (3.7s)
✔ [1996/9243] Built Mathlib.Order.Filter.Map (3.6s)
✔ [1997/9243] Built Mathlib.Algebra.Order.Module.Equiv (1.9s)
✔ [1998/9243] Built Mathlib.LinearAlgebra.GeneralLinearGroup.Basic (2.5s)
✔ [1999/9243] Built Mathlib.Order.Interval.Set.Disjoint (3.2s)
✔ [2000/9243] Built Mathlib.Order.UpperLower.CompleteLattice (4.3s)
✔ [2001/9243] Built Mathlib.Order.GameAdd (2.0s)
✔ [2002/9243] Built Mathlib.CategoryTheory.ComposableArrows.Basic (17s)
✔ [2003/9243] Built Mathlib.Data.Sym.Sym2.Order (2.0s)
✔ [2004/9243] Built Mathlib.Algebra.Order.Group.CompleteLattice (1.5s)
✔ [2005/9243] Built Mathlib.Order.ConditionallyCompleteLattice.Group (1.4s)
✔ [2006/9243] Built Mathlib.Order.Hom.CompleteLattice (4.6s)
✔ [2007/9243] Built Mathlib.Data.List.Sym (3.5s)
✔ [2008/9243] Built Mathlib.Combinatorics.Graph.Basic (3.8s)
✔ [2009/9243] Built Mathlib.Algebra.Group.TypeTags.Finite (1.4s)
✔ [2010/9243] Built Mathlib.CategoryTheory.FiberedCategory.HomLift (2.1s)
✔ [2011/9243] Built Mathlib.GroupTheory.DedekindFinite (1.4s)
✔ [2012/9243] Built Mathlib.CategoryTheory.Bicategory.LocallyDiscrete (2.2s)
✔ [2013/9243] Built Mathlib.Algebra.Order.Group.Pointwise.CompleteLattice (3.7s)
✔ [2014/9243] Built Mathlib.Data.Fintype.Parity (1.4s)
✔ [2015/9243] Built Mathlib.Data.Fin.Pigeonhole (1.6s)
✔ [2016/9243] Built Mathlib.Combinatorics.SetFamily.Intersecting (1.8s)
✔ [2017/9243] Built Mathlib.Algebra.Order.Nonneg.Lattice (1.8s)
✔ [2018/9243] Built Mathlib.Algebra.Group.Action.TransferInstance (1.5s)
✔ [2019/9243] Built Mathlib.Algebra.GroupWithZero.TransferInstance (1.6s)
✔ [2020/9243] Built Mathlib.Data.Fintype.EquivFin (2.1s)
✔ [2021/9243] Built Mathlib.Order.Interval.Set.SuccOrder (1.6s)
✔ [2022/9243] Built Mathlib.Data.Fin.SuccPredOrder (1.6s)
✔ [2023/9243] Built Mathlib.Order.Shrink (1.6s)
✔ [2024/9243] Built Mathlib.CategoryTheory.Square (4.4s)
✔ [2025/9243] Built Mathlib.Order.Interval.Set.SuccPred (2.3s)
✔ [2026/9243] Built Mathlib.Algebra.Ring.TransferInstance (2.4s)
✔ [2027/9243] Built Mathlib.Order.SuccPred.WithBot (1.7s)
✔ [2028/9243] Built Mathlib.CategoryTheory.MorphismProperty.IsInvertedBy (1.7s)
✔ [2029/9243] Built Mathlib.CategoryTheory.MorphismProperty.OfObjectProperty (1.6s)
✔ [2030/9243] Built Mathlib.CategoryTheory.MorphismProperty.IsSmall (1.7s)
✔ [2031/9243] Built Mathlib.Order.SuccPred.Archimedean (2.6s)
✔ [2032/9243] Built Mathlib.CategoryTheory.Groupoid (2.5s)
✔ [2033/9243] Built Mathlib.CategoryTheory.MorphismProperty.Composition (2.8s)
✔ [2034/9243] Built Mathlib.Algebra.ContinuedFractions.ConvergentsEquiv (2.2s)
✔ [2035/9243] Built Mathlib.Data.Nat.ChineseRemainder (2.1s)
✔ [2036/9243] Built Mathlib.Tactic.Field (1.9s)
✔ [2037/9243] Built Mathlib.CategoryTheory.MorphismProperty.Factorization (3.2s)
✔ [2038/9243] Built Mathlib.Order.Atoms (5.7s)
✔ [2039/9243] Built Mathlib.Tactic.Ring.Compare (2.6s)
✔ [2040/9243] Built Mathlib.Tactic.Algebra.Lemmas (2.4s)
✔ [2041/9243] Built Mathlib.Tactic.Ring.PNat (1.8s)
✔ [2042/9243] Built Mathlib.Tactic.NormNum.ModEq (1.9s)
✔ [2043/9243] Built Mathlib.Data.WSeq.Productive (1.8s)
✔ [2044/9243] Built Mathlib.Tactic.Linarith.Frontend (3.3s)
✔ [2045/9243] Built Mathlib.Tactic.Ring.RingNF (3.0s)
✔ [2046/9243] Built Mathlib.Data.Fintype.Lattice (1.9s)
✔ [2047/9243] Built Mathlib.Data.Seq.Parallel (2.6s)
✔ [2048/9243] Built Mathlib.Data.Finset.Lattice.Pi (1.7s)
✔ [2049/9243] Built Mathlib.Order.Extension.Linear (1.5s)
✔ [2050/9243] Built Mathlib.Algebra.Order.Group.Finset (2.2s)
✔ [2051/9243] Built Mathlib.Algebra.BigOperators.Option (1.7s)
✔ [2052/9243] Built Mathlib.Data.Finset.Powerset (2.9s)
✔ [2053/9243] Built Mathlib.Basic.Real.Basic (3.0s)
✔ [2054/9243] Built Mathlib.Dynamics.BirkhoffSum.Basic (2.1s)
✔ [2055/9243] Built Mathlib.RingTheory.Prime (2.2s)
✔ [2056/9243] Built Mathlib.Data.Multiset.Fintype (3.2s)
✔ [2057/9243] Built Mathlib.NumberTheory.Harmonic.Defs (1.8s)
✔ [2058/9243] Built Mathlib.Data.Holor (2.8s)
✔ [2059/9243] Built Mathlib.Algebra.Group.EvenFunction (1.9s)
✔ [2060/9243] Built Mathlib.Algebra.BigOperators.GroupWithZero.Finset (1.9s)
✔ [2061/9243] Built Mathlib.Algebra.GradedMonoid (3.6s)
✔ [2062/9243] Built Mathlib.Algebra.Order.BigOperators.GroupWithZero.Finset (2.4s)
✔ [2063/9243] Built Mathlib.Topology.Defs.Sequences (1.7s)
✔ [2064/9243] Built Mathlib.Algebra.BigOperators.Group.Finset.Lemmas (2.2s)
✔ [2065/9243] Built Mathlib.Tactic.NormNum.BigOperators (4.2s)
✔ [2066/9243] Built Mathlib.Algebra.BigOperators.Group.Finset.Indicator (2.1s)
✔ [2067/9243] Built Mathlib.SetTheory.Cardinal.SchroederBernstein (2.6s)
✔ [2068/9243] Built Mathlib.Logic.Equiv.Nat (1.6s)
✔ [2069/9243] Built Mathlib.Data.Finset.NoncommProd (3.6s)
✔ [2070/9243] Built Mathlib.Algebra.BigOperators.Group.Finset.Piecewise (3.7s)
✔ [2071/9243] Built Mathlib.Algebra.Group.Pointwise.Set.SelfInv (1.0s)
✔ [2072/9243] Built Mathlib.Data.Set.Subset (2.1s)
✔ [2073/9243] Built Mathlib.Data.Finset.Sigma (2.8s)
✔ [2074/9243] Built Mathlib.Tactic.DeriveCountable (2.7s)
✔ [2075/9243] Built Mathlib.GroupTheory.Subsemigroup.Centralizer (1.0s)
✔ [2076/9243] Built Mathlib.Control.Traversable.Instances (2.1s)
✔ [2077/9243] Built Mathlib.Algebra.Group.Subsemigroup.Membership (2.1s)
✔ [2078/9243] Built Mathlib.Algebra.Order.Group.Action.Flag (1.5s)
✔ [2079/9243] Built Mathlib.Algebra.Group.Submonoid.Basic (3.3s)
✔ [2080/9243] Built Mathlib.Order.ScottContinuity.Prod (2.3s)
✔ [2081/9243] Built Mathlib.Dynamics.FixedPoints.Prufer (1.0s)
✔ [2082/9243] Built Mathlib.Algebra.Group.Subsemigroup.MulOpposite (2.6s)
✔ [2083/9243] Built Mathlib.Order.Filter.Tendsto (2.2s)
✔ [2084/9243] Built Mathlib.Order.Interval.Lex (2.3s)
✔ [2085/9243] Built Mathlib.Algebra.GroupWithZero.Action.Pointwise.Set (2.8s)
✔ [2086/9243] Built Mathlib.Order.Filter.AtTopBot.Disjoint (1.7s)
✔ [2087/9243] Built Mathlib.Order.Filter.Ker (2.0s)
✔ [2088/9243] Built Mathlib.Order.Completion (2.6s)
✔ [2089/9243] Built Mathlib.Order.UpperLower.Principal (2.8s)
✔ [2090/9243] Built Mathlib.Algebra.Group.Subsemigroup.Operations (5.7s)
✔ [2091/9243] Built Mathlib.Order.Filter.Bases.Basic (3.5s)
✔ [2092/9243] Built Mathlib.CategoryTheory.ComposableArrows.Two (2.6s)
✔ [2093/9243] Built Mathlib.CategoryTheory.ComposableArrows.Four (3.5s)
✔ [2094/9243] Built Mathlib.CategoryTheory.ComposableArrows.Three (2.9s)
✔ [2095/9243] Built Mathlib.CategoryTheory.ComposableArrows.One (2.7s)
✔ [2096/9243] Built Mathlib.Data.Multiset.Sym (2.2s)
✔ [2097/9243] Built Mathlib.Order.Nucleus (3.3s)
✔ [2098/9243] Built Mathlib.CategoryTheory.FiberedCategory.Fiber (2.5s)
✔ [2099/9243] Built Mathlib.Algebra.GroupWithZero.Action.TransferInstance (1.6s)
✔ [2100/9243] Built Mathlib.Algebra.Order.Nonneg.Ring (2.1s)
✔ [2101/9243] Built Mathlib.Combinatorics.Graph.Subgraph (3.2s)
✔ [2102/9243] Built Mathlib.CategoryTheory.FiberedCategory.Cocartesian (2.0s)
✔ [2103/9243] Built Mathlib.CategoryTheory.FiberedCategory.Cartesian (2.0s)
✔ [2104/9243] Built Mathlib.Algebra.Group.Shrink (2.4s)
✔ [2105/9243] Built Mathlib.Data.Fintype.Prod (1.0s)
✔ [2106/9243] Built Mathlib.Data.Fintype.Sum (2.0s)
✔ [2107/9243] Built Mathlib.CategoryTheory.FiberedCategory.BasedCategory (4.1s)
✔ [2108/9243] Built Mathlib.Data.Fintype.Shrink (1.8s)
✔ [2109/9243] Built Mathlib.Data.Fintype.Pigeonhole (1.0s)
✔ [2110/9243] Built Mathlib.Data.Finset.Sort (3.0s)
✔ [2111/9243] Built Mathlib.Data.FinEnum (3.1s)
✔ [2112/9243] Built Mathlib.Algebra.CharZero.Infinite (1.0s)
✔ [2113/9243] Built Mathlib.Data.ZMod.Defs (2.7s)
✔ [2114/9243] Built Mathlib.Data.Fintype.Perm (2.6s)
✔ [2115/9243] Built Mathlib.CategoryTheory.FinCategory.Basic (1.8s)
✔ [2116/9243] Built Mathlib.Basic.Finite.Set (1.8s)
✔ [2117/9243] Built Mathlib.Data.Fintype.Option (1.9s)
✔ [2118/9243] Built Mathlib.Logic.Equiv.Fintype (2.6s)
✔ [2119/9243] Built Mathlib.Algebra.Star.TransferInstance (1.8s)
✔ [2120/9243] Built Mathlib.Algebra.Field.TransferInstance (2.0s)
✔ [2121/9243] Built Mathlib.Order.Interval.Set.Monotone (2.0s)
✔ [2122/9243] Built Mathlib.Algebra.Order.SuccPred.TypeTags (1.8s)
✔ [2123/9243] Built Mathlib.Order.SuccPred.Relation (2.1s)
✔ [2124/9243] Built Mathlib.Order.SuccPred.IntervalSucc (2.7s)
✔ [2125/9243] Built Mathlib.Data.Set.Finite.Basic (3.0s)
✔ [2126/9243] Built Mathlib.CategoryTheory.Groupoid.Discrete (2.2s)
✔ [2127/9243] Built Mathlib.CategoryTheory.Groupoid.Basic (2.1s)
✔ [2128/9243] Built Mathlib.CategoryTheory.IsConnected (3.3s)
✔ [2129/9243] Built Mathlib.CategoryTheory.Endomorphism (3.4s)
✔ [2130/9243] Built Mathlib.CategoryTheory.ObjectProperty.InheritedFromHom (2.3s)
✔ [2131/9243] Built Mathlib.CategoryTheory.EpiMono (3.5s)
✔ [2132/9243] Built Mathlib.CategoryTheory.Widesubcategory (2.6s)
✔ [2133/9243] Built Mathlib.CategoryTheory.Quotient (4.1s)
✔ [2134/9243] Built Mathlib.Logic.Godel.GodelBetaFunction (2.4s)
✔ [2135/9243] Built Mathlib.Order.SuccPred.Tree (2.3s)
✔ [2136/9243] Built Mathlib.AlgebraicTopology.ModelCategory.CategoryWithCofibrations (2.9s)
✔ [2137/9243] Built Mathlib.Order.SuccPred.Limit (5.4s)
✔ [2138/9243] Built Mathlib.Order.ZornAtoms (1.9s)
✔ [2139/9243] Built Mathlib.Order.Radical (2.0s)
✔ [2140/9243] Built Mathlib.Tactic.Ring (1.6s)
✔ [2141/9243] Built Mathlib.Data.Fintype.List (1.7s)
✔ [2142/9243] Built Mathlib.Data.Fintype.Powerset (1.8s)
✔ [2143/9243] Built Mathlib.Tactic.LinearCombination (2.5s)
✔ [2144/9243] Built Mathlib.Algebra.BigOperators.Group.Finset.Powerset (1.9s)
✔ [2145/9243] Built Mathlib.Basic.Real.Star (1.8s)
✔ [2146/9243] Built Mathlib.Data.Real.Basic (1.6s)
✔ [2147/9243] Built Mathlib.Tactic.Bound (2.5s)
✔ [2148/9243] Built Mathlib.Tactic.ComputeAsymptotics.Multiseries.Monomial.Predicates (1.9s)
✔ [2149/9243] Built Mathlib.Basic.Real.Sign (1.7s)
✔ [2150/9243] Built Mathlib.Dynamics.BirkhoffSum.Average (2.0s)
✔ [2151/9243] Built Mathlib.Algebra.GradedMulAction (1.8s)
✔ [2152/9243] Built Mathlib.Basic.Countable.Basic (1.8s)
✔ [2153/9243] Built Mathlib.Algebra.BigOperators.WithTop (2.1s)
✔ [2154/9243] Built Mathlib.Data.Finset.PiInduction (1.9s)
✔ [2155/9243] Built Mathlib.Logic.Encodable.Basic (2.7s)
✔ [2156/9243] Built Mathlib.Algebra.Group.Pointwise.Set.BigOperators (2.7s)
✔ [2157/9243] Built Mathlib.GroupTheory.Perm.Support (3.1s)
✔ [2158/9243] Built Mathlib.Algebra.BigOperators.Pi (3.2s)
✔ [2159/9243] Built Mathlib.Data.Finmap (3.2s)
✔ [2160/9243] Built Mathlib.Data.DList.Instances (1.9s)
✔ [2161/9243] Built Mathlib.Data.Multiset.Functor (2.1s)
✔ [2162/9243] Built Mathlib.Algebra.BigOperators.Group.Finset.Sigma (2.4s)
✔ [2163/9243] Built Mathlib.Data.Fintype.Sigma (2.8s)
✔ [2164/9243] Built Mathlib.Order.Filter.ListTraverse (2.0s)
✔ [2165/9243] Built Mathlib.Order.ScottContinuity.Complete (1.6s)
✔ [2166/9243] Built Mathlib.Algebra.Ring.Submonoid.Basic (1.3s)
✔ [2167/9243] Built Mathlib.Order.Filter.AtTopBot.Map (1.4s)
✔ [2168/9243] Built Mathlib.Algebra.Group.Submonoid.MulOpposite (1.9s)
✔ [2169/9243] Built Mathlib.Algebra.Group.Submonoid.BigOperators (2.4s)
✔ [2170/9243] Built Mathlib.Algebra.Group.Submonoid.Saturation (3.1s)
✔ [2171/9243] Built Mathlib.Order.Filter.IndicatorFunction (2.5s)
✔ [2172/9243] Built Mathlib.Order.Filter.Partial (2.4s)
✔ [2173/9243] Built Mathlib.Algebra.Ring.Action.Pointwise.Set (2.3s)
✔ [2174/9243] Built Mathlib.Data.Set.Pointwise.Support (1.9s)
✔ [2175/9243] Built Mathlib.Order.Filter.Prod (3.4s)
✔ [2176/9243] Built Mathlib.Order.Filter.Extr (3.3s)
✔ [2177/9243] Built Mathlib.Order.Filter.AtTopBot.Tendsto (1.9s)
✔ [2178/9243] Built Mathlib.GroupTheory.Subsemigroup.Lemmas (1.4s)
✔ [2179/9243] Built Mathlib.Order.UpperLower.Hom (1.0s)
✔ [2180/9243] Built Mathlib.Algebra.Order.Ring.NNRat (1.5s)
✔ [2181/9243] Built Mathlib.Algebra.Module.TransferInstance (1.8s)
✔ [2182/9243] Built Mathlib.Order.UpperLower.Closure (2.9s)
✔ [2183/9243] Built Mathlib.Combinatorics.Graph.Lattice (1.9s)
✔ [2184/9243] Built Mathlib.Combinatorics.Graph.Maps (1.0s)
✔ [2185/9243] Built Mathlib.Order.Filter.Germ.Basic (5.9s)
✔ [2186/9243] Built Mathlib.CategoryTheory.FiberedCategory.Fibered (1.9s)
✔ [2187/9243] Built Mathlib.Algebra.Order.Nonneg.Field (2.7s)
✔ [2188/9243] Built Mathlib.Combinatorics.Graph.Delete (2.4s)
✔ [2189/9243] Built Mathlib.Algebra.GroupWithZero.Shrink (1.6s)
✔ [2190/9243] Built Mathlib.Algebra.Group.Submonoid.Operations (7.8s)
✔ [2191/9243] Built Mathlib.Algebra.Ring.Shrink (1.6s)
✔ [2192/9243] Built Mathlib.Basic.Finite.Sum (1.5s)
✔ [2193/9243] Built Mathlib.Data.FinEnum.Option (1.6s)
✔ [2194/9243] Built Mathlib.Data.Fintype.Sort (1.6s)
✔ [2195/9243] Built Mathlib.Computability.Language (2.7s)
✔ [2196/9243] Built Mathlib.Data.BitVec (1.8s)
✔ [2197/9243] Built Mathlib.Data.Fin.Parity (1.9s)
✔ [2198/9243] Built Mathlib.Data.Finite.Set (1.5s)
✔ [2199/9243] Built Mathlib.Order.Circular.ZMod (1.8s)
✔ [2200/9243] Built Mathlib.Order.Interval.Finset.Gaps (2.6s)
✔ [2201/9243] Built Mathlib.CategoryTheory.FinCategory.AsType (2.1s)
✔ [2202/9243] Built Mathlib.Algebra.Field.Shrink (1.5s)
✔ [2203/9243] Built Mathlib.Data.Fintype.WithTopBot (1.6s)
✔ [2204/9243] Built Mathlib.Data.Set.Finite.Powerset (1.5s)
✔ [2205/9243] Built Mathlib.Data.Finset.Preimage (2.3s)
✔ [2206/9243] Built Mathlib.Data.Finset.DenselyOrdered (1.7s)
✔ [2207/9243] Built Mathlib.Algebra.Star.Pointwise (2.1s)
✔ [2208/9243] Built Mathlib.Algebra.FiniteSupport.Defs (1.9s)
✔ [2209/9243] Built Mathlib.Order.Interval.Set.Infinite (1.8s)
✔ [2210/9243] Built Mathlib.Algebra.Group.Action.Pointwise.Set.Finite (2.2s)
✔ [2211/9243] Built Mathlib.Data.Fintype.Pi (2.6s)
✔ [2212/9243] Built Mathlib.Data.Nat.Count (2.4s)
✔ [2213/9243] Built Mathlib.Data.Set.Finite.Range (2.1s)
✔ [2214/9243] Built Mathlib.Order.Preorder.Finite (2.4s)
✔ [2215/9243] Built Mathlib.Order.SupIndep (4.1s)
✔ [2216/9243] Built Mathlib.CategoryTheory.ConnectedComponents (2.1s)
✔ [2217/9243] Built Mathlib.CategoryTheory.Conj (2.0s)
✔ [2218/9243] Built Mathlib.CategoryTheory.Center.Basic (2.0s)
✔ [2219/9243] Built Mathlib.CategoryTheory.Balanced (1.7s)
✔ [2220/9243] Built Mathlib.CategoryTheory.MorphismProperty.Quotient (1.7s)
✔ [2221/9243] Built Mathlib.CategoryTheory.Types.Basic (2.9s)
✔ [2222/9243] Built Mathlib.CategoryTheory.Retract (3.0s)
✔ [2223/9243] Built Mathlib.Order.SuccPred.InitialSeg (1.8s)
✔ [2224/9243] Built Mathlib.CategoryTheory.PathCategory.Basic (2.6s)
✔ [2225/9243] Built Mathlib.Data.DFinsupp.Defs (5.6s)
✔ [2226/9243] Built Mathlib.Order.SuccPred.CompleteLinearOrder (2.6s)
✔ [2227/9243] Built Mathlib.Order.Filter.Ultrafilter.Defs (2.7s)
✔ [2228/9243] Built Mathlib.Order.Interval.Set.Limit (1.8s)
✔ [2229/9243] Built Mathlib.CategoryTheory.Monad.Basic (4.3s)
✔ [2230/9243] Built Mathlib.Order.TransfiniteIteration (1.9s)
✔ [2231/9243] Built Mathlib.Algebra.ContinuedFractions.Determinant (2.1s)
✔ [2232/9243] Built Mathlib.Tactic.Group (2.2s)
✔ [2233/9243] Built Mathlib.Algebra.Order.SuccPred (3.9s)
✔ [2234/9243] Built Mathlib.Data.Nat.Factorial.DoubleFactorial (2.5s)
✔ [2235/9243] Built Mathlib.Algebra.Quandle (3.7s)
✔ [2236/9243] Built Mathlib.RingTheory.Coprime.Basic (3.1s)
✔ [2237/9243] Built Mathlib.Tactic.LinearCombinationPrime (3.0s)
✔ [2238/9243] Built Mathlib.Order.DirectedInverseSystem (5.8s)
✔ [2239/9243] Built Mathlib.Data.Set.Finite.Lemmas (1.8s)
✔ [2240/9243] Built Mathlib.Algebra.Ring.BooleanRing (4.6s)
✔ [2241/9243] Built Mathlib.Data.PNat.Xgcd (2.8s)
✔ [2242/9243] Built Mathlib.Data.SetLike.Fintype (1.5s)
✔ [2243/9243] Built Mathlib.Basic.Complex.Basic (5.6s)
✔ [2244/9243] Built Mathlib.Algebra.Ring.Identities (3.2s)
✔ [2245/9243] Built Mathlib.Combinatorics.SetFamily.HarrisKleitman (2.6s)
✔ [2246/9243] Built Mathlib.Combinatorics.Hall.Finite (2.6s)
✔ [2247/9243] Built Mathlib.Data.Real.Star (1.7s)
✔ [2248/9243] Built Mathlib.Data.Countable.Basic (1.6s)
✔ [2249/9243] Built Mathlib.Data.Real.Sign (1.9s)
✔ [2250/9243] Built Mathlib.RingTheory.FilteredAlgebra.Basic (1.8s)
✔ [2251/9243] Built Mathlib.Data.NNRat.Encodable (1.6s)
✔ [2252/9243] Built Mathlib.Basic.Denumerable (2.4s)
✔ [2253/9243] Built Mathlib.Data.Rat.Encodable (1.7s)
✔ [2254/9243] Built Mathlib.Logic.Encodable.Lattice (2.3s)
✔ [2255/9243] Built Mathlib.Data.List.Cycle (6.6s)
✔ [2256/9243] Built Mathlib.Algebra.Star.Conjneg (2.6s)
✔ [2257/9243] Built Mathlib.Tactic.DeriveEncodable (3.5s)
✔ [2258/9243] Built Mathlib.Order.Ideal (4.1s)
✔ [2259/9243] Built Mathlib.GroupTheory.Perm.List (3.3s)
✔ [2260/9243] Built Mathlib.Basic.Finite.Sigma (2.4s)
✔ [2261/9243] Built Mathlib.Algebra.Group.Translate (2.7s)
✔ [2262/9243] Built Mathlib.Order.Filter.Curry (1.7s)
✔ [2263/9243] Built Mathlib.Order.Filter.NAry (2.1s)
✔ [2264/9243] Built Mathlib.Algebra.Order.Rearrangement (4.9s)
✔ [2265/9243] Built Mathlib.Algebra.Group.Subgroup.MulOpposite (2.8s)
✔ [2266/9243] Built Mathlib.RingTheory.UniqueFactorizationDomain.Defs (2.7s)
✔ [2267/9243] Built Mathlib.Order.Filter.AtTopBot.CompleteLattice (1.8s)
✔ [2268/9243] Built Mathlib.Order.Filter.AtTopBot.Monoid (2.1s)
✔ [2269/9243] Built Mathlib.Algebra.Module.Shrink (2.3s)
✔ [2270/9243] Built Mathlib.Order.Filter.AtTopBot.Basic (3.2s)
✔ [2271/9243] Built Mathlib.Order.Filter.Germ.OrderedMonoid (2.0s)
✔ [2272/9243] Built Mathlib.Algebra.Order.Field.Rat (1.7s)
✔ [2273/9243] Built Mathlib.Algebra.WithConv (3.0s)
✔ [2274/9243] Built Mathlib.Data.Rat.Cast.Lemmas (2.1s)
✔ [2275/9243] Built Mathlib.Order.UpperLower.Prod (2.8s)
✔ [2276/9243] Built Mathlib.Algebra.Order.BigOperators.Group.Finset (6.7s)
✔ [2277/9243] Built Mathlib.CategoryTheory.FiberedCategory.HasFibers (2.6s)
✔ [2278/9243] Built Mathlib.Algebra.Order.UpperLower (3.5s)
✔ [2279/9243] Built Mathlib.Combinatorics.Graph.Connected.EdgeCut (2.6s)
✔ [2280/9243] Built Mathlib.Algebra.Order.Hom.Submonoid (1.4s)
✔ [2281/9243] Built Mathlib.Algebra.GroupWithZero.Submonoid.Instances (1.8s)
✔ [2282/9243] Built Mathlib.Algebra.PresentedMonoid.Basic (2.8s)
✔ [2283/9243] Built Mathlib.Algebra.Group.Submonoid.Finite (2.1s)
✔ [2284/9243] Built Mathlib.Data.Finite.Sum (1.8s)
✔ [2285/9243] Built Mathlib.GroupTheory.Submonoid.Center (2.7s)
✔ [2286/9243] Built Mathlib.GroupTheory.Congruence.Basic (3.2s)
✔ [2287/9243] Built Mathlib.Algebra.Group.Submonoid.Membership (5.0s)
✔ [2288/9243] Built Mathlib.Computability.RegularExpressions (2.0s)
✔ [2289/9243] Built Mathlib.Computability.ContextFreeGrammar (2.7s)
✔ [2290/9243] Built Mathlib.Algebra.BigOperators.Group.Finset.Gaps (2.4s)
✔ [2291/9243] Built Mathlib.Algebra.BigOperators.Group.Finset.Preimage (2.0s)
✔ [2292/9243] Built Mathlib.Algebra.Star.Center (2.0s)
✔ [2293/9243] Built Mathlib.Data.UInt (3.6s)
✔ [2294/9243] Built Mathlib.Combinatorics.Young.YoungDiagram (3.2s)
✔ [2295/9243] Built Mathlib.Algebra.Notation.FiniteSupport (1.8s)
✔ [2296/9243] Built Mathlib.Algebra.Group.Subgroup.Lattice (5.6s)
✔ [2297/9243] Built Mathlib.Basic.Finite.Prod (2.6s)
✔ [2298/9243] Built Mathlib.GroupTheory.MonoidLocalization.Basic (8.4s)
✔ [2299/9243] Built Mathlib.Data.Finsupp.Defs (3.4s)
✔ [2300/9243] Built Mathlib.Data.Fin.Tuple.Finset (2.4s)
✔ [2301/9243] Built Mathlib.Algebra.BigOperators.Group.Finset.Pi (2.3s)
✔ [2302/9243] Built Mathlib.Topology.Basic (2.6s)
✔ [2303/9243] Built Mathlib.Combinatorics.Digraph.Basic (3.2s)
✔ [2304/9243] Built Mathlib.Computability.TuringMachine.StackTuringMachine (4.7s)
✔ [2305/9243] Built Mathlib.Order.Filter.Lift (2.7s)
✔ [2306/9243] Built Mathlib.CategoryTheory.LiftingProperties.Basic (2.7s)
✔ [2307/9243] Built Mathlib.CategoryTheory.MorphismProperty.Retract (2.5s)
✔ [2308/9243] Built Mathlib.Data.Set.Finite.Lattice (5.2s)
✔ [2309/9243] Built Mathlib.Combinatorics.Additive.Dissociation (3.4s)
✔ [2310/9243] Built Mathlib.Order.Interval.Finset.Defs (8.5s)
✔ [2311/9243] Built Mathlib.Control.Fold (3.1s)
✔ [2312/9243] Built Mathlib.CategoryTheory.Types.Set (2.0s)
✔ [2313/9243] Built Mathlib.CategoryTheory.Core (4.4s)
✔ [2314/9243] Built Mathlib.CategoryTheory.UnivLE (2.1s)
✔ [2315/9243] Built Mathlib.Order.Partition.Finpartition (6.5s)
✔ [2316/9243] Built Mathlib.CategoryTheory.Functor.Hom (1.0s)
✔ [2317/9243] Built Mathlib.CategoryTheory.Category.RelCat (3.2s)
✔ [2318/9243] Built Mathlib.CategoryTheory.Subfunctor.Basic (3.1s)
✔ [2319/9243] Built Mathlib.CategoryTheory.SmallObject.WellOrderInductionData (4.5s)
✔ [2320/9243] Built Mathlib.CategoryTheory.Limits.Types.ColimitType (2.8s)
✔ [2321/9243] Built Mathlib.CategoryTheory.ConcreteCategory.Forget (2.3s)
✔ [2322/9243] Built Mathlib.CategoryTheory.Groupoid.VertexGroup (1.0s)
✔ [2323/9243] Built Mathlib.CategoryTheory.Category.Cat (4.8s)
✔ [2324/9243] Built Mathlib.Data.DFinsupp.Ext (1.7s)
✔ [2325/9243] Built Mathlib.CategoryTheory.Groupoid.FreeGroupoid (2.2s)
✔ [2326/9243] Built Mathlib.CategoryTheory.PathCategory.MorphismProperty (1.9s)
✔ [2327/9243] Built Mathlib.Data.DFinsupp.FiniteInfinite (1.8s)
✔ [2328/9243] Built Mathlib.Data.DFinsupp.Module (2.3s)
✔ [2329/9243] Built Mathlib.Data.DFinsupp.NeLocus (2.3s)
✔ [2330/9243] Built Mathlib.Topology.Defs.Ultrafilter (1.4s)
✔ [2331/9243] Built Mathlib.Data.Nat.SuccPred (2.0s)
✔ [2332/9243] Built Mathlib.Algebra.Order.SuccPred.WithBot (1.9s)
✔ [2333/9243] Built Mathlib.Order.IsNormal (2.0s)
✔ [2334/9243] Built Mathlib.Data.PNat.Order (2.0s)
✔ [2335/9243] Built Mathlib.SetTheory.Cardinal.Order (3.7s)
✔ [2336/9243] Built Mathlib.Tactic.AddGroup (2.6s)
✔ [2337/9243] Built Mathlib.Algebra.ContinuedFractions.Euler (3.4s)
✔ [2338/9243] Built Mathlib.Data.Complex.Basic (2.2s)
✔ [2339/9243] Built Mathlib.Combinatorics.SetFamily.Kleitman (2.7s)
✔ [2340/9243] Built Mathlib.Algebra.Order.Interval.Set.SuccPred (3.3s)
✔ [2341/9243] Built Mathlib.Data.Rat.Denumerable (1.0s)
✔ [2342/9243] Built Mathlib.Logic.Equiv.List (2.3s)
✔ [2343/9243] Built Mathlib.Data.Finite.Sigma (1.0s)
✔ [2344/9243] Built Mathlib.Order.PFilter (2.7s)
✔ [2345/9243] Built Mathlib.Order.CountableDenseLinearOrder (2.7s)
✔ [2346/9243] Built Mathlib.Computability.Primrec.Basic (3.9s)
✔ [2347/9243] Built Mathlib.Dynamics.PeriodicPts.Defs (3.5s)
✔ [2348/9243] Built Mathlib.Order.Filter.AtTopBot.ModEq (2.3s)
✔ [2349/9243] Built Mathlib.Order.Filter.AtTopBot.Prod (2.6s)
✔ [2350/9243] Built Mathlib.Order.Partition.Basic (4.5s)
✔ [2351/9243] Built Mathlib.GroupTheory.Coset.Defs (3.3s)
✔ [2352/9243] Built Mathlib.Order.Filter.Ring (1.9s)
✔ [2353/9243] Built Mathlib.Order.Filter.AtTopBot.Group (2.2s)
✔ [2354/9243] Built Mathlib.Data.NNRat.Lemmas (2.3s)
✔ [2355/9243] Built Mathlib.Data.Rat.Cast.OfScientific (2.0s)
✔ [2356/9243] Built Mathlib.Data.NNRat.BigOperators (2.2s)
✔ [2357/9243] Built Mathlib.GroupTheory.Submonoid.Centralizer (2.1s)
✔ [2358/9243] Built Mathlib.Data.Set.Equitable (2.2s)
✔ [2359/9243] Built Mathlib.Data.Rat.Cast.Order (4.3s)
✔ [2360/9243] Built Mathlib.Algebra.Module.Congruence.Defs (2.9s)
✔ [2361/9243] Built Mathlib.Data.Finset.Density (4.4s)
✔ [2362/9243] Built Mathlib.Order.Filter.AtTopBot.BigOperators (2.0s)
✔ [2363/9243] Built Mathlib.Combinatorics.Young.SemistandardTableau (1.0s)
✔ [2364/9243] Built Mathlib.Algebra.GroupWithZero.NonZeroDivisors (3.6s)
✔ [2365/9243] Built Mathlib.Order.Filter.Pointwise (8.8s)
✔ [2366/9243] Built Mathlib.Algebra.Order.Interval.Basic (6.1s)
✔ [2367/9243] Built Mathlib.Algebra.Order.Star.Basic (5.4s)
✔ [2368/9243] Built Mathlib.Data.Finite.Prod (2.6s)
✔ [2369/9243] Built Mathlib.Combinatorics.HalesJewett (3.8s)
✔ [2370/9243] Built Mathlib.RingTheory.NonUnitalSubsemiring.Basic (5.7s)
✔ [2371/9243] Built Mathlib.Algebra.Group.Pointwise.Set.Finite (3.5s)
✔ [2372/9243] Built Mathlib.GroupTheory.Perm.Sign (4.0s)
✔ [2373/9243] Built Mathlib.Data.FunLike.Fintype (2.0s)
✔ [2374/9243] Built Mathlib.Data.Fintype.Vector (2.3s)
✔ [2375/9243] Built Mathlib.GroupTheory.MonoidLocalization.Lemmas (2.3s)
✔ [2376/9243] Built Mathlib.GroupTheory.MonoidLocalization.Divisibility (2.2s)
✔ [2377/9243] Built Mathlib.GroupTheory.MonoidLocalization.Order (3.0s)
✔ [2378/9243] Built Mathlib.Algebra.Group.Subgroup.Map (7.0s)
✔ [2379/9243] Built Mathlib.Data.Finsupp.Quotient (2.1s)
✔ [2380/9243] Built Mathlib.Data.Finset.NAry (4.6s)
✔ [2381/9243] Built Mathlib.Order.Preorder.Finsupp (2.1s)
✔ [2382/9243] Built Mathlib.Data.Finsupp.Single (3.3s)
✔ [2383/9243] Built Mathlib.Topology.Defs.Induced (2.8s)
✔ [2384/9243] Built Mathlib.Order.Filter.SmallSets (2.5s)
✔ [2385/9243] Built Mathlib.Data.Set.Finite.Monad (2.3s)
✔ [2386/9243] Built Mathlib.Combinatorics.SimpleGraph.Basic (7.5s)
✔ [2387/9243] Built Mathlib.Algebra.BigOperators.Ring.Finset (3.9s)
✔ [2388/9243] Built Mathlib.Order.TeichmullerTukey (2.3s)
✔ [2389/9243] Built Mathlib.CategoryTheory.Limits.Shapes.StrongEpi (3.0s)
✔ [2390/9243] Built Mathlib.Topology.Closure (3.5s)
✔ [2391/9243] Built Mathlib.Algebra.FiniteSupport.Basic (3.1s)
✔ [2392/9243] Built Mathlib.Data.Nat.PrimeFin (2.0s)
✔ [2393/9243] Built Mathlib.Data.Set.MemPartition (1.9s)
✔ [2394/9243] Built Mathlib.Order.UpperLower.LocallyFinite (1.8s)
✔ [2395/9243] Built Mathlib.Order.Atoms.Finite (1.9s)
✔ [2396/9243] Built Mathlib.GroupTheory.MonoidLocalization.Maps (7.5s)
✔ [2397/9243] Built Mathlib.Order.ConditionallyCompleteLattice.Finset (3.2s)
✔ [2398/9243] Built Mathlib.Order.Filter.Finite (2.8s)
✔ [2399/9243] Built Mathlib.Order.SuccPred.LinearLocallyFinite (3.1s)
✔ [2400/9243] Built Mathlib.Algebra.Order.Interval.Finset.Basic (1.0s)
✔ [2401/9243] Built Mathlib.Data.Sigma.Interval (2.6s)
✔ [2402/9243] Built Mathlib.Algebra.Order.Antidiag.Prod (3.3s)
✔ [2403/9243] Built Mathlib.Order.Interval.Finset.SuccPred (3.0s)
✔ [2404/9243] Built Mathlib.Data.Setoid.Partition (2.9s)
✔ [2405/9243] Built Mathlib.CategoryTheory.MorphismProperty.Concrete (2.5s)
✔ [2406/9243] Built Mathlib.CategoryTheory.ConcreteCategory.ReflectsIso (1.0s)
✔ [2407/9243] Built Mathlib.Data.Sum.Interval (5.0s)
✔ [2408/9243] Built Mathlib.CategoryTheory.Category.Cat.Op (1.9s)
✔ [2409/9243] Built Mathlib.Combinatorics.Quiver.ReflQuiver (2.3s)
✔ [2410/9243] Built Mathlib.Order.Interval.Finset.Basic (5.8s)
✔ [2411/9243] Built Mathlib.CategoryTheory.Category.Cat.AsSmall (1.6s)
✔ [2412/9243] Built Mathlib.Algebra.Category.Semigrp.Basic (4.5s)
✔ [2413/9243] Built Mathlib.CategoryTheory.Groupoid.Subgroupoid (3.4s)
✔ [2414/9243] Built Mathlib.Algebra.Category.MonCat.Basic (5.9s)
✔ [2415/9243] Built Mathlib.Tactic.CategoryTheory.ToApp (2.2s)
✔ [2416/9243] Built Mathlib.Order.Category.Preord (2.0s)
✔ [2417/9243] Built Mathlib.CategoryTheory.IsomorphismClasses (1.7s)
✔ [2418/9243] Built Mathlib.Data.DFinsupp.Sigma (2.2s)
✔ [2419/9243] Built Mathlib.Data.Int.SuccPred (1.6s)
✔ [2420/9243] Built Mathlib.Data.ENat.SuccOrder (1.0s)
✔ [2421/9243] Built Mathlib.Order.Types.Arithmetic (2.3s)
✔ [2422/9243] Built Mathlib.Logic.Equiv.Multiset (1.9s)
✔ [2423/9243] Built Mathlib.Order.Monotone.MonovaryOrder (2.1s)
✔ [2424/9243] Built Mathlib.Data.DFinsupp.Order (3.6s)
✔ [2425/9243] Built Mathlib.Data.Set.Countable (2.4s)
✔ [2426/9243] Built Mathlib.Logic.Equiv.Array (1.7s)
✔ [2427/9243] Built Mathlib.Order.PrimeIdeal (2.0s)
✔ [2428/9243] Built Mathlib.Order.Filter.AtTopBot.Ring (1.7s)
✔ [2429/9243] Built Mathlib.GroupTheory.GroupAction.FixedPoints (2.7s)
✔ [2430/9243] Built Mathlib.ModelTheory.Basic (3.0s)
✔ [2431/9243] Built Mathlib.Tactic.Rify (1.9s)
✔ [2432/9243] Built Mathlib.Tactic.NormNum (1.6s)
✔ [2433/9243] Built Mathlib.Algebra.Order.Module.Rat (1.9s)
✔ [2434/9243] Built Mathlib.Data.Dyadic (2.2s)
✔ [2435/9243] Built Mathlib.Order.Filter.FilterProduct (2.8s)
✔ [2436/9243] Built Mathlib.Order.Partition.Equipartition (2.6s)
✔ [2437/9243] Built Mathlib.Algebra.Order.Monoid.PNat (1.7s)
✔ [2438/9243] Built Mathlib.RingTheory.OreLocalization.NonZeroDivisors (1.7s)
✔ [2439/9243] Built Mathlib.CategoryTheory.Yoneda (11s)
✔ [2440/9243] Built Mathlib.Tactic.Positivity.Finset (2.6s)
✔ [2441/9243] Built Mathlib.Algebra.Order.Star.Pi (1.8s)
✔ [2442/9243] Built Mathlib.Algebra.Ring.NonZeroDivisors (2.0s)
✔ [2443/9243] Built Mathlib.Data.Int.Star (1.8s)
✔ [2444/9243] Built Mathlib.Data.Rat.Star (1.0s)
✔ [2445/9243] Built Mathlib.Algebra.Order.Star.Conjneg (1.9s)
✔ [2446/9243] Built Mathlib.Combinatorics.KatonaCircle (3.1s)
✔ [2447/9243] Built Mathlib.Algebra.Order.Ring.Star (1.7s)
✔ [2448/9243] Built Mathlib.Algebra.Order.Star.Prod (1.7s)
✔ [2449/9243] Built Mathlib.Algebra.Star.NonUnitalSubsemiring (1.8s)
✔ [2450/9243] Built Mathlib.GroupTheory.Perm.Option (1.0s)
✔ [2451/9243] Built Mathlib.Data.Finite.Vector (1.7s)
✔ [2452/9243] Built Mathlib.Data.Set.Finite.List (1.7s)
✔ [2453/9243] Built Mathlib.Data.Fintype.BigOperators (2.5s)
✔ [2454/9243] Built Mathlib.Data.Finset.Sym (2.6s)
✔ [2455/9243] Built Mathlib.Algebra.Group.Subgroup.ZPowers.Basic (2.5s)
✔ [2456/9243] Built Mathlib.Data.Finset.Functor (2.2s)
✔ [2457/9243] Built Mathlib.GroupTheory.GroupAction.Basic (3.6s)
✔ [2458/9243] Built Mathlib.Data.Finsupp.Notation (1.9s)
✔ [2459/9243] Built Mathlib.Data.Finsupp.Fin (1.0s)
✔ [2460/9243] Built Mathlib.Data.Finsupp.Indicator (1.9s)
✔ [2461/9243] Built Mathlib.Algebra.Group.Pointwise.Finset.Scalar (3.4s)
✔ [2462/9243] Built Mathlib.Algebra.Group.Finsupp (3.6s)
✔ [2463/9243] Built Mathlib.Algebra.Ring.Subsemiring.Basic (6.0s)
✔ [2464/9243] Built Mathlib.Combinatorics.Digraph.Orientation (1.8s)
✔ [2465/9243] Built Mathlib.Topology.WithTopology (2.1s)
✔ [2466/9243] Built Mathlib.Algebra.Group.Subgroup.Ker (5.2s)
✔ [2467/9243] Built Mathlib.Combinatorics.SimpleGraph.Dart (1.8s)
✔ [2468/9243] Built Mathlib.Combinatorics.SimpleGraph.Cayley (2.3s)
✔ [2469/9243] Built Mathlib.Combinatorics.Enumerative.DoubleCounting (2.2s)
✔ [2470/9243] Built Mathlib.Algebra.BigOperators.Field (1.9s)
✔ [2471/9243] Built Mathlib.Combinatorics.Enumerative.Stirling (2.0s)
✔ [2472/9243] Built Mathlib.GroupTheory.MonoidLocalization.MonoidWithZero (2.1s)
✔ [2473/9243] Built Mathlib.RingTheory.Coprime.Lemmas (2.6s)
✔ [2474/9243] Built Mathlib.GroupTheory.MonoidLocalization.Away (2.1s)
✔ [2475/9243] Built Mathlib.Topology.Neighborhoods (2.6s)
✔ [2476/9243] Built Mathlib.GroupTheory.MonoidLocalization.DivPairs (2.1s)
✔ [2477/9243] Built Mathlib.Algebra.Order.BigOperators.Ring.Finset (3.5s)
✔ [2478/9243] Built Mathlib.Algebra.Group.Pointwise.Finset.Basic (8.5s)
✔ [2479/9243] Built Mathlib.GroupTheory.MonoidLocalization.GrothendieckGroup (2.7s)
✔ [2480/9243] Built Mathlib.Data.Fintype.Order (2.9s)
✔ [2481/9243] Built Mathlib.Order.Filter.Bases.Finite (1.7s)
✔ [2482/9243] Built Mathlib.Order.Filter.AtTopBot.Finset (1.9s)
✔ [2483/9243] Built Mathlib.Algebra.Tropical.BigOperators (2.4s)
✔ [2484/9243] Built Mathlib.Combinatorics.Additive.FreimanHom (5.7s)
✔ [2485/9243] Built Mathlib.Data.Finset.NatAntidiagonal (2.0s)
✔ [2486/9243] Built Mathlib.Order.Restriction (1.8s)
✔ [2487/9243] Built Mathlib.Algebra.Order.Interval.Finset.SuccPred (2.3s)
✔ [2488/9243] Built Mathlib.Order.Interval.Finset.DenselyOrdered (1.8s)
✔ [2489/9243] Built Mathlib.Data.Int.Interval (2.5s)
✔ [2490/9243] Built Mathlib.Order.SupClosed (4.3s)
✔ [2491/9243] Built Mathlib.Order.Interval.Multiset (2.2s)
✔ [2492/9243] Built Mathlib.CategoryTheory.SingleObj (2.6s)
✔ [2493/9243] Built Mathlib.Combinatorics.Enumerative.Pentagonal.Basic (1.0s)
✔ [2494/9243] Built Mathlib.Order.Grade (2.2s)
✔ [2495/9243] Built Mathlib.Data.ENat.Pow (2.1s)
✔ [2496/9243] Built Mathlib.Logic.Equiv.Finset (2.1s)
✔ [2497/9243] Built Mathlib.Data.Set.FiniteExhaustion (2.2s)
✔ [2498/9243] Built Mathlib.Order.Filter.CountableInter (2.4s)
✔ [2499/9243] Built Mathlib.CategoryTheory.Bicategory.Functor.Oplax (4.8s)
✔ [2500/9243] Built Mathlib.Order.PrimeSeparator (1.0s)
✔ [2501/9243] Built Mathlib.RingTheory.Multiplicity (4.4s)
✔ [2502/9243] Built Mathlib.CategoryTheory.Bicategory.Functor.Lax (5.2s)
✔ [2503/9243] Built Mathlib.MeasureTheory.MeasurableSpace.Defs (2.9s)
✔ [2504/9243] Built Mathlib.Order.Filter.AtTopBot.Field (2.3s)
✔ [2505/9243] Built Mathlib.Computability.DFA (2.2s)
✔ [2506/9243] Built Mathlib.Tactic.Linarith (1.6s)
✔ [2507/9243] Built Mathlib.GroupTheory.GroupAction.FixingSubgroup (2.5s)
✔ [2508/9243] Built Mathlib.Algebra.Category.Grp.Basic (6.7s)
✔ [2509/9243] Built Mathlib.Data.List.Shortlex (1.9s)
✔ [2510/9243] Built Mathlib.Tactic.NormNum.NatLog (1.9s)
✔ [2511/9243] Built Mathlib.Tactic.NormNum.NatFactorial (2.1s)
✔ [2512/9243] Built Mathlib.Tactic.NormNum.NatSqrt (1.7s)
✔ [2513/9243] Built Mathlib.Tactic.NormNum.GCD (2.0s)
✔ [2514/9243] Built Mathlib.Tactic.Inclusion.Extension.IntervalDyadicReal.Init (1.7s)
✔ [2515/9243] Built Mathlib.Tactic.IntervalCases (2.6s)
✔ [2516/9243] Built Mathlib.Algebra.Category.MonCat.ForgetCorepresentable (1.8s)
✔ [2517/9243] Built Mathlib.Combinatorics.SimpleGraph.Regularity.Equitabilise (2.5s)
✔ [2518/9243] Built Mathlib.CategoryTheory.ConcreteCategory.Representable (1.5s)
✔ [2519/9243] Built Mathlib.Algebra.Category.MonCat.Yoneda (2.3s)
✔ [2520/9243] Built Mathlib.CategoryTheory.RepresentedBy (1.8s)
✔ [2521/9243] Built Mathlib.RingTheory.OreLocalization.Ring (3.1s)
✔ [2522/9243] Built Mathlib.Tactic.Positivity (1.4s)
✔ [2523/9243] Built Mathlib.CategoryTheory.Profunctor.Basic (2.3s)
✔ [2524/9243] Built Mathlib.Data.Pi.Interval (1.5s)
✔ [2525/9243] Built Mathlib.Combinatorics.Derangements.Basic (1.0s)
✔ [2526/9243] Built Mathlib.Data.Finsupp.Fintype (1.6s)
✔ [2527/9243] Built Mathlib.Data.Sym.Sym2.Finsupp (1.5s)
✔ [2528/9243] Built Mathlib.Data.Fintype.CardEmbedding (1.7s)
✔ [2529/9243] Built Mathlib.Algebra.BigOperators.Sym (1.6s)
✔ [2530/9243] Built Mathlib.Basic.Sign.Basic (2.6s)
✔ [2531/9243] Built Mathlib.Data.DFinsupp.Notation (1.6s)
✔ [2532/9243] Built Mathlib.Data.Sym.Card (2.3s)
✔ [2533/9243] Built Mathlib.Combinatorics.Additive.SubsetSum (1.9s)
✔ [2534/9243] Built Mathlib.Data.Finsupp.SMulWithZero (1.7s)
✔ [2535/9243] Built Mathlib.Data.Finsupp.BigOperators (1.8s)
✔ [2536/9243] Built Mathlib.Data.Finsupp.Ext (1.5s)
✔ [2537/9243] Built Mathlib.SetTheory.Cardinal.Basic (4.4s)
✔ [2538/9243] Built Mathlib.Data.Finsupp.NeLocus (1.8s)
✔ [2539/9243] Built Mathlib.Data.List.ToFinsupp (2.0s)
✔ [2540/9243] Built Mathlib.Algebra.Star.Subsemiring (1.0s)
✔ [2541/9243] Built Mathlib.CategoryTheory.Adjunction.Basic (7.1s)
✔ [2542/9243] Built Mathlib.Algebra.Ring.Subsemiring.MulOpposite (2.3s)
✔ [2543/9243] Built Mathlib.Algebra.Ring.SumsOfSquares (2.2s)
✔ [2544/9243] Built Mathlib.RingTheory.LocalRing.Subring (1.7s)
✔ [2545/9243] Built Mathlib.GroupTheory.NoncommCoprod (1.9s)
✔ [2546/9243] Built Mathlib.Combinatorics.Tiling.Tile (2.6s)
✔ [2547/9243] Built Mathlib.GroupTheory.Subgroup.Saturated (1.7s)
✔ [2548/9243] Built Mathlib.Algebra.Group.AddChar (3.4s)
✔ [2549/9243] Built Mathlib.GroupTheory.Perm.ClosureSwap (1.8s)
✔ [2550/9243] Built Mathlib.Algebra.Group.Graph (2.6s)
✔ [2551/9243] Built Mathlib.Algebra.Ring.CentroidHom (6.2s)
✔ [2552/9243] Built Mathlib.Algebra.Order.Monoid.LocallyFiniteOrder (4.2s)
✔ [2553/9243] Built Mathlib.Algebra.Group.Subgroup.Basic (6.8s)
✔ [2554/9243] Built Mathlib.Topology.Partial (1.8s)
✔ [2555/9243] Built Mathlib.Topology.NhdsSet (1.0s)
✔ [2556/9243] Built Mathlib.GroupTheory.FreeGroup.Basic (6.2s)
✔ [2557/9243] Built Mathlib.GroupTheory.QuotientGroup.Defs (4.5s)
✔ [2558/9243] Built Mathlib.Combinatorics.SimpleGraph.Maps (4.5s)
✔ [2559/9243] Built Mathlib.Combinatorics.SimpleGraph.Walk.Basic (4.4s)
✔ [2560/9243] Built Mathlib.GroupTheory.Coprod.Basic (7.6s)
✔ [2561/9243] Built Mathlib.Topology.ClusterPt (2.5s)
✔ [2562/9243] Built Mathlib.Algebra.Group.Pointwise.Finset.BigOperators (1.9s)
✔ [2563/9243] Built Mathlib.CategoryTheory.Limits.Cones (16s)
✔ [2564/9243] Built Mathlib.Algebra.Group.Pointwise.Finset.Interval (2.7s)
✔ [2565/9243] Built Mathlib.Combinatorics.Additive.CovBySMul (2.6s)
✔ [2566/9243] Built Mathlib.Algebra.Group.Action.Pointwise.Finset (3.4s)
✔ [2567/9243] Built Mathlib.Algebra.Ring.Pointwise.Finset (1.7s)
✔ [2568/9243] Built Mathlib.Algebra.Group.Action.Equidecomp (2.4s)
✔ [2569/9243] Built Mathlib.Algebra.GroupWithZero.Pointwise.Finset (1.9s)
✔ [2570/9243] Built Mathlib.Combinatorics.Additive.Energy (4.8s)
✔ [2571/9243] Built Mathlib.Algebra.Order.Hom.Lattice (1.8s)
✔ [2572/9243] Built Mathlib.Algebra.Ring.Action.Pointwise.Finset (1.9s)
✔ [2573/9243] Built Mathlib.Algebra.Group.UniqueProds.Basic (5.3s)
✔ [2574/9243] Built Mathlib.Order.Filter.CountablyGenerated (2.4s)
✔ [2575/9243] Built Mathlib.Order.Birkhoff (3.2s)
✔ [2576/9243] Built Mathlib.Order.Filter.AtTopBot.Finite (2.5s)
✔ [2577/9243] Built Mathlib.Combinatorics.Additive.Corner.Defs (2.3s)
✔ [2578/9243] Built Mathlib.Data.Nat.Factorial.NatCast (2.2s)
✔ [2579/9243] Built Mathlib.Order.Filter.Pi (3.1s)
✔ [2580/9243] Built Mathlib.Order.Filter.Interval (3.9s)
✔ [2581/9243] Built Mathlib.Algebra.BigOperators.NatAntidiagonal (2.3s)
✔ [2582/9243] Built Mathlib.Data.Nat.Fib.Basic (2.9s)
✔ [2583/9243] Built Mathlib.Algebra.Order.Group.Int.Sum (2.2s)
✔ [2584/9243] Built Mathlib.Algebra.Order.Ring.Interval (2.1s)
✔ [2585/9243] Built Mathlib.Algebra.BigOperators.Group.Finset.Interval (2.8s)
✔ [2586/9243] Built Mathlib.Algebra.BigOperators.Finprod (9.9s)
✔ [2587/9243] Built Mathlib.Algebra.Order.Interval.Multiset (2.0s)
✔ [2588/9243] Built Mathlib.Combinatorics.Enumerative.Pentagonal (1.7s)
✔ [2589/9243] Built Mathlib.Order.Interval.Finset.Nat (2.7s)
✔ [2590/9243] Built Mathlib.Order.CountableSupClosed (4.0s)
✔ [2591/9243] Built Mathlib.Order.KonigLemma (2.8s)
✔ [2592/9243] Built Mathlib.Data.Set.Sups (3.0s)
✔ [2593/9243] Built Mathlib.Data.Finset.Grade (2.7s)
✔ [2594/9243] Built Mathlib.Order.Sublocale (4.8s)
✔ [2595/9243] Built Mathlib.Logic.Encodable.Pi (2.5s)
✔ [2596/9243] Built Mathlib.Order.Sublattice (4.9s)
✔ [2597/9243] Built Mathlib.Order.Filter.CountableSeparatingOn (2.9s)
✔ [2598/9243] Built Mathlib.Data.Nat.PadicValNat (2.8s)
✔ [2599/9243] Built Mathlib.MeasureTheory.MeasurableSpace.Basic (3.2s)
✔ [2600/9243] Built Mathlib.MeasureTheory.MeasurableSpace.Invariants (2.8s)
✔ [2601/9243] Built Mathlib.MeasureTheory.MeasurableSpace.EventuallyMeasurable (2.9s)
✔ [2602/9243] Built Mathlib.MeasureTheory.MeasurableSpace.Instances (3.1s)
✔ [2603/9243] Built Mathlib.Computability.MyhillNerode (2.0s)
✔ [2604/9243] Built Mathlib.Algebra.QuadraticDiscriminant (3.7s)
✔ [2605/9243] Built Mathlib.Data.Nat.Choose.Central (2.6s)
✔ [2606/9243] Built Mathlib.Computability.NFA (3.5s)
✔ [2607/9243] Built Mathlib.Data.Nat.Digits.Defs (3.7s)
✔ [2608/9243] Built Mathlib.Algebra.Order.Floor.Semifield (3.7s)
✔ [2609/9243] Built Mathlib.Analysis.SpecialFunctions.Pow.NthRootLemmas (3.3s)
✔ [2610/9243] Built Mathlib.Algebra.Category.Grp.FiniteGrp (2.5s)
✔ [2611/9243] Built Mathlib.CategoryTheory.Sites.NonabelianCohomology.H1 (2.9s)
✔ [2612/9243] Built Mathlib.Algebra.Category.Grp.EquivalenceGroupAddGroup (2.5s)
✔ [2613/9243] Built Mathlib.CategoryTheory.Bicategory.NaturalTransformation.Lax (9.9s)
✔ [2614/9243] Built Mathlib.CategoryTheory.Bicategory.Functor.Pseudofunctor (10s)
✔ [2615/9243] Built Mathlib.Tactic.NormNum.IsCoprime (1.9s)
✔ [2616/9243] Built Mathlib.Algebra.Category.Grp.Yoneda (3.1s)
✔ [2617/9243] Built Mathlib.CategoryTheory.Bicategory.NaturalTransformation.Oplax (12s)
✔ [2618/9243] Built Mathlib.NumberTheory.EllipticDivisibilitySequence (7.8s)
✔ [2619/9243] Built Mathlib.Tactic.Inclusion.Extension.IntervalDyadicReal.BinarySplit (1.0s)
✔ [2620/9243] Built Mathlib.Tactic.Inclusion.Extension.IntervalDyadicReal.Hypotheses (2.2s)
✔ [2621/9243] Built Mathlib.Algebra.Order.Floor.Ring (7.9s)
✔ [2622/9243] Built Mathlib.Tactic.NormNum.IsSquare (3.5s)
✔ [2623/9243] Built Mathlib.Data.Rat.NatSqrt.Defs (1.7s)
✔ [2624/9243] Built Mathlib.Data.Sign.Basic (1.5s)
✔ [2625/9243] Built Mathlib.Combinatorics.Derangements.Finite (2.0s)
✔ [2626/9243] Built Mathlib.Data.List.SignVariations (2.1s)
✔ [2627/9243] Built Mathlib.Algebra.Category.Ring.Basic (6.1s)
✔ [2628/9243] Built Mathlib.Data.Finsupp.Pointwise (1.9s)
✔ [2629/9243] Built Mathlib.Combinatorics.SimpleGraph.Density (3.3s)
✔ [2630/9243] Built Mathlib.Combinatorics.Additive.PluenneckeRuzsa (3.9s)
✔ [2631/9243] Built Mathlib.Algebra.Order.Floor.Div (2.9s)
✔ [2632/9243] Built Mathlib.SetTheory.Cardinal.Rat (1.7s)
✔ [2633/9243] Built Mathlib.SetTheory.Cardinal.ENat (2.8s)
✔ [2634/9243] Built Mathlib.RingTheory.Localization.Defs (6.3s)
✔ [2635/9243] Built Mathlib.Algebra.Module.Card (1.7s)
✔ [2636/9243] Built Mathlib.Computability.Encoding (2.4s)
✔ [2637/9243] Built Mathlib.ModelTheory.LanguageMap (3.6s)
✔ [2638/9243] Built Mathlib.SetTheory.Cardinal.Cofinality.Basic (2.5s)
✔ [2639/9243] Built Mathlib.SetTheory.ZFC.Cardinal (2.1s)
✔ [2640/9243] Built Mathlib.Algebra.BigOperators.Finsupp.Basic (5.3s)
✔ [2641/9243] Built Mathlib.CategoryTheory.Category.Cat.Adjunction (2.2s)
✔ [2642/9243] Built Mathlib.CategoryTheory.CodiscreteCategory (2.0s)
✔ [2643/9243] Built Mathlib.CategoryTheory.Category.Pointed (2.1s)
✔ [2644/9243] Built Mathlib.Order.Category.PartOrd (2.7s)
✔ [2645/9243] Built Mathlib.CategoryTheory.Category.GaloisConnection (1.8s)
✔ [2646/9243] Built Mathlib.CategoryTheory.LiftingProperties.Adjunction (2.1s)
✔ [2647/9243] Built Mathlib.CategoryTheory.Adjunction.Whiskering (2.2s)
✔ [2648/9243] Built Mathlib.CategoryTheory.Monad.Kleisli (2.5s)
✔ [2649/9243] Built Mathlib.SetTheory.Ordinal.Basic (6.4s)
✔ [2650/9243] Built Mathlib.CategoryTheory.Adjunction.Restrict (1.9s)
✔ [2651/9243] Built Mathlib.CategoryTheory.Adjunction.Opposites (2.3s)
✔ [2652/9243] Built Mathlib.CategoryTheory.Adjunction.Parametrized (2.3s)
✔ [2653/9243] Built Mathlib.CategoryTheory.Category.Quiv (2.5s)
✔ [2654/9243] Built Mathlib.Algebra.Ring.Semireal.Defs (1.7s)
✔ [2655/9243] Built Mathlib.CategoryTheory.Adjunction.FullyFaithful (2.5s)
✔ [2656/9243] Built Mathlib.MeasureTheory.Constructions.AddChar (1.6s)
✔ [2657/9243] Built Mathlib.CategoryTheory.Skeletal (2.7s)
✔ [2658/9243] Built Mathlib.GroupTheory.Subgroup.Simple (1.7s)
✔ [2659/9243] Built Mathlib.Algebra.Star.CentroidHom (1.0s)
✔ [2660/9243] Built Mathlib.Algebra.Group.Subgroup.Order (2.1s)
✔ [2661/9243] Built Mathlib.Algebra.Group.Subgroup.MulOppositeLemmas (2.4s)
✔ [2662/9243] Built Mathlib.GroupTheory.Subgroup.Center (2.6s)
✔ [2663/9243] Built Mathlib.Combinatorics.Quiver.Schreier (1.8s)
✔ [2664/9243] Built Mathlib.CategoryTheory.Adjunction.Mates (5.5s)
✔ [2665/9243] Built Mathlib.GroupTheory.FreeGroup.IsFreeGroup (2.6s)
✔ [2666/9243] Built Mathlib.GroupTheory.FreeGroup.Reduce (3.9s)
✔ [2667/9243] Built Mathlib.Combinatorics.SimpleGraph.Walks.Basic (1.5s)
✔ [2668/9243] Built Mathlib.GroupTheory.Coset.Basic (4.7s)
✔ [2669/9243] Built Mathlib.GroupTheory.QuotientGroup.ModEq (1.6s)
✔ [2670/9243] Built Mathlib.Algebra.CharZero.Quotient (1.8s)
✔ [2671/9243] Built Mathlib.Geometry.Group.Growth.QuotientInter (2.2s)
✔ [2672/9243] Built Mathlib.RingTheory.NonUnitalSubring.Basic (4.4s)
✔ [2673/9243] Built Mathlib.Combinatorics.SimpleGraph.Walk.Chord (1.6s)
✔ [2674/9243] Built Mathlib.GroupTheory.Goursat (4.3s)
✔ [2675/9243] Built Mathlib.Combinatorics.SimpleGraph.Walk.Traversal (2.3s)
✔ [2676/9243] Built Mathlib.CategoryTheory.Limits.Shapes.Preorder.PrincipalSeg (1.9s)
✔ [2677/9243] Built Mathlib.Combinatorics.Graph.Simple (1.0s)
✔ [2678/9243] Built Mathlib.Algebra.Group.Pointwise.Finset.Density (1.0s)
✔ [2679/9243] Built Mathlib.Topology.Continuous (2.3s)
✔ [2680/9243] Built Mathlib.GroupTheory.PresentedGroup (2.3s)
✔ [2681/9243] Built Mathlib.CategoryTheory.Limits.Bicones (2.7s)
✔ [2682/9243] Built Mathlib.Combinatorics.Additive.ETransform (2.0s)
✔ [2683/9243] Built Mathlib.Combinatorics.Additive.Convolution (2.9s)
✔ [2684/9243] Built Mathlib.Algebra.FreeMonoid.UniqueProds (1.6s)
✔ [2685/9243] Built Mathlib.Algebra.GroupWithZero.Action.Pointwise.Finset (2.1s)
✔ [2686/9243] Built Mathlib.Order.Filter.Subsingleton (1.8s)
✔ [2687/9243] Built Mathlib.Order.Filter.AtTopBot.Floor (1.9s)
✔ [2688/9243] Built Mathlib.Order.Filter.AtTopBot.CountablyGenerated (1.0s)
✔ [2689/9243] Built Mathlib.Algebra.Pointwise.Stabilizer (2.8s)
✔ [2690/9243] Built Mathlib.Order.Filter.Cofinite (2.2s)
✔ [2691/9243] Built Mathlib.Data.Nat.Fib.Zeckendorf (2.0s)
✔ [2692/9243] Built Mathlib.Tactic.NormNum.NatFib (2.1s)
✔ [2693/9243] Built Mathlib.Data.Int.Fib.Basic (2.8s)
✔ [2694/9243] Built Mathlib.Order.Interval.Finset.Floor (1.0s)
✔ [2695/9243] Built Mathlib.Algebra.BigOperators.GroupWithZero.Action (2.2s)
✔ [2696/9243] Built Mathlib.Data.Finset.Slice (1.9s)
✔ [2697/9243] Built Mathlib.Order.Lattice.Nat (2.3s)
✔ [2698/9243] Built Mathlib.Tactic.Simproc.FinsetInterval (3.4s)
✔ [2699/9243] Built Mathlib.Combinatorics.SetFamily.Shatter (2.4s)
✔ [2700/9243] Built Mathlib.Order.PartialSups (2.2s)
✔ [2701/9243] Built Mathlib.Data.PNat.Interval (1.8s)
✔ [2702/9243] Built Mathlib.CategoryTheory.Limits.IsLimit (8.0s)
✔ [2703/9243] Built Mathlib.Data.Finset.Interval (2.2s)
✔ [2704/9243] Built Mathlib.Data.DFinsupp.Encodable (1.9s)
✔ [2705/9243] Built Mathlib.NumberTheory.Padics.PadicVal.Defs (2.1s)
✔ [2706/9243] Built Mathlib.Data.W.Basic (2.4s)
✔ [2707/9243] Built Mathlib.Order.Interval.Finset.Fin (4.5s)
✔ [2708/9243] Built Mathlib.Computability.Primrec.List (3.9s)
✔ [2709/9243] Built Mathlib.Computability.EpsilonNFA (3.1s)
✔ [2710/9243] Built Mathlib.Order.CompleteSublattice (3.4s)
✔ [2711/9243] Built Mathlib.NumberTheory.Divisors (7.0s)
✔ [2712/9243] Built Mathlib.CategoryTheory.Bicategory.Functor.Cat (2.2s)
✔ [2713/9243] Built Mathlib.CategoryTheory.Bicategory.Modification.Lax (4.2s)
✔ [2714/9243] Built Mathlib.CategoryTheory.Join.Pseudofunctor (4.3s)
✔ [2715/9243] Built Mathlib.Tactic.Inclusion.Extension.IntervalDyadicReal.Basic (2.0s)
✔ [2716/9243] Built Mathlib.Order.BooleanSubalgebra (6.5s)
✔ [2717/9243] Built Mathlib.Algebra.ContinuedFractions.Computation.Translations (2.2s)
✔ [2718/9243] Built Mathlib.CategoryTheory.Bicategory.Strict.Pseudofunctor (5.2s)
✔ [2719/9243] Built Mathlib.Algebra.Order.Floor.BigOperators (2.1s)
✔ [2720/9243] Built Mathlib.CategoryTheory.Bicategory.Functor.StrictlyUnitary (4.8s)
✔ [2721/9243] Built Mathlib.CategoryTheory.Bicategory.Functor.LocallyDiscrete (4.7s)
✔ [2722/9243] Built Mathlib.CategoryTheory.Bicategory.Free (6.0s)
✔ [2723/9243] Built Mathlib.Combinatorics.SimpleGraph.Regularity.Energy (1.6s)
✔ [2724/9243] Built Mathlib.CategoryTheory.Bicategory.NaturalTransformation.Pseudo (5.8s)
✔ [2725/9243] Built Mathlib.Algebra.Order.Round (2.9s)
✔ [2726/9243] Built Mathlib.SetTheory.Cardinal.ToNat (2.1s)
✔ [2727/9243] Built Mathlib.CategoryTheory.Bicategory.Modification.Oplax (5.9s)
✔ [2728/9243] Built Mathlib.RingTheory.Localization.Integer (2.4s)
✔ [2729/9243] Built Mathlib.Combinatorics.SimpleGraph.Regularity.Uniform (3.9s)
✔ [2730/9243] Built Mathlib.Data.Finset.Finsupp (1.9s)
✔ [2731/9243] Built Mathlib.Algebra.Group.Subgroup.Finsupp (1.9s)
✔ [2732/9243] Built Mathlib.Algebra.Group.Submonoid.Finsupp (1.0s)
✔ [2733/9243] Built Mathlib.Combinatorics.Additive.DoublingConst (4.1s)
✔ [2734/9243] Built Mathlib.Algebra.BigOperators.Associated (1.0s)
✔ [2735/9243] Built Mathlib.Algebra.Star.BigOperators (1.7s)
✔ [2736/9243] Built Mathlib.CategoryTheory.Category.Bipointed (2.0s)
✔ [2737/9243] Built Mathlib.CategoryTheory.Category.PartialFun (2.5s)
✔ [2738/9243] Built Mathlib.Order.NonemptyFiniteChains (1.9s)
✔ [2739/9243] Built Mathlib.Combinatorics.Additive.SmallTripling (5.7s)
✔ [2740/9243] Built Mathlib.CategoryTheory.Monad.Types (1.6s)
✔ [2741/9243] Built Mathlib.Order.Category.Lat (2.4s)
✔ [2742/9243] Built Mathlib.Order.Category.Semilat (2.8s)
✔ [2743/9243] Built Mathlib.ModelTheory.Syntax (5.5s)
✔ [2744/9243] Built Mathlib.CategoryTheory.Functor.EpiMono (2.6s)
✔ [2745/9243] Built Mathlib.SetTheory.Ordinal.Univ (1.8s)
✔ [2746/9243] Built Mathlib.CategoryTheory.Category.ReflQuiv (3.2s)
✔ [2747/9243] Built Mathlib.AlgebraicTopology.Reedy.Basic (2.3s)
✔ [2748/9243] Built Mathlib.Algebra.Group.Subgroup.Actions (2.0s)
✔ [2749/9243] Built Mathlib.CategoryTheory.EssentiallySmall (2.7s)
✔ [2750/9243] Built Mathlib.CategoryTheory.Localization.Construction (3.7s)
✔ [2751/9243] Built Mathlib.GroupTheory.Subgroup.Centralizer (2.7s)
✔ [2752/9243] Built Mathlib.SetTheory.Ordinal.Arithmetic (4.8s)
✔ [2753/9243] Built Mathlib.CategoryTheory.FintypeCat (3.7s)
✔ [2754/9243] Built Mathlib.Algebra.GroupWithZero.Action.Center (1.8s)
✔ [2755/9243] Built Mathlib.Data.Finsupp.Basic (8.2s)
✔ [2756/9243] Built Mathlib.CategoryTheory.Adjunction.Unique (2.1s)
✔ [2757/9243] Built Mathlib.CategoryTheory.Adjunction.CompositionIso (2.5s)
✔ [2758/9243] Built Mathlib.CategoryTheory.Equivalence.Symmetry (2.6s)
✔ [2759/9243] Built Mathlib.GroupTheory.FreeGroup.Orbit (1.9s)
✔ [2760/9243] Built Mathlib.Combinatorics.SimpleGraph.Walks.Traversal (1.5s)
✔ [2761/9243] Built Mathlib.GroupTheory.FreeGroup.CyclicallyReduced (2.0s)
✔ [2762/9243] Built Mathlib.Topology.Separation.SeparatedNhds (2.1s)
✔ [2763/9243] Built Mathlib.Topology.Order.Hom.Basic (2.2s)
✔ [2764/9243] Built Mathlib.Algebra.Order.Antidiag.Tendsto (1.6s)
✔ [2765/9243] Built Mathlib.Order.Filter.EventuallyConst (2.7s)
✔ [2766/9243] Built Mathlib.Order.Filter.Ultrafilter.Basic (2.1s)
✔ [2767/9243] Built Mathlib.Topology.Order (4.1s)
✔ [2768/9243] Built Mathlib.Combinatorics.SimpleGraph.Walk.Operations (4.4s)
✔ [2769/9243] Built Mathlib.Topology.Bornology.Basic (2.5s)
✔ [2770/9243] Built Mathlib.GroupTheory.CoprodI (7.2s)
✔ [2771/9243] Built Mathlib.Data.Analysis.Filter (3.3s)
✔ [2772/9243] Built Mathlib.Data.Int.Fib.Lemmas (2.5s)
✔ [2773/9243] Built Mathlib.Algebra.Module.BigOperators (2.3s)
✔ [2774/9243] Built Mathlib.Order.Filter.IsBounded (4.4s)
✔ [2775/9243] Built Mathlib.Order.Interval.Set.OrdConnectedLinear (2.2s)
✔ [2776/9243] Built Mathlib.Algebra.Ring.Subring.Basic (9.0s)
✔ [2777/9243] Built Mathlib.Algebra.BigOperators.Expect (4.5s)
✔ [2778/9243] Built Mathlib.Data.ENat.Lattice (3.2s)
✔ [2779/9243] Built Mathlib.Dynamics.PeriodicPts.Lemmas (2.7s)
✔ [2780/9243] Built Mathlib.Data.Nat.MaxPrimeFac (2.8s)
✔ [2781/9243] Built Mathlib.Data.DFinsupp.BigOperators (5.2s)
✔ [2782/9243] Built Mathlib.Order.OrderIsoNat (2.9s)
✔ [2783/9243] Built Mathlib.RingTheory.Nilpotent.Defs (2.8s)
✔ [2784/9243] Built Mathlib.Order.SetDissipate (2.5s)
✔ [2785/9243] Built Mathlib.CategoryTheory.Monoidal.Functor (16s)
✔ [2786/9243] Built Mathlib.Data.List.PeriodicityLemma (3.8s)
✔ [2787/9243] Built Mathlib.Data.Finset.Sups (6.8s)
✔ [2788/9243] Built Mathlib.Combinatorics.SetFamily.DualVC (2.6s)
✔ [2789/9243] Built Mathlib.Data.Matrix.Mul (7.0s)
✔ [2790/9243] Built Mathlib.NumberTheory.ADEInequality (3.0s)
✔ [2791/9243] Built Mathlib.Order.SetAccumulate (2.5s)
✔ [2792/9243] Built Mathlib.Algebra.Order.SuccPred.PartialSups (2.2s)
✔ [2793/9243] Built Mathlib.Algebra.Order.Group.PartialSups (1.8s)
✔ [2794/9243] Built Mathlib.Data.W.Constructions (2.1s)
✔ [2795/9243] Built Mathlib.Data.PFunctor.Univariate.Basic (2.3s)
✔ [2796/9243] Built Mathlib.Order.Disjointed (2.6s)
✔ [2797/9243] Built Mathlib.Data.Fintype.Fin (2.2s)
✔ [2798/9243] Built Mathlib.CategoryTheory.Category.Pairwise (3.5s)
✔ [2799/9243] Built Mathlib.LinearAlgebra.Matrix.Determinant.Bird.Defs (2.8s)
✔ [2800/9243] Built Mathlib.Order.CompleteLattice.SetLike (2.4s)
✔ [2801/9243] Built Mathlib.Tactic.Simproc.Divisors (2.3s)
✔ [2802/9243] Built Mathlib.Combinatorics.Additive.AP.Three.Defs (4.2s)
✔ [2803/9243] Built Mathlib.Data.Finset.NatDivisors (2.4s)
✔ [2804/9243] Built Mathlib.CategoryTheory.Limits.Shapes.IsTerminal (5.3s)
✔ [2805/9243] Built Mathlib.Tactic.Inclusion.Extension.IntervalDyadicReal.Rational (2.5s)
✔ [2806/9243] Built Mathlib.Computability.Partrec (4.5s)
✔ [2807/9243] Built Mathlib.Algebra.ContinuedFractions.Computation.CorrectnessTerminating (3.1s)
✔ [2808/9243] Built Mathlib.Tactic.CategoryTheory.BicategoryCoherence (2.3s)
✔ [2809/9243] Built Mathlib.CategoryTheory.Bicategory.Functor.StrictPseudofunctor (3.7s)
✔ [2810/9243] Built Mathlib.SetTheory.Cardinal.Finite (2.9s)
✔ [2811/9243] Built Mathlib.CategoryTheory.Bicategory.Coherence (5.4s)
✔ [2812/9243] Built Mathlib.Data.Nat.Factorial.BigOperators (2.3s)
✔ [2813/9243] Built Mathlib.CategoryTheory.Bicategory.Functor.Cat.ObjectProperty (4.9s)
✔ [2814/9243] Built Mathlib.CategoryTheory.Bicategory.Modification.Pseudo (3.4s)
✔ [2815/9243] Built Mathlib.Data.Rat.Floor (4.9s)
✔ [2816/9243] Built Mathlib.CategoryTheory.Bicategory.FunctorBicategory.Lax (7.5s)
✔ [2817/9243] Built Mathlib.CategoryTheory.Bicategory.LocallyGroupoid (5.8s)
✔ [2818/9243] Built Mathlib.Algebra.Category.GrpWithZero (2.4s)
✔ [2819/9243] Built Mathlib.RingTheory.UniqueFactorizationDomain.Basic (3.2s)
✔ [2820/9243] Built Mathlib.CategoryTheory.Bicategory.Grothendieck (6.9s)
✔ [2821/9243] Built Mathlib.CategoryTheory.Category.TwoP (2.5s)
✔ [2822/9243] Built Mathlib.Order.Category.Frm (2.4s)
✔ [2823/9243] Built Mathlib.Order.Category.BddOrd (2.5s)
✔ [2824/9243] Built Mathlib.CategoryTheory.Bicategory.FunctorBicategory.Oplax (6.6s)
✔ [2825/9243] Built Mathlib.Order.Category.DistLat (2.0s)
✔ [2826/9243] Built Mathlib.Order.Category.LinOrd (3.1s)
✔ [2827/9243] Built Mathlib.CategoryTheory.Adjunction.Reflective (2.4s)
✔ [2828/9243] Built Mathlib.CategoryTheory.Functor.ReflectsIso.Balanced (1.9s)
✔ [2829/9243] Built Mathlib.SetTheory.Cardinal.UnivLE (2.2s)
✔ [2830/9243] Built Mathlib.CategoryTheory.Quotient.LocallySmall (1.7s)
✔ [2831/9243] Built Mathlib.CategoryTheory.Countable (1.9s)
✔ [2832/9243] Built Mathlib.ModelTheory.Semantics (5.3s)
✔ [2833/9243] Built Mathlib.CategoryTheory.ObjectProperty.Small (2.7s)
✔ [2834/9243] Built Mathlib.CategoryTheory.Monad.Algebra (4.8s)
✔ [2835/9243] Built Mathlib.GroupTheory.GroupAction.ConjAct (2.5s)
✔ [2836/9243] Built Mathlib.CategoryTheory.Localization.Predicate (3.5s)
✔ [2837/9243] Built Mathlib.SetTheory.Ordinal.Commute (1.9s)
✔ [2838/9243] Built Mathlib.SetTheory.Ordinal.FixedPointApproximants (2.4s)
✔ [2839/9243] Built Mathlib.Order.Category.FinPartOrd (2.5s)
✔ [2840/9243] Built Mathlib.GroupTheory.GroupAction.SubMulAction (6.6s)
✔ [2841/9243] Built Mathlib.SetTheory.Ordinal.Family (3.7s)
✔ [2842/9243] Built Mathlib.CategoryTheory.ShrinkYoneda (5.0s)
✔ [2843/9243] Built Mathlib.Algebra.Category.MonCat.Adjunctions (3.3s)
✔ [2844/9243] Built Mathlib.Data.Finsupp.Multiset (2.8s)
✔ [2845/9243] Built Mathlib.Data.Finsupp.Order (3.4s)
✔ [2846/9243] Built Mathlib.Data.Finsupp.Sigma (1.0s)
✔ [2847/9243] Built Mathlib.GroupTheory.Commutator.Basic (5.8s)
✔ [2848/9243] Built Mathlib.Data.Finsupp.SMul (2.3s)
✔ [2849/9243] Built Mathlib.CategoryTheory.Limits.HasLimits (8.8s)
✔ [2850/9243] Built Mathlib.Data.Finsupp.AList (2.2s)
✔ [2851/9243] Built Mathlib.Data.Finsupp.Option (2.4s)
✔ [2852/9243] Built Mathlib.Combinatorics.SimpleGraph.Walks.Operations (1.5s)
✔ [2853/9243] Built Mathlib.Topology.Order.Hom.Esakia (2.2s)
✔ [2854/9243] Built Mathlib.Topology.Ultrafilter (1.8s)
✔ [2855/9243] Built Mathlib.Topology.Instances.ZMod (1.5s)
✔ [2856/9243] Built Mathlib.Topology.Bornology.Constructions (1.9s)
✔ [2857/9243] Built Mathlib.Topology.Bornology.Hom (1.9s)
✔ [2858/9243] Built Mathlib.Topology.Bornology.Absorbs (2.7s)
✔ [2859/9243] Built Mathlib.Topology.UniformSpace.Defs (3.3s)
✔ [2860/9243] Built Mathlib.Topology.Maps.Basic (3.3s)
✔ [2861/9243] Built Mathlib.Combinatorics.Pigeonhole (2.5s)
✔ [2862/9243] Built Mathlib.Algebra.Ring.Subring.MulOpposite (2.5s)
✔ [2863/9243] Built Mathlib.Combinatorics.Enumerative.InclusionExclusion (3.4s)
✔ [2864/9243] Built Mathlib.Data.ENat.BigOperators (1.0s)
✔ [2865/9243] Built Mathlib.Algebra.BigOperators.Balance (2.1s)
✔ [2866/9243] Built Mathlib.Data.DFinsupp.Submonoid (1.7s)
✔ [2867/9243] Built Mathlib.GroupTheory.Congruence.BigOperators (2.3s)
✔ [2868/9243] Built Mathlib.Data.DFinsupp.Interval (2.4s)
✔ [2869/9243] Built Mathlib.Data.DFinsupp.Multiset (1.0s)
✔ [2870/9243] Built Mathlib.Order.WellQuasiOrder (1.7s)
✔ [2871/9243] Built Mathlib.Algebra.Order.BigOperators.Expect (4.1s)
✔ [2872/9243] Built Mathlib.Data.Nat.Nth (2.5s)
✔ [2873/9243] Built Mathlib.Order.LiminfLimsup (5.7s)
✔ [2874/9243] Built Mathlib.Data.Set.Dissipate (1.6s)
✔ [2875/9243] Built Mathlib.Algebra.MonoidAlgebra.Defs (10s)
✔ [2876/9243] Built Mathlib.CategoryTheory.Bicategory.SingleObj (2.3s)
✔ [2877/9243] Built Mathlib.Order.CompactlyGenerated.Basic (3.8s)
✔ [2878/9243] Built Mathlib.CategoryTheory.Monoidal.Free.Basic (4.3s)
✔ [2879/9243] Built Mathlib.LinearAlgebra.Matrix.Integer (2.3s)
✔ [2880/9243] Built Mathlib.Order.RelSeries (6.0s)
✔ [2881/9243] Built Mathlib.CategoryTheory.Monoidal.NaturalTransformation (4.1s)
✔ [2882/9243] Built Mathlib.CategoryTheory.Monoidal.End (4.4s)
✔ [2883/9243] Built Mathlib.LinearAlgebra.Matrix.Irreducible.Defs (2.7s)
✔ [2884/9243] Built Mathlib.LinearAlgebra.Matrix.Orthogonal (1.9s)
✔ [2885/9243] Built Mathlib.Combinatorics.SetFamily.Shadow (5.1s)
✔ [2886/9243] Built Mathlib.Combinatorics.SetFamily.FourFunctions (5.1s)
✔ [2887/9243] Built Mathlib.Data.Set.Accumulate (1.8s)
✔ [2888/9243] Built Mathlib.CategoryTheory.Monoidal.Opposite (6.2s)
✔ [2889/9243] Built Mathlib.Data.PFunctor.Multivariate.Basic (2.2s)
✔ [2890/9243] Built Mathlib.LinearAlgebra.Matrix.Action (2.6s)
✔ [2891/9243] Built Mathlib.Data.Matrix.PEquiv (3.4s)
✔ [2892/9243] Built Mathlib.Algebra.Order.Disjointed (2.4s)
✔ [2893/9243] Built Mathlib.Data.PFunctor.Univariate.M (3.2s)
✔ [2894/9243] Built Mathlib.MeasureTheory.PiSystem (3.1s)
✔ [2895/9243] Built Mathlib.Algebra.Order.BigOperators.Group.LocallyFinite (2.9s)
✔ [2896/9243] Built Mathlib.Data.Fin.Tuple.Sort (2.6s)
✔ [2897/9243] Built Mathlib.SetTheory.Descriptive.Tree (2.9s)
✔ [2898/9243] Built Mathlib.MeasureTheory.MeasurableSpace.Constructions (4.9s)
✔ [2899/9243] Built Mathlib.CategoryTheory.Limits.Shapes.Preorder.Fin (1.8s)
✔ [2900/9243] Built Mathlib.Tactic.Determinant.Bird.Meta (4.4s)
✔ [2901/9243] Built Mathlib.Tactic.Inclusion.Extension.IntervalDyadicReal.Tactic (2.2s)
✔ [2902/9243] Built Mathlib.CategoryTheory.Monoidal.Multifunctor (11s)
✔ [2903/9243] Built Mathlib.Computability.RecursiveIn (2.3s)
✔ [2904/9243] Built Mathlib.Combinatorics.Additive.RuzsaCovering (2.9s)
✔ [2905/9243] Built Mathlib.Algebra.ContinuedFractions.Computation.Approximations (4.3s)
✔ [2906/9243] Built Mathlib.CategoryTheory.Endofunctor.Algebra (6.5s)
✔ [2907/9243] Built Mathlib.GroupTheory.Coset.Card (4.4s)
✔ [2908/9243] Built Mathlib.CategoryTheory.Bicategory.Adjunction.Basic (5.4s)
✔ [2909/9243] Built Mathlib.CategoryTheory.Bicategory.InducedBicategory (5.4s)
✔ [2910/9243] Built Mathlib.Algebra.GroupWithZero.Pointwise.Set.Card (2.0s)
✔ [2911/9243] Built Mathlib.Algebra.GroupWithZero.Units.Fintype (2.3s)
✔ [2912/9243] Built Mathlib.Algebra.BigOperators.Ring.Nat (3.1s)
✔ [2913/9243] Built Mathlib.Algebra.BigOperators.Fin (11s)
✔ [2914/9243] Built Mathlib.Data.Nat.Choose.Consecutive (2.6s)
✔ [2915/9243] Built Mathlib.Computability.PartrecCode (9.5s)
✔ [2916/9243] Built Mathlib.Data.Real.Archimedean (2.3s)
✔ [2917/9243] Built Mathlib.Data.Int.CardIntervalMod (3.4s)
✔ [2918/9243] Built Mathlib.Topology.Algebra.Module.WeakDual (2.4s)
✔ [2919/9243] Built Mathlib.CategoryTheory.Bicategory.Product (9.8s)
✔ [2920/9243] Built Mathlib.CategoryTheory.Bicategory.FunctorBicategory.Pseudo (4.9s)
✔ [2921/9243] Built Mathlib.Algebra.Order.Archimedean.Submonoid (2.6s)
✔ [2922/9243] Built Mathlib.GroupTheory.MonoidLocalization.UniqueFactorization (2.8s)
✔ [2923/9243] Built Mathlib.Data.Set.Card (7.6s)
✔ [2924/9243] Built Mathlib.Data.NNRat.Floor (3.6s)
✔ [2925/9243] Built Mathlib.RingTheory.UniqueFactorizationDomain.NormalizedFactors (3.5s)
✔ [2926/9243] Built Mathlib.Algebra.Order.Archimedean.Basic (5.8s)
✔ [2927/9243] Built Mathlib.RingTheory.UniqueFactorizationDomain.FactorSet (4.2s)
✔ [2928/9243] Built Mathlib.CategoryTheory.FiberedCategory.Grothendieck (3.8s)
✔ [2929/9243] Built Mathlib.ModelTheory.Algebra.Ring.Basic (2.8s)
✔ [2930/9243] Built Mathlib.ModelTheory.Quotients (2.3s)
✔ [2931/9243] Built Mathlib.ModelTheory.Arithmetic.Presburger.Basic (2.2s)
✔ [2932/9243] Built Mathlib.Order.Category.BddLat (4.2s)
✔ [2933/9243] Built Mathlib.Algebra.Order.Archimedean.Class (9.0s)
✔ [2934/9243] Built Mathlib.Algebra.Ring.Action.ConjAct (1.8s)
✔ [2935/9243] Built Mathlib.ModelTheory.Definability (3.6s)
✔ [2936/9243] Built Mathlib.Algebra.GroupWithZero.Action.ConjAct (1.9s)
✔ [2937/9243] Built Mathlib.CategoryTheory.Localization.HasLocalization (1.7s)
✔ [2938/9243] Built Mathlib.CategoryTheory.Localization.Prod (2.1s)
✔ [2939/9243] Built Mathlib.CategoryTheory.Localization.Equivalence (1.8s)
✔ [2940/9243] Built Mathlib.CategoryTheory.Monad.Adjunction (3.8s)
✔ [2941/9243] Built Mathlib.GroupTheory.GroupAction.SubMulAction.Closure (1.8s)
✔ [2942/9243] Built Mathlib.CategoryTheory.Comma.StructuredArrow.Basic (21s)
✔ [2943/9243] Built Mathlib.GroupTheory.GroupAction.OfQuotient (2.0s)
✔ [2944/9243] Built Mathlib.GroupTheory.GroupAction.SubMulAction.Pointwise (2.2s)
✔ [2945/9243] Built Mathlib.Algebra.Category.MonCat.Shrink (2.2s)
✔ [2946/9243] Built Mathlib.Algebra.Category.Grp.Shrink (2.3s)
✔ [2947/9243] Built Mathlib.GroupTheory.GroupAction.SubMulAction.OfStabilizer (3.9s)
✔ [2948/9243] Built Mathlib.Algebra.Module.Submodule.Defs (3.3s)
✔ [2949/9243] Built Mathlib.SetTheory.Cardinal.Cofinality.Enum (3.2s)
✔ [2950/9243] Built Mathlib.SetTheory.Ordinal.Rank (1.0s)
✔ [2951/9243] Built Mathlib.SetTheory.Ordinal.Enum (2.1s)
✔ [2952/9243] Built Mathlib.SetTheory.Ordinal.Exponential (3.2s)
✔ [2953/9243] Built Mathlib.Data.Nat.Factorization.Defs (2.7s)
✔ [2954/9243] Built Mathlib.Data.Finsupp.Antidiagonal (2.5s)
✔ [2955/9243] Built Mathlib.Data.Finsupp.Interval (2.6s)
✔ [2956/9243] Built Mathlib.Topology.Algebra.RestrictedProduct.Basic (5.8s)
✔ [2957/9243] Built Mathlib.GroupTheory.Abelianization.Defs (2.5s)
✔ [2958/9243] Built Mathlib.LinearAlgebra.Finsupp.SumProd (2.2s)
✔ [2959/9243] Built Mathlib.Data.Finsupp.ToDFinsupp (2.7s)
✔ [2960/9243] Built Mathlib.GroupTheory.GroupAction.Quotient (4.4s)
✔ [2961/9243] Built Mathlib.CategoryTheory.Limits.Unit (1.9s)
✔ [2962/9243] Built Mathlib.Algebra.Category.MonCat.Colimits (2.4s)
✔ [2963/9243] Built Mathlib.CategoryTheory.Limits.Shapes.Terminal (3.2s)
✔ [2964/9243] Built Mathlib.CategoryTheory.Limits.Pi (1.8s)
✔ [2965/9243] Built Mathlib.CategoryTheory.Adjunction.PartialAdjoint (3.1s)
✔ [2966/9243] Built Mathlib.LinearAlgebra.Finsupp.Defs (4.7s)
✔ [2967/9243] Built Mathlib.CategoryTheory.Monoidal.Limits.HasLimits (1.0s)
✔ [2968/9243] Built Mathlib.CategoryTheory.Limits.Types.Limits (2.7s)
✔ [2969/9243] Built Mathlib.Algebra.Category.Ring.Colimits (4.7s)
✔ [2970/9243] Built Mathlib.CategoryTheory.Limits.Shapes.BinaryProducts.BinaryFan (4.6s)
✔ [2971/9243] Built Mathlib.CategoryTheory.Limits.WeakLimits.Basic (2.7s)
✔ [2972/9243] Built Mathlib.Topology.Order.Bornology (2.3s)
✔ [2973/9243] Built Mathlib.Topology.Category.Born (1.8s)
✔ [2974/9243] Built Mathlib.Topology.UniformSpace.OfFun (1.9s)
✔ [2975/9243] Built Mathlib.CategoryTheory.Limits.Preserves.Basic (3.7s)
✔ [2976/9243] Built Mathlib.Topology.Maps.OpenQuotient (1.0s)
✔ [2977/9243] Built Mathlib.Basic.Complex.BigOperators (2.2s)
✔ [2978/9243] Built Mathlib.NumberTheory.ClassNumber.AdmissibleAbsoluteValue (2.5s)
✔ [2979/9243] Built Mathlib.RingTheory.Congruence.BigOperators (2.1s)
✔ [2980/9243] Built Mathlib.Data.Finsupp.PWO (1.7s)
✔ [2981/9243] Built Mathlib.Data.Multiset.Interval (1.0s)
✔ [2982/9243] Built Mathlib.Data.Nat.Prime.Nth (1.0s)
✔ [2983/9243] Built Mathlib.CategoryTheory.Limits.Fubini (7.3s)
✔ [2984/9243] Built Mathlib.Order.WellFoundedSet (3.6s)
✔ [2985/9243] Built Mathlib.CategoryTheory.Limits.Shapes.WidePullbacks (7.4s)
✔ [2986/9243] Built Mathlib.Algebra.MonoidAlgebra.Lift (2.8s)
✔ [2987/9243] Built Mathlib.Algebra.DirectSum.Basic (4.9s)
✔ [2988/9243] Built Mathlib.Algebra.MonoidAlgebra.Division (2.8s)
✔ [2989/9243] Built Mathlib.Order.CompactlyGenerated.Intervals (2.1s)
✔ [2990/9243] Built Mathlib.Topology.Algebra.InfiniteSum.SummationFilter (4.1s)
✔ [2991/9243] Built Mathlib.Order.BooleanGenerators (1.9s)
✔ [2992/9243] Built Mathlib.Tactic.CategoryTheory.Coherence (2.6s)
✔ [2993/9243] Built Mathlib.Combinatorics.SetFamily.LYM (2.8s)
✔ [2994/9243] Built Mathlib.CategoryTheory.Monoidal.Discrete (3.6s)
✔ [2995/9243] Built Mathlib.Order.JordanHolder (4.1s)
✔ [2996/9243] Built Mathlib.CategoryTheory.Monoidal.Free.Coherence (4.9s)
✔ [2997/9243] Built Mathlib.CategoryTheory.Monoidal.Transport (3.0s)
✔ [2998/9243] Built Mathlib.Combinatorics.SetFamily.Compression.UV (3.8s)
✔ [2999/9243] Built Mathlib.Algebra.MonoidAlgebra.MapDomain (7.5s)
✔ [3000/9243] Built Mathlib.CategoryTheory.Limits.Shapes.Products (12s)
✔ [3001/9243] Built Mathlib.Order.KrullDimension (5.5s)
✔ [3002/9243] Built Mathlib.Data.QPF.Multivariate.Basic (2.2s)
✔ [3003/9243] Built Mathlib.Data.PFunctor.Multivariate.W (2.3s)
✔ [3004/9243] Built Mathlib.Order.Interval.Finset.Box (2.9s)
✔ [3005/9243] Built Mathlib.Data.PFunctor.Multivariate.M (2.7s)
✔ [3006/9243] Built Mathlib.Data.QPF.Univariate.Basic (2.6s)
✔ [3007/9243] Built Mathlib.Data.Fin.Tuple.BubbleSortInduction (2.2s)
✔ [3008/9243] Built Mathlib.CategoryTheory.Monoidal.Action.End (6.1s)
✔ [3009/9243] Built Mathlib.MeasureTheory.MeasurableSpace.PreorderRestrict (2.1s)
✔ [3010/9243] Built Mathlib.MeasureTheory.SetSemiring (4.0s)
✔ [3011/9243] Built Mathlib.CategoryTheory.Monoidal.Action.Opposites (5.5s)
✔ [3012/9243] Built Mathlib.MeasureTheory.MeasurableSpace.Pi (1.0s)
✔ [3013/9243] Built Mathlib.Algebra.BigOperators.Intervals (3.9s)
✔ [3014/9243] Built Mathlib.MeasureTheory.MeasurableSpace.MeasurablyGenerated (2.6s)
✔ [3015/9243] Built Mathlib.Computability.TuringDegree (1.0s)
✔ [3016/9243] Built Mathlib.Algebra.ContinuedFractions.Computation.TerminatesIffRat (2.4s)
✔ [3017/9243] Built Mathlib.Tactic.Determinant.Bird.Cert (2.9s)
✔ [3018/9243] Built Mathlib.Algebra.Group.ConjFinite (2.0s)
✔ [3019/9243] Built Mathlib.Combinatorics.Enumerative.IncidenceAlgebra (6.5s)
✔ [3020/9243] Built Mathlib.Combinatorics.Enumerative.Catalan.Basic (2.6s)
✔ [3021/9243] Built Mathlib.Combinatorics.Enumerative.Schroder (2.5s)
✔ [3022/9243] Built Mathlib.Data.Fin.Tuple.Reflection (2.7s)
✔ [3023/9243] Built Mathlib.MeasureTheory.MeasurableSpace.Embedding (5.7s)
✔ [3024/9243] Built Mathlib.Algebra.BigOperators.Finsupp.Fin (2.2s)
✔ [3025/9243] Built Mathlib.Data.Fin.Tuple.NatAntidiagonal (2.9s)
✔ [3026/9243] Built Mathlib.Computability.PartrecBasis (2.4s)
✔ [3027/9243] Built Mathlib.CategoryTheory.Bicategory.RetractArrow (5.2s)
✔ [3028/9243] Built Mathlib.Computability.RE (2.7s)
✔ [3029/9243] Built Mathlib.Order.Height (2.4s)
✔ [3030/9243] Built Mathlib.Computability.Ackermann (3.3s)
✔ [3031/9243] Built Mathlib.Data.Setoid.Partition.Card (2.2s)
✔ [3032/9243] Built Mathlib.Combinatorics.Enumerative.Composition (4.9s)
✔ [3033/9243] Built Mathlib.SetTheory.Cardinal.NatCount (1.9s)
✔ [3034/9243] Built Mathlib.Algebra.Group.Pointwise.Set.Card (2.9s)
✔ [3035/9243] Built Mathlib.CategoryTheory.Bicategory.Adjunction.Mate (8.1s)
✔ [3036/9243] Built Mathlib.Order.Interval.Set.Nat (2.2s)
✔ [3037/9243] Built Mathlib.GroupTheory.Perm.DomMulAct (2.8s)
✔ [3038/9243] Built Mathlib.Combinatorics.Matroid.Basic (4.3s)
✔ [3039/9243] Built Mathlib.Combinatorics.Hypergraph.Basic (2.8s)
✔ [3040/9243] Built Mathlib.Order.Interval.Set.Card (2.9s)
✔ [3041/9243] Built Mathlib.Combinatorics.SimpleGraph.Finite (5.1s)
✔ [3042/9243] Built Mathlib.Data.Sym.NatCard (2.1s)
✔ [3043/9243] Built Mathlib.MeasureTheory.MeasurableSpace.NCard (2.3s)
✔ [3044/9243] Built Mathlib.SetTheory.Cardinal.NatCard (2.5s)
✔ [3045/9243] Built Mathlib.RingTheory.UniqueFactorizationDomain.Finsupp (1.9s)
✔ [3046/9243] Built Mathlib.Algebra.GroupWithZero.Torsion (1.8s)
✔ [3047/9243] Built Mathlib.RingTheory.UniqueFactorizationDomain.Nat (1.8s)
✔ [3048/9243] Built Mathlib.RingTheory.UniqueFactorizationDomain.Multiplicity (2.2s)
✔ [3049/9243] Built Mathlib.CategoryTheory.Bicategory.Yoneda (7.7s)
✔ [3050/9243] Built Mathlib.RingTheory.UniqueFactorizationDomain.Finite (2.0s)
✔ [3051/9243] Built Mathlib.RingTheory.UniqueFactorizationDomain.Multiplicative (2.2s)
✔ [3052/9243] Built Mathlib.Algebra.Order.Archimedean.IndicatorCard (2.2s)
✔ [3053/9243] Built Mathlib.GroupTheory.Archimedean (2.5s)
✔ [3054/9243] Built Mathlib.Algebra.Order.Archimedean.Hom (1.9s)
✔ [3055/9243] Built Mathlib.RingTheory.UniqueFactorizationDomain.GCDMonoid (1.9s)
✔ [3056/9243] Built Mathlib.Algebra.Order.Archimedean.Real.Basic (2.0s)
✔ [3057/9243] Built Mathlib.Order.Filter.AtTopBot.Archimedean (2.6s)
✔ [3058/9243] Built Mathlib.Algebra.Field.Action.ConjAct (1.0s)
✔ [3059/9243] Built Mathlib.ModelTheory.Ultraproducts (2.4s)
✔ [3060/9243] Built Mathlib.Order.Category.CompleteLat (2.5s)
✔ [3061/9243] Built Mathlib.ModelTheory.Algebra.Field.Basic (2.9s)
✔ [3062/9243] Built Mathlib.CategoryTheory.Localization.LocallySmall (1.9s)
✔ [3063/9243] Built Mathlib.Order.Category.BddDistLat (3.1s)
✔ [3064/9243] Built Mathlib.Algebra.AddConstMap.Basic (4.8s)
✔ [3065/9243] Built Mathlib.CategoryTheory.Localization.Opposite (1.7s)
✔ [3066/9243] Built Mathlib.CategoryTheory.Localization.Pi (1.8s)
✔ [3067/9243] Built Mathlib.CategoryTheory.Localization.Bifunctor (2.5s)
✔ [3068/9243] Built Mathlib.CategoryTheory.Discrete.StructuredArrow (1.9s)
✔ [3069/9243] Built Mathlib.Algebra.Group.Ideal (2.0s)
✔ [3070/9243] Built Mathlib.CategoryTheory.Adjunction.Triple (2.5s)
✔ [3071/9243] Built Mathlib.CategoryTheory.Comma.StructuredArrow.Small (1.9s)
✔ [3072/9243] Built Mathlib.Algebra.Order.Module.Archimedean (2.5s)
✔ [3073/9243] Built Mathlib.Algebra.Module.Submodule.Basic (2.3s)
✔ [3074/9243] Built Mathlib.Algebra.Module.Submodule.Order (2.0s)
✔ [3075/9243] Built Mathlib.CategoryTheory.Bicategory.Extension (4.9s)
✔ [3076/9243] Built Mathlib.Algebra.Module.Submodule.Lattice (4.2s)
✔ [3077/9243] Built Mathlib.Algebra.Module.Submodule.LinearMap (3.8s)
✔ [3078/9243] Built Mathlib.RingTheory.Artinian.Defs (2.3s)
✔ [3079/9243] Built Mathlib.LinearAlgebra.Quotient.Defs (3.9s)
✔ [3080/9243] Built Mathlib.CategoryTheory.Comma.StructuredArrow.CommaMap (5.9s)
✔ [3081/9243] Built Mathlib.RingTheory.Ideal.Defs (2.6s)
✔ [3082/9243] Built Mathlib.Order.Extension.Well (2.1s)
✔ [3083/9243] Built Mathlib.SetTheory.ZFC.Rank (2.4s)
✔ [3084/9243] Built Mathlib.SetTheory.Ordinal.FixedPoint (2.9s)
✔ [3085/9243] Built Mathlib.Data.Nat.Factorization.Root (2.8s)
✔ [3086/9243] Built Mathlib.SetTheory.Ordinal.CantorNormalForm (3.7s)
✔ [3087/9243] Built Mathlib.Data.Nat.Factorization.Induction (3.1s)
✔ [3088/9243] Built Mathlib.Tactic.NormNum.Ordinal (3.9s)
✔ [3089/9243] Built Mathlib.CategoryTheory.Elements (9.7s)
✔ [3090/9243] Built Mathlib.Data.Nat.Factorization.Divisors (2.0s)
✔ [3091/9243] Built Mathlib.Data.Nat.Factorization.Basic (4.2s)
✔ [3092/9243] Built Mathlib.GroupTheory.Abelianization.Finite (1.0s)
✔ [3093/9243] Built Mathlib.GroupTheory.Solvable (3.3s)
✔ [3094/9243] Built Mathlib.Data.Finsupp.Encodable (2.1s)
✔ [3095/9243] Built Mathlib.Testing.Plausible.Functions (2.7s)
✔ [3096/9243] Built Mathlib.Data.DFinsupp.Small (2.1s)
✔ [3097/9243] Built Mathlib.CategoryTheory.Category.Cat.Terminal (2.1s)
✔ [3098/9243] Built Mathlib.CategoryTheory.Category.Factorisation (2.7s)
✔ [3099/9243] Built Mathlib.GroupTheory.FreeAbelianGroup (4.7s)
✔ [3100/9243] Built Mathlib.SetTheory.Cardinal.Cofinality.Club (8.7s)
✔ [3101/9243] Built Mathlib.Topology.UniformSpace.AbsoluteValue (2.1s)
✔ [3102/9243] Built Mathlib.CategoryTheory.Adjunction.Comma (2.7s)
✔ [3103/9243] Built Mathlib.CategoryTheory.Limits.Shapes.ZeroObjects (2.7s)
✔ [3104/9243] Built Mathlib.CategoryTheory.Limits.Preserves.Shapes.Terminal (2.5s)
✔ [3105/9243] Built Mathlib.CategoryTheory.Limits.Preserves.Limits (2.7s)
✔ [3106/9243] Built Mathlib.Data.Complex.BigOperators (2.1s)
✔ [3107/9243] Built Mathlib.Topology.Homeomorph.Defs (3.6s)
✔ [3108/9243] Built Mathlib.CategoryTheory.Limits.Creates (4.9s)
✔ [3109/9243] Built Mathlib.Data.Set.SMulAntidiagonal (2.5s)
✔ [3110/9243] Built Mathlib.Data.Set.MulAntidiagonal (2.6s)
✔ [3111/9243] Built Mathlib.Algebra.Group.Submonoid.Pointwise (3.0s)
✔ [3112/9243] Built Mathlib.Data.DFinsupp.Lex (4.2s)
✔ [3113/9243] Built Mathlib.CategoryTheory.Limits.Shapes.Connected (1.9s)
✔ [3114/9243] Built Mathlib.RingTheory.HahnSeries.Basic (4.2s)
✔ [3115/9243] Built Mathlib.CategoryTheory.LocallyDirected (2.5s)
✔ [3116/9243] Built Mathlib.CategoryTheory.Limits.Preserves.Bifunctor (6.2s)
✔ [3117/9243] Built Mathlib.Algebra.DirectSum.AddChar (2.2s)
✔ [3118/9243] Built Mathlib.CategoryTheory.Limits.Constructions.WidePullbackOfTerminal (2.0s)
✔ [3119/9243] Built Mathlib.Algebra.MonoidAlgebra.Opposite (2.0s)
✔ [3120/9243] Built Mathlib.CategoryTheory.Limits.Shapes.Pullback.Cospan (4.3s)
✔ [3121/9243] Built Mathlib.CategoryTheory.Groupoid.Grpd.Basic (2.3s)
✔ [3122/9243] Built Mathlib.CategoryTheory.Limits.SmallComplete (2.2s)
✔ [3123/9243] Built Mathlib.CategoryTheory.Limits.EssentiallySmall (1.8s)
✔ [3124/9243] Built Mathlib.CategoryTheory.Limits.Shapes.CombinedProducts (2.8s)
✔ [3125/9243] Built Mathlib.CategoryTheory.Adjunction.Evaluation (3.6s)
✔ [3126/9243] Built Mathlib.CategoryTheory.Limits.Preserves.Shapes.Products (2.1s)
✔ [3127/9243] Built Mathlib.CategoryTheory.EffectiveEpi.Basic (2.8s)
✔ [3128/9243] Built Mathlib.Data.QPF.Multivariate.Constructions.Comp (2.0s)
✔ [3129/9243] Built Mathlib.Data.QPF.Multivariate.Constructions.Sigma (1.9s)
✔ [3130/9243] Built Mathlib.Algebra.DirectSum.Ring (7.0s)
✔ [3131/9243] Built Mathlib.Data.QPF.Multivariate.Constructions.Const (1.9s)
✔ [3132/9243] Built Mathlib.Data.QPF.Multivariate.Constructions.Prj (1.7s)
✔ [3133/9243] Built Mathlib.Data.QPF.Multivariate.Constructions.Quot (1.7s)
✔ [3134/9243] Built Mathlib.Data.QPF.Multivariate.Constructions.Fix (2.1s)
✔ [3135/9243] Built Mathlib.CategoryTheory.Comma.Over.Basic (25s)
✔ [3136/9243] Built Mathlib.MeasureTheory.SetAlgebra (2.3s)
✔ [3137/9243] Built Mathlib.CategoryTheory.Monoidal.Braided.Basic (9.1s)
✔ [3138/9243] Built Mathlib.Data.Nat.Factorial.SuperFactorial (2.2s)
✔ [3139/9243] Built Mathlib.Data.QPF.Multivariate.Constructions.Cofix (2.0s)
✔ [3140/9243] Built Mathlib.Algebra.BigOperators.Module (2.3s)
✔ [3141/9243] Built Mathlib.Combinatorics.SetFamily.AhlswedeZhang (4.2s)
✔ [3142/9243] Built Mathlib.Data.Nat.Digits.Lemmas (3.7s)
✔ [3143/9243] Built Mathlib.Algebra.Ring.GeomSum (3.3s)
✔ [3144/9243] Built Mathlib.MeasureTheory.Constructions.SimpleGraph (2.3s)
✔ [3145/9243] Built Mathlib.Tactic.Simproc.VecPerm (2.5s)
✔ [3146/9243] Built Mathlib.Data.Nat.Choose.Sum (3.1s)
✔ [3147/9243] Built Mathlib.Combinatorics.Enumerative.Catalan.Tree (3.0s)
✔ [3148/9243] Built Mathlib.GroupTheory.GroupAction.CardCommute (2.0s)
✔ [3149/9243] Built Mathlib.MeasureTheory.MeasurableSpace.Prod (1.7s)
✔ [3150/9243] Built Mathlib.Computability.Halting (1.7s)
✔ [3151/9243] Built Mathlib.Probability.Kernel.IonescuTulcea.Maps (3.5s)
✔ [3152/9243] Built Mathlib.Computability.Reduce (2.6s)
✔ [3153/9243] Built Mathlib.MeasureTheory.MeasurableSpace.CountablyGenerated (3.1s)
✔ [3154/9243] Built Mathlib.Algebra.Order.Antidiag.Pi (3.4s)
✔ [3155/9243] Built Mathlib.Combinatorics.SimpleGraph.Coloring.EdgeLabeling (2.7s)
✔ [3156/9243] Built Mathlib.Computability.TuringMachine.Config (4.1s)
✔ [3157/9243] Built Mathlib.Combinatorics.SimpleGraph.DeleteEdges (2.5s)
✔ [3158/9243] Built Mathlib.Combinatorics.SimpleGraph.IncMatrix (2.5s)
✔ [3159/9243] Built Mathlib.CategoryTheory.Bicategory.Adjunction.Adj (4.1s)
✔ [3160/9243] Built Mathlib.SetTheory.Cardinal.Embedding (2.1s)
✔ [3161/9243] Built Mathlib.Data.Set.PowersetCard (2.7s)
✔ [3162/9243] Built Mathlib.CategoryTheory.WithTerminal.Basic (19s)
✔ [3163/9243] Built Mathlib.Combinatorics.Matroid.IndepAxioms (5.4s)
✔ [3164/9243] Built Mathlib.Algebra.Group.Subgroup.Finite (2.9s)
✔ [3165/9243] Built Mathlib.Basic.Real.Pointwise (2.3s)
✔ [3166/9243] Built Mathlib.RingTheory.ChainOfDivisors (2.8s)
✔ [3167/9243] Built Mathlib.Algebra.Order.CompleteField (3.5s)
✔ [3168/9243] Built Mathlib.Order.Filter.AtTopBot.Interval (3.2s)
✔ [3169/9243] Built Mathlib.Order.Category.HeytAlg (2.6s)
✔ [3170/9243] Built Mathlib.Algebra.AddConstMap.Equiv (2.8s)
✔ [3171/9243] Built Mathlib.Combinatorics.Schnirelmann (4.3s)
✔ [3172/9243] Built Mathlib.Order.Category.FinBddDistLat (3.6s)
✔ [3173/9243] Built Mathlib.CategoryTheory.Localization.Adjunction (2.6s)
✔ [3174/9243] Built Mathlib.Basic.Real.Embedding (4.3s)
✔ [3175/9243] Built Mathlib.CategoryTheory.Localization.LocalizerMorphism (3.4s)
✔ [3176/9243] Built Mathlib.Basic.NNReal.Defs (5.8s)
✔ [3177/9243] Built Mathlib.Algebra.Order.Group.Ideal (1.8s)
✔ [3178/9243] Built Mathlib.CategoryTheory.Bicategory.Kan.IsKan (2.6s)
✔ [3179/9243] Built Mathlib.MeasureTheory.Constructions.SubmoduleQuotient (2.1s)
✔ [3180/9243] Built Mathlib.Algebra.Module.Submodule.RestrictScalars (2.7s)
✔ [3181/9243] Built Mathlib.LinearAlgebra.Quotient.Card (2.4s)
✔ [3182/9243] Built Mathlib.CategoryTheory.Localization.CalculusOfFractions (5.4s)
✔ [3183/9243] Built Mathlib.LinearAlgebra.Finsupp.LSum (4.4s)
✔ [3184/9243] Built Mathlib.RingTheory.Ideal.Quotient.Defs (3.2s)
✔ [3185/9243] Built Mathlib.RingTheory.Ideal.Lattice (2.4s)
✔ [3186/9243] Built Mathlib.LinearAlgebra.Span.Defs (4.5s)
✔ [3187/9243] Built Mathlib.CategoryTheory.Localization.Trifunctor (6.5s)
✔ [3188/9243] Built Mathlib.RingTheory.Ideal.BigOperators (2.0s)
✔ [3189/9243] Built Mathlib.SetTheory.ZFC.Ordinal (2.8s)
✔ [3190/9243] Built Mathlib.Algebra.GCDMonoid.FinsetLemmas (2.1s)
✔ [3191/9243] Built Mathlib.Algebra.Module.Submodule.Map (6.6s)
✔ [3192/9243] Built Mathlib.SetTheory.Ordinal.Principal (3.2s)
✔ [3193/9243] Built Mathlib.Data.Nat.Factorization.PrimePow (2.3s)
✔ [3194/9243] Built Mathlib.Data.Nat.Factorization.LCM (2.3s)
✔ [3195/9243] Built Mathlib.Algebra.Category.Grp.Zero (2.4s)
✔ [3196/9243] Built Mathlib.Algebra.FreeAbelianGroup.Finsupp (2.7s)
✔ [3197/9243] Built Mathlib.CategoryTheory.Limits.Weighted.HasWeightedLimit (4.1s)
✔ [3198/9243] Built Mathlib.Topology.Homeomorph.TransferInstance (1.7s)
✔ [3199/9243] Built Mathlib.Data.Finset.SMulAntidiagonal (2.1s)
✔ [3200/9243] Built Mathlib.Data.Finset.MulAntidiagonal (2.0s)
✔ [3201/9243] Built Mathlib.Data.DFinsupp.WellFounded (2.2s)
✔ [3202/9243] Built Mathlib.Data.Finsupp.Lex (2.0s)
✔ [3203/9243] Built Mathlib.Algebra.Group.Submonoid.Support (2.7s)
✔ [3204/9243] Built Mathlib.CategoryTheory.Limits.FunctorCategory.Basic (6.7s)
✔ [3205/9243] Built Mathlib.Topology.Constructions.SumProd (5.2s)
✔ [3206/9243] Built Mathlib.CategoryTheory.Adjunction.Limits (5.0s)
✔ [3207/9243] Built Mathlib.Algebra.Group.Subgroup.Pointwise (4.3s)
✔ [3208/9243] Built Mathlib.GroupTheory.Submonoid.Inverses (3.0s)
✔ [3209/9243] Built Mathlib.Algebra.Ring.Submonoid.Pointwise (2.7s)
✔ [3210/9243] Built Mathlib.Algebra.Group.Submonoid.Units (4.0s)
✔ [3211/9243] Built Mathlib.Algebra.GroupWithZero.Submonoid.Pointwise (2.7s)
✔ [3212/9243] Built Mathlib.Algebra.Category.MonCat.Limits (6.3s)
✔ [3213/9243] Built Mathlib.CategoryTheory.EffectiveEpi.Enough (1.9s)
✔ [3214/9243] Built Mathlib.CategoryTheory.EffectiveEpi.Comp (2.1s)
✔ [3215/9243] Built Mathlib.Algebra.MonoidAlgebra.NoZeroDivisors (2.8s)
✔ [3216/9243] Built Mathlib.CategoryTheory.Comma.LocallySmall (1.0s)
✔ [3217/9243] Built Mathlib.CategoryTheory.LiftingProperties.Over (2.0s)
✔ [3218/9243] Built Mathlib.RingTheory.HahnSeries.Addition (4.8s)
✔ [3219/9243] Built Mathlib.CategoryTheory.Groupoid.FreeGroupoidOfCategory (3.5s)
✔ [3220/9243] Built Mathlib.CategoryTheory.Limits.Shapes.Pullback.PullbackCone (4.1s)
✔ [3221/9243] Built Mathlib.CategoryTheory.Comma.Over.OverClass (2.5s)
✔ [3222/9243] Built Mathlib.CategoryTheory.Monoidal.Skeleton (2.1s)
✔ [3223/9243] Built Mathlib.CategoryTheory.Monoidal.Braided.Transport (2.3s)
✔ [3224/9243] Built Mathlib.CategoryTheory.Monoidal.Braided.Opposite (1.7s)
✔ [3225/9243] Built Mathlib.CategoryTheory.Limits.Shapes.BinaryProducts.BinaryProducts (6.4s)
✔ [3226/9243] Built Mathlib.CategoryTheory.Monoidal.Braided.Multifunctor (4.1s)
✔ [3227/9243] Built Mathlib.Data.Nat.Digits.Div (1.8s)
✔ [3228/9243] Built Mathlib.CategoryTheory.Comma.Presheaf.Basic (6.7s)
✔ [3229/9243] Built Mathlib.Algebra.Order.Ring.GeomSum (2.1s)
✔ [3230/9243] Built Mathlib.CategoryTheory.Monoidal.Center (5.3s)
✔ [3231/9243] Built Mathlib.CategoryTheory.Grothendieck (9.0s)
✔ [3232/9243] Built Mathlib.NumberTheory.FactorisationProperties (2.3s)
✔ [3233/9243] Built Mathlib.Algebra.Field.GeomSum (2.1s)
✔ [3234/9243] Built Mathlib.RingTheory.Nilpotent.Basic (2.6s)
✔ [3235/9243] Built Mathlib.CategoryTheory.Monoidal.FunctorCategory (5.7s)
✔ [3236/9243] Built Mathlib.Algebra.Ring.Divisibility.Lemmas (2.1s)
✔ [3237/9243] Built Mathlib.Combinatorics.SimpleGraph.EdgeLabeling (1.6s)
✔ [3238/9243] Built Mathlib.Algebra.Order.Ring.IsNonarchimedean (2.7s)
✔ [3239/9243] Built Mathlib.Algebra.Order.Antidiag.Finsupp (2.6s)
✔ [3240/9243] Built Mathlib.Combinatorics.Enumerative.DyckWord (3.5s)
✔ [3241/9243] Built Mathlib.Data.Nat.Choose.Multinomial (3.6s)
✔ [3242/9243] Built Mathlib.Combinatorics.SimpleGraph.Walk.Maps (2.9s)
✔ [3243/9243] Built Mathlib.Order.Hom.PowersetCard (2.6s)
✔ [3244/9243] Built Mathlib.CategoryTheory.WithTerminal.FinCategory (2.1s)
✔ [3245/9243] Built Mathlib.CategoryTheory.Bicategory.Adjunction.Cat (3.5s)
✔ [3246/9243] Built Mathlib.Computability.TuringMachine.ToPartrec (4.8s)
✔ [3247/9243] Built Mathlib.GroupTheory.ClassEquation (2.3s)
✔ [3248/9243] Built Mathlib.Combinatorics.Matroid.Dual (2.8s)
✔ [3249/9243] Built Mathlib.GroupTheory.Perm.Subgroup (1.9s)
✔ [3250/9243] Built Mathlib.CategoryTheory.MorphismProperty.Comma (13s)
✔ [3251/9243] Built Mathlib.Data.Real.Pointwise (2.0s)
✔ [3252/9243] Built Mathlib.Data.Real.Embedding (2.1s)
✔ [3253/9243] Built Mathlib.Combinatorics.SimpleGraph.Subgraph (6.5s)
✔ [3254/9243] Built Mathlib.CategoryTheory.Localization.Quotient (1.7s)
✔ [3255/9243] Built Mathlib.CategoryTheory.Localization.Composition (1.8s)
✔ [3256/9243] Built Mathlib.CategoryTheory.Localization.HomEquiv (2.3s)
✔ [3257/9243] Built Mathlib.Order.Category.BoolAlg (3.6s)
✔ [3258/9243] Built Mathlib.Basic.NNReal.Basic (2.6s)
✔ [3259/9243] Built Mathlib.Data.NNReal.Defs (1.8s)
✔ [3260/9243] Built Mathlib.CategoryTheory.WithTerminal.Cone (7.7s)
✔ [3261/9243] Built Mathlib.CategoryTheory.Localization.Resolution (3.9s)
✔ [3262/9243] Built Mathlib.Data.Int.WithZero (2.2s)
✔ [3263/9243] Built Mathlib.Basic.NNReal.Star (1.9s)
✔ [3264/9243] Built Mathlib.CategoryTheory.Localization.CalculusOfFractions.ComposableArrows (1.8s)
✔ [3265/9243] Built Mathlib.CategoryTheory.Localization.CalculusOfFractions.OfAdjunction (1.8s)
✔ [3266/9243] Built Mathlib.CategoryTheory.Bicategory.Kan.HasKan (2.8s)
✔ [3267/9243] Built Mathlib.Basic.ENNReal.Basic (4.3s)
✔ [3268/9243] Built Mathlib.RingTheory.Ideal.Prime (1.9s)
✔ [3269/9243] Built Mathlib.CategoryTheory.Localization.CalculusOfFractions.Fractions (2.3s)
✔ [3270/9243] Built Mathlib.SetTheory.ZFC.Class (2.0s)
✔ [3271/9243] Built Mathlib.Algebra.Module.Submodule.Invariant (2.9s)
✔ [3272/9243] Built Mathlib.CategoryTheory.Localization.Monoidal.Functor (3.9s)
✔ [3273/9243] Built Mathlib.CategoryTheory.Monoidal.Mon (21s)
✔ [3274/9243] Built Mathlib.Analysis.Normed.Group.Seminorm (7.1s)
✔ [3275/9243] Built Mathlib.Algebra.Module.Submodule.Ker (4.1s)
✔ [3276/9243] Built Mathlib.LinearAlgebra.AffineSpace.AffineSubspace.Defs (6.3s)
✔ [3277/9243] Built Mathlib.SetTheory.Cardinal.Aleph (4.7s)
✔ [3278/9243] Built Mathlib.Algebra.FreeAbelianGroup.UniqueSums (2.3s)
✔ [3279/9243] Built Mathlib.Geometry.Convex.ConvexSpace.Defs (7.3s)
✔ [3280/9243] Built Mathlib.Topology.Instances.Shrink (2.1s)
✔ [3281/9243] Built Mathlib.Data.Finsupp.WellFounded (2.1s)
✔ [3282/9243] Built Mathlib.Logic.Hydra (2.4s)
✔ [3283/9243] Built Mathlib.CategoryTheory.Monoidal.Limits.Preserves (1.9s)
✔ [3284/9243] Built Mathlib.CategoryTheory.Localization.Monoidal.Basic (7.4s)
✔ [3285/9243] Built Mathlib.CategoryTheory.Limits.FunctorCategory.Shapes.Products (2.1s)
✔ [3286/9243] Built Mathlib.Topology.FiberBundle.IsHomeomorphicTrivialBundle (2.1s)
✔ [3287/9243] Built Mathlib.CategoryTheory.Limits.FunctorCategory.Shapes.Terminal (2.3s)
✔ [3288/9243] Built Mathlib.Topology.Algebra.Monoid.Defs (2.3s)
✔ [3289/9243] Built Mathlib.Algebra.MonoidAlgebra.PointwiseSMul (5.1s)
✔ [3290/9243] Built Mathlib.SetTheory.Ordinal.Notation (5.9s)
✔ [3291/9243] Built Mathlib.CategoryTheory.Adjunction.FullyFaithfulLimits (2.2s)
✔ [3292/9243] Built Mathlib.CategoryTheory.Limits.Skeleton (1.9s)
✔ [3293/9243] Built Mathlib.CategoryTheory.Limits.Shapes.Equivalence (1.8s)
✔ [3294/9243] Built Mathlib.CategoryTheory.Monoidal.Closed.Basic (3.9s)
✔ [3295/9243] Built Mathlib.Topology.Constructions (5.5s)
✔ [3296/9243] Built Mathlib.Geometry.Group.Growth.LinearLowerBound (2.6s)
✔ [3297/9243] Built Mathlib.CategoryTheory.Monad.Limits (5.2s)
✔ [3298/9243] Built Mathlib.GroupTheory.IsSubnormal (2.9s)
✔ [3299/9243] Built Mathlib.GroupTheory.DoubleCoset (3.0s)
✔ [3300/9243] Built Mathlib.GroupTheory.Finiteness (4.3s)
✔ [3301/9243] Built Mathlib.Topology.Algebra.RestrictedProduct.Units (2.4s)
✔ [3302/9243] Built Mathlib.CategoryTheory.Action.Basic (6.1s)
✔ [3303/9243] Built Mathlib.Algebra.Ring.Subring.Units (1.9s)
✔ [3304/9243] Built Mathlib.Algebra.GroupWithZero.Range (3.4s)
✔ [3305/9243] Built Mathlib.Combinatorics.Additive.ApproximateSubgroup (4.5s)
✔ [3306/9243] Built Mathlib.Algebra.GroupWithZero.Subgroup (2.2s)
✔ [3307/9243] Built Mathlib.Algebra.Ring.Subsemiring.Pointwise (2.3s)
✔ [3308/9243] Built Mathlib.CategoryTheory.Monoidal.OfHasFiniteProducts (2.1s)
✔ [3309/9243] Built Mathlib.CategoryTheory.Limits.Types.Products (2.5s)
✔ [3310/9243] Built Mathlib.CategoryTheory.Limits.Preorder (2.1s)
✔ [3311/9243] Built Mathlib.CategoryTheory.Limits.Shapes.StrictInitial (2.0s)
✔ [3312/9243] Built Mathlib.CategoryTheory.Limits.Shapes.PiProd (2.3s)
✔ [3313/9243] Built Mathlib.CategoryTheory.Monad.Products (3.3s)
✔ [3314/9243] Built Mathlib.GroupTheory.QuotientGroup.Basic (6.3s)
✔ [3315/9243] Built Mathlib.Algebra.Group.Irreducible.Indecomposable (8.5s)
✔ [3316/9243] Built Mathlib.CategoryTheory.Limits.Shapes.BinaryProducts.ProdComparison (2.6s)
✔ [3317/9243] Built Mathlib.CategoryTheory.Limits.Shapes.Pullback.HasPullback (5.1s)
✔ [3318/9243] Built Mathlib.Data.Nat.Choose.Factorization (2.5s)
✔ [3319/9243] Built Mathlib.Algebra.Order.Field.GeomSum (2.1s)
✔ [3320/9243] Built Mathlib.Combinatorics.Colex (3.4s)
✔ [3321/9243] Built Mathlib.CategoryTheory.Comma.StructuredArrow.Functor (3.5s)
✔ [3322/9243] Built Mathlib.CategoryTheory.Monoidal.Limits.Basic (2.5s)
✔ [3323/9243] Built Mathlib.Algebra.Squarefree.Basic (2.8s)
✔ [3324/9243] Built Mathlib.CategoryTheory.Limits.Shapes.Grothendieck (3.9s)
✔ [3325/9243] Built Mathlib.Algebra.Order.CauSeq.BigOperators (3.9s)
✔ [3326/9243] Built Mathlib.Algebra.Order.Antidiag.FinsuppEquiv (2.1s)
✔ [3327/9243] Built Mathlib.Combinatorics.SimpleGraph.Walks.Maps (1.6s)
✔ [3328/9243] Built Mathlib.Combinatorics.Enumerative.Partition.Basic (2.6s)
✔ [3329/9243] Built Mathlib.Algebra.Ring.IsFormallyReal (4.5s)
✔ [3330/9243] Built Mathlib.CategoryTheory.Monoidal.ExternalProduct.Basic (4.1s)
✔ [3331/9243] Built Mathlib.CategoryTheory.Localization.StructuredArrow (2.2s)
✔ [3332/9243] Built Mathlib.Combinatorics.SimpleGraph.Operations (3.2s)
✔ [3333/9243] Built Mathlib.CategoryTheory.Localization.SmallHom (3.0s)
✔ [3334/9243] Built Mathlib.Combinatorics.Matroid.Minor.Restrict (3.7s)
✔ [3335/9243] Built Mathlib.Algebra.Category.BoolRing (3.3s)
✔ [3336/9243] Built Mathlib.Tactic.Linarith.NNRealPreprocessor (2.6s)
✔ [3337/9243] Built Mathlib.Combinatorics.SimpleGraph.Copy (4.3s)
✔ [3338/9243] Built Mathlib.Data.NNReal.Basic (2.1s)
✔ [3339/9243] Built Mathlib.Order.Category.FinBoolAlg (3.5s)
✔ [3340/9243] Built Mathlib.Data.NNReal.Star (1.8s)
✔ [3341/9243] Built Mathlib.Basic.ENNReal.Lemmas (1.7s)
✔ [3342/9243] Built Mathlib.Combinatorics.SimpleGraph.Walk.Subwalks (5.7s)
✔ [3343/9243] Built Mathlib.Data.ENNReal.Basic (1.5s)
✔ [3344/9243] Built Mathlib.RingTheory.Spectrum.Prime.Defs (1.7s)
✔ [3345/9243] Built Mathlib.Basic.Real.ENatENNReal (2.0s)
✔ [3346/9243] Built Mathlib.Basic.ENNReal.Real (2.6s)
✔ [3347/9243] Built Mathlib.Algebra.Order.Ring.Ordering.Defs (2.6s)
✔ [3348/9243] Built Mathlib.CategoryTheory.Bicategory.Kan.Adjunction (4.1s)
✔ [3349/9243] Built Mathlib.CategoryTheory.Monoidal.Internal.Limits (2.6s)
✔ [3350/9243] Built Mathlib.CategoryTheory.Monoidal.Opposite.Mon (2.3s)
✔ [3351/9243] Built Mathlib.CategoryTheory.Monoidal.Mon_ (1.5s)
✔ [3352/9243] Built Mathlib.CategoryTheory.Monad.EquivMon (3.2s)
✔ [3353/9243] Built Mathlib.Algebra.Module.Submodule.IterateMapComap (1.7s)
✔ [3354/9243] Built Mathlib.Algebra.Module.Submodule.EqLocus (2.0s)
✔ [3355/9243] Built Mathlib.SetTheory.Cardinal.EventuallyConst (1.8s)
✔ [3356/9243] Built Mathlib.CategoryTheory.Sites.Descent.DescentDataAsCoalgebra (11s)
✔ [3357/9243] Built Mathlib.Algebra.Algebra.Basic (4.4s)
✔ [3358/9243] Built Mathlib.Algebra.Module.Submodule.Range (4.1s)
✔ [3359/9243] Built Mathlib.Geometry.Convex.ConvexSpace.AffineMap (2.7s)
✔ [3360/9243] Built Mathlib.SetTheory.Cardinal.Arithmetic (3.8s)
✔ [3361/9243] Built Mathlib.Geometry.Convex.ConvexSpace.Barycenter (2.4s)
✔ [3362/9243] Built Mathlib.CategoryTheory.Monoidal.Mod (5.8s)
✔ [3363/9243] Built Mathlib.CategoryTheory.Monoidal.CommMon_ (7.4s)
✔ [3364/9243] Built Mathlib.Geometry.Convex.ConvexSpace.Prod (3.2s)
✔ [3365/9243] Built Mathlib.CategoryTheory.Monoidal.Comon_ (5.9s)
✔ [3366/9243] Built Mathlib.Topology.Algebra.Group.Defs (2.0s)
✔ [3367/9243] Built Mathlib.Data.Finsupp.MonomialOrder (3.1s)
✔ [3368/9243] Built Mathlib.CategoryTheory.Monoidal.Widesubcategory (2.5s)
✔ [3369/9243] Built Mathlib.CategoryTheory.Monoidal.Closed.Transport (1.6s)
✔ [3370/9243] Built Mathlib.CategoryTheory.Localization.Monoidal.Braided (3.3s)
✔ [3371/9243] Built Mathlib.CategoryTheory.Monoidal.Closed.InternalCurrying (1.8s)
✔ [3372/9243] Built Mathlib.CategoryTheory.Monoidal.Braided.Reflection (3.9s)
✔ [3373/9243] Built Mathlib.CategoryTheory.Monoidal.Closed.FunctorCategory.Groupoid (2.4s)
✔ [3374/9243] Built Mathlib.Topology.PreorderRestrict (1.6s)
✔ [3375/9243] Built Mathlib.CategoryTheory.Limits.ConeCategory (4.5s)
✔ [3376/9243] Built Mathlib.Topology.GDelta.Basic (2.5s)
✔ [3377/9243] Built Mathlib.MeasureTheory.Constructions.Cylinders (2.8s)
✔ [3378/9243] Built Mathlib.Topology.Homeomorph.Quotient (1.9s)
✔ [3379/9243] Built Mathlib.CategoryTheory.Pi.Monoidal (5.9s)
✔ [3380/9243] Built Mathlib.Topology.List (2.5s)
✔ [3381/9243] Built Mathlib.Topology.Hom.ContinuousEvalConst (2.1s)
✔ [3382/9243] Built Mathlib.GroupTheory.Generators (1.9s)
✔ [3383/9243] Built Mathlib.CategoryTheory.Monoidal.Rigid.Basic (6.1s)
✔ [3384/9243] Built Mathlib.Algebra.AffineMonoid.Irreducible (2.7s)
✔ [3385/9243] Built Mathlib.GroupTheory.Rank (2.5s)
✔ [3386/9243] Built Mathlib.Topology.NhdsWithin (3.6s)
✔ [3387/9243] Built Mathlib.Algebra.AffineMonoid.Basic (1.0s)
✔ [3388/9243] Built Mathlib.GroupTheory.MonoidLocalization.Finite (2.1s)
✔ [3389/9243] Built Mathlib.Algebra.Order.GroupWithZero.Range (2.1s)
✔ [3390/9243] Built Mathlib.Algebra.Ring.Subgroup (1.8s)
✔ [3391/9243] Built Mathlib.CategoryTheory.Action.Concrete (2.0s)
✔ [3392/9243] Built Mathlib.GroupTheory.Divisible (2.4s)
✔ [3393/9243] Built Mathlib.CategoryTheory.Functor.KanExtension.Basic (9.3s)
✔ [3394/9243] Built Mathlib.CategoryTheory.Limits.Shapes.Preorder.Basic (1.6s)
✔ [3395/9243] Built Mathlib.Algebra.Ring.Subring.Pointwise (2.1s)
✔ [3396/9243] Built Mathlib.GroupTheory.QuotientGroup.Finite (1.9s)
✔ [3397/9243] Built Mathlib.CategoryTheory.Comma.Over.StrictInitial (2.4s)
✔ [3398/9243] Built Mathlib.GroupTheory.QuotientGroup.Simple (1.7s)
✔ [3399/9243] Built Mathlib.Algebra.Module.Submodule.Pointwise (3.4s)
✔ [3400/9243] Built Mathlib.CategoryTheory.Limits.Shapes.BinaryProducts (1.5s)
✔ [3401/9243] Built Mathlib.CategoryTheory.Limits.Preserves.Creates.Pullbacks (1.6s)
✔ [3402/9243] Built Mathlib.CategoryTheory.Limits.Preserves.Shapes.BinaryProducts (2.2s)
✔ [3403/9243] Built Mathlib.CategoryTheory.EffectiveEpi.Coproduct (2.1s)
✔ [3404/9243] Built Mathlib.CategoryTheory.Limits.FunctorCategory.Shapes.Pullbacks (2.0s)
✔ [3405/9243] Built Mathlib.Data.Nat.Multiplicity (2.4s)
✔ [3406/9243] Built Mathlib.CategoryTheory.Limits.Shapes.Pullback.Iso (2.8s)
✔ [3407/9243] Built Mathlib.CategoryTheory.Sites.Sieves.Presieve (3.0s)
✔ [3408/9243] Built Mathlib.Combinatorics.SetFamily.KruskalKatona (3.1s)
✔ [3409/9243] Built Mathlib.RingTheory.Radical.Basic (3.2s)
✔ [3410/9243] Built Mathlib.GroupTheory.Index (6.9s)
✔ [3411/9243] Built Mathlib.Data.Nat.Squarefree (3.5s)
✔ [3412/9243] Built Mathlib.Combinatorics.Enumerative.Partition.YoungDiagram (1.0s)
✔ [3413/9243] Built Mathlib.CategoryTheory.Limits.Preserves.Grothendieck (2.9s)
✔ [3414/9243] Built Mathlib.Combinatorics.Matroid.Constructions (2.6s)
✔ [3415/9243] Built Mathlib.CategoryTheory.Limits.Shapes.Pullback.Pasting (5.9s)
✔ [3416/9243] Built Mathlib.Combinatorics.SimpleGraph.Extremal.Basic (2.1s)
✔ [3417/9243] Built Mathlib.Combinatorics.SimpleGraph.Walks.Subwalks (2.0s)
✔ [3418/9243] Built Mathlib.Combinatorics.SimpleGraph.LineGraph (2.4s)
✔ [3419/9243] Built Mathlib.Data.ENNReal.Lemmas (2.1s)
✔ [3420/9243] Built Mathlib.Data.Real.ENatENNReal (2.1s)
✔ [3421/9243] Built Mathlib.Combinatorics.Enumerative.Bell (4.4s)
✔ [3422/9243] Built Mathlib.Combinatorics.SimpleGraph.Walk.Decomp (3.1s)
✔ [3423/9243] Built Mathlib.SetTheory.Cardinal.ENNReal (2.0s)
✔ [3424/9243] Built Mathlib.Data.ENNReal.Real (1.8s)
✔ [3425/9243] Built Mathlib.CategoryTheory.Monoidal.Opposite.Mon_ (1.7s)
✔ [3426/9243] Built Mathlib.CategoryTheory.Limits.Shapes.Equalizers (9.1s)
✔ [3427/9243] Built Mathlib.NumberTheory.ClassNumber.AdmissibleAbs (2.4s)
✔ [3428/9243] Built Mathlib.Algebra.Module.LinearMap.DivisionRing (2.3s)
✔ [3429/9243] Built Mathlib.Geometry.Convex.AffineMap.Defs (2.8s)
✔ [3430/9243] Built Mathlib.Algebra.Order.Ring.Ordering.Basic (4.9s)
✔ [3431/9243] Built Mathlib.Basic.ENNReal.Operations (4.5s)
✔ [3432/9243] Built Mathlib.LinearAlgebra.Finsupp.Supported (3.6s)
✔ [3433/9243] Built Mathlib.Order.Filter.Ultrafilter.Cardinality (2.9s)
✔ [3434/9243] Built Mathlib.Data.Set.Card.Arithmetic (3.6s)
✔ [3435/9243] Built Mathlib.Algebra.Algebra.Hom (5.3s)
✔ [3436/9243] Built Mathlib.Data.W.Cardinal (2.5s)
✔ [3437/9243] Built Mathlib.Tactic.Algebra.Basic (6.3s)
✔ [3438/9243] Built Mathlib.SetTheory.Cardinal.Divisibility (2.5s)
✔ [3439/9243] Built Mathlib.Algebra.Module.Submodule.Equiv (5.2s)
✔ [3440/9243] Built Mathlib.GroupTheory.OreLocalization.Cardinality (3.0s)
✔ [3441/9243] Built Mathlib.SetTheory.Cardinal.CountableCover (2.4s)
✔ [3442/9243] Built Mathlib.ModelTheory.Encoding (4.6s)
✔ [3443/9243] Built Mathlib.SetTheory.ZFC.VonNeumann (3.1s)
✔ [3444/9243] Built Mathlib.SetTheory.Cardinal.Finsupp (2.3s)
✔ [3445/9243] Built Mathlib.SetTheory.Cardinal.Continuum (2.5s)
✔ [3446/9243] Built Mathlib.CategoryTheory.Monoidal.Mod_ (1.8s)
✔ [3447/9243] Built Mathlib.SetTheory.Cardinal.Ordinal (3.1s)
✔ [3448/9243] Built Mathlib.CategoryTheory.Monoidal.CommComon_ (2.5s)
✔ [3449/9243] Built Mathlib.CategoryTheory.Monoidal.Conv (2.5s)
✔ [3450/9243] Built Mathlib.CategoryTheory.CopyDiscardCategory.Basic (2.1s)
✔ [3451/9243] Built Mathlib.SetTheory.Cardinal.Cofinality.Ordinal (4.4s)
✔ [3452/9243] Built Mathlib.Geometry.Convex.Set (3.7s)
✔ [3453/9243] Built Mathlib.CategoryTheory.Bicategory.Monad.Basic (3.6s)
✔ [3454/9243] Built Mathlib.Topology.Baire.Lemmas (2.4s)
✔ [3455/9243] Built Mathlib.Topology.Hom.ContinuousEval (2.0s)
✔ [3456/9243] Built Mathlib.CategoryTheory.Monoidal.Rigid.Functor (1.0s)
✔ [3457/9243] Built Mathlib.Geometry.Group.WordProd (2.2s)
✔ [3458/9243] Built Mathlib.CategoryTheory.Monoidal.Rigid.OfEquivalence (2.0s)
✔ [3459/9243] Built Mathlib.CategoryTheory.Monoidal.Rigid.Braided (2.5s)
✔ [3460/9243] Built Mathlib.CategoryTheory.Monoidal.Rigid.FunctorCategory (2.3s)
✔ [3461/9243] Built Mathlib.Topology.LocallyClosed (2.7s)
✔ [3462/9243] Built Mathlib.Topology.Algebra.ContinuousMonoidHom (6.7s)
✔ [3463/9243] Built Mathlib.NumberTheory.Padics.PadicVal.Basic (3.5s)
✔ [3464/9243] Built Mathlib.Algebra.CharP.Lemmas (3.7s)
✔ [3465/9243] Built Mathlib.Topology.ContinuousOn (4.5s)
✔ [3466/9243] Built Mathlib.CategoryTheory.Monoidal.Bimon_ (8.6s)
✔ [3467/9243] Built Mathlib.NumberTheory.MaricaSchoenheim (2.8s)
✔ [3468/9243] Built Mathlib.CategoryTheory.Limits.Shapes.Pullback.Mono (4.3s)
✔ [3469/9243] Built Mathlib.NumberTheory.FundamentalDiscriminant (3.4s)
✔ [3470/9243] Built Mathlib.Algebra.Order.Ring.Units (2.2s)
✔ [3471/9243] Built Mathlib.GroupTheory.Commutator.Finite (2.8s)
✔ [3472/9243] Built Mathlib.CategoryTheory.Functor.KanExtension.Pointwise (6.6s)
✔ [3473/9243] Built Mathlib.NumberTheory.ArithmeticFunction.Defs (6.4s)
✔ [3474/9243] Built Mathlib.GroupTheory.Commensurable (3.0s)
✔ [3475/9243] Built Mathlib.GroupTheory.FiniteIndexNormalSubgroup (3.4s)
✔ [3476/9243] Built Mathlib.Combinatorics.SimpleGraph.Walks.Decomp (2.2s)
✔ [3477/9243] Built Mathlib.Combinatorics.SimpleGraph.Connectivity.WalkDecomp (2.2s)
✔ [3478/9243] Built Mathlib.Combinatorics.Matroid.Map (4.1s)
✔ [3479/9243] Built Mathlib.GroupTheory.GroupAction.Blocks (7.8s)
✔ [3480/9243] Built Mathlib.CategoryTheory.Limits.Connected (2.0s)
✔ [3481/9243] Built Mathlib.CategoryTheory.Limits.WeakLimits.WeakEqualizers (2.7s)
✔ [3482/9243] Built Mathlib.GroupTheory.Complement (7.8s)
✔ [3483/9243] Built Mathlib.CategoryTheory.Limits.Shapes.Pullback.Assoc (7.4s)
✔ [3484/9243] Built Mathlib.Combinatorics.SimpleGraph.Paths (6.2s)
✔ [3485/9243] Built Mathlib.CategoryTheory.Comma.Over.Pullback (8.0s)
✔ [3486/9243] Built Mathlib.CategoryTheory.Limits.Shapes.FiniteLimits (2.8s)
✔ [3487/9243] Built Mathlib.CategoryTheory.Limits.Types.Equalizers (2.2s)
✔ [3488/9243] Built Mathlib.CategoryTheory.Limits.Constructions.Pullbacks (2.3s)
✔ [3489/9243] Built Mathlib.CategoryTheory.Limits.Shapes.SplitCoequalizer (2.4s)
✔ [3490/9243] Built Mathlib.CategoryTheory.Limits.Shapes.SplitEqualizer (2.7s)
✔ [3491/9243] Built Mathlib.Data.ENNReal.Operations (1.0s)
✔ [3492/9243] Built Mathlib.Basic.ENNReal.Action (2.7s)
✔ [3493/9243] Built Mathlib.Algebra.Order.Floor.Extended (3.7s)
✔ [3494/9243] Built Mathlib.CategoryTheory.Limits.Shapes.WideEqualizers (5.8s)
✔ [3495/9243] Built Mathlib.Algebra.Module.Submodule.Finsupp (3.2s)
✔ [3496/9243] Built Mathlib.CategoryTheory.Monoidal.Internal.FunctorCategory (27s)
✔ [3497/9243] Built Mathlib.Tactic.Algebra.AlgebraNF (3.2s)
✔ [3498/9243] Built Mathlib.RingTheory.Congruence.Basic (4.4s)
✔ [3499/9243] Built Mathlib.Basic.ENNReal.Inv (6.3s)
✔ [3500/9243] Built Mathlib.Data.EReal.Basic (6.2s)
✔ [3501/9243] Built Mathlib.CategoryTheory.Limits.Shapes.Multiequalizer (13s)
✔ [3502/9243] Built Mathlib.GroupTheory.OrderOfElement (19s)
✔ [3503/9243] Built Mathlib.GroupTheory.MonoidLocalization.Cardinality (2.1s)
✔ [3504/9243] Built Mathlib.RingTheory.OreLocalization.Cardinality (2.2s)
✔ [3505/9243] Built Mathlib.Algebra.Algebra.NonUnitalHom (8.5s)
✔ [3506/9243] Built Mathlib.Algebra.MonoidAlgebra.Cardinal (2.8s)
✔ [3507/9243] Built Mathlib.CategoryTheory.MarkovCategory.Basic (1.8s)
✔ [3508/9243] Built Mathlib.LinearAlgebra.Span.Basic (7.6s)
✔ [3509/9243] Built Mathlib.LinearAlgebra.Finsupp.LinearCombination (5.6s)
✔ [3510/9243] Built Mathlib.CategoryTheory.CopyDiscardCategory.Widesubcategory (2.0s)
✔ [3511/9243] Built Mathlib.CategoryTheory.CopyDiscardCategory.Deterministic (1.9s)
✔ [3512/9243] Built Mathlib.Algebra.Algebra.Equiv (10s)
✔ [3513/9243] Built Mathlib.ModelTheory.Substructures (5.6s)
✔ [3514/9243] Built Mathlib.SetTheory.Ordinal.Veblen (4.2s)
✔ [3515/9243] Built Mathlib.Geometry.Convex.Star (1.0s)
✔ [3516/9243] Built Mathlib.Geometry.Convex.Hull (2.2s)
✔ [3517/9243] Built Mathlib.SetTheory.Ordinal.FundamentalSequence (2.3s)
✔ [3518/9243] Built Mathlib.NumberTheory.Padics.PadicNorm (2.5s)
✔ [3519/9243] Built Mathlib.Algebra.CharP.Frobenius (2.6s)
✔ [3520/9243] Built Mathlib.Dynamics.Flow (2.8s)
✔ [3521/9243] Built Mathlib.Topology.LocallyFinite (2.4s)
✔ [3522/9243] Built Mathlib.Algebra.Lie.Basic (11s)
✔ [3523/9243] Built Mathlib.Topology.Semicontinuity.Defs (4.5s)
✔ [3524/9243] Built Mathlib.Topology.Coherent (3.2s)
✔ [3525/9243] Built Mathlib.Topology.Bases (6.8s)
✔ [3526/9243] Built Mathlib.Topology.Inseparable (5.2s)
✔ [3527/9243] Built Mathlib.Topology.Order.LeftRight (3.6s)
✔ [3528/9243] Built Mathlib.Topology.Order.LocalExtr (4.0s)
✔ [3529/9243] Built Mathlib.Topology.Compactness.Compact (6.3s)
✔ [3530/9243] Built Mathlib.Topology.UniformSpace.Basic (6.3s)
✔ [3531/9243] Built Mathlib.LinearAlgebra.BilinearMap (14s)
✔ [3532/9243] Built Mathlib.Topology.Clopen (2.0s)
✔ [3533/9243] Built Mathlib.Topology.PartialHomeomorph.Defs (3.7s)
✔ [3534/9243] Built Mathlib.Topology.Piecewise (2.6s)
✔ [3535/9243] Built Mathlib.NumberTheory.HeckeRing.Defs (2.4s)
✔ [3536/9243] Built Mathlib.GroupTheory.ResiduallyFinite (2.7s)
✔ [3537/9243] Built Mathlib.NumberTheory.ArithmeticFunction.Zeta (3.5s)
✔ [3538/9243] Built Mathlib.CategoryTheory.Monoidal.Hopf_ (3.9s)
✔ [3539/9243] Built Mathlib.CategoryTheory.Limits.WeakLimits.WeakPullbacks (2.8s)
✔ [3540/9243] Built Mathlib.GroupTheory.GroupAction.Primitive (3.0s)
✔ [3541/9243] Built Mathlib.Combinatorics.Matroid.Sum (4.8s)
✔ [3542/9243] Built Mathlib.CategoryTheory.Functor.KanExtension.Adjunction (5.0s)
✔ [3543/9243] Built Mathlib.CategoryTheory.Limits.Shapes.Images (7.6s)
✔ [3544/9243] Built Mathlib.Combinatorics.SimpleGraph.Walk.Counting (3.5s)
✔ [3545/9243] Built Mathlib.Combinatorics.Matroid.Closure (9.1s)
✔ [3546/9243] Built Mathlib.CategoryTheory.Limits.Lattice (3.0s)
✔ [3547/9243] Built Mathlib.Combinatorics.SimpleGraph.Connectivity.Connected (5.3s)
✔ [3548/9243] Built Mathlib.CategoryTheory.Limits.Shapes.FiniteProducts (2.8s)
✔ [3549/9243] Built Mathlib.GroupTheory.SemidirectProduct (8.2s)
✔ [3550/9243] Built Mathlib.CategoryTheory.Limits.Opposites (6.6s)
✔ [3551/9243] Built Mathlib.GroupTheory.HNNExtension (9.3s)
✔ [3552/9243] Built Mathlib.Combinatorics.SimpleGraph.Clique (9.1s)
✔ [3553/9243] Built Mathlib.GroupTheory.PushoutI (10s)
✔ [3554/9243] Built Mathlib.CategoryTheory.Limits.Constructions.WeaklyInitial (2.0s)
✔ [3555/9243] Built Mathlib.Data.ENNReal.Action (3.2s)
✔ [3556/9243] Built Mathlib.CategoryTheory.Filtered.Basic (5.7s)
✔ [3557/9243] Built Mathlib.RingTheory.Congruence.Opposite (2.9s)
✔ [3558/9243] Built Mathlib.CategoryTheory.Limits.Preserves.Shapes.Equalizers (4.0s)
✔ [3559/9243] Built Mathlib.Data.ENNReal.Inv (2.1s)
✔ [3560/9243] Built Mathlib.Basic.ENNReal.BigOperators (3.0s)
✔ [3561/9243] Built Mathlib.Basic.ENNReal.Holder (2.6s)
✔ [3562/9243] Built Mathlib.Order.CompleteLattice.MulticoequalizerDiagram (2.3s)
✔ [3563/9243] Built Mathlib.CategoryTheory.Limits.Preserves.Shapes.Multiequalizer (2.5s)
✔ [3564/9243] Built Mathlib.CategoryTheory.Limits.Types.Multiequalizer (2.4s)
✔ [3565/9243] Built Mathlib.CategoryTheory.Limits.Shapes.FiniteMultiequalizer (2.0s)
✔ [3566/9243] Built Mathlib.CategoryTheory.Limits.Shapes.End (4.1s)
✔ [3567/9243] Built Mathlib.LinearAlgebra.FiniteSpan (2.1s)
✔ [3568/9243] Built Mathlib.GroupTheory.Perm.Finite (3.0s)
✔ [3569/9243] Built Mathlib.NumberTheory.MulChar.Basic (5.2s)
✔ [3570/9243] Built Mathlib.GroupTheory.Exponent (5.1s)
✔ [3571/9243] Built Mathlib.Data.EReal.Operations (6.7s)
✔ [3572/9243] Built Mathlib.LinearAlgebra.Finsupp.Span (3.5s)
✔ [3573/9243] Built Mathlib.GroupTheory.NoncommPiCoprod (4.3s)
✔ [3574/9243] Built Mathlib.RingTheory.Ideal.Span (3.6s)
✔ [3575/9243] Built Mathlib.CategoryTheory.MarkovCategory.Positive (2.6s)
✔ [3576/9243] Built Mathlib.FieldTheory.Galois.Notation (2.4s)
✔ [3577/9243] Built Mathlib.Data.ZMod.Basic (7.2s)
✔ [3578/9243] Built CanonicalRoots.SupportedInvariantLift (3.2s)
✔ [3579/9243] Built Mathlib.Algebra.Algebra.TransferInstance (2.6s)
✔ [3580/9243] Built Mathlib.Algebra.Algebra.Hom.Rat (2.5s)
✔ [3581/9243] Built Mathlib.Data.Finsupp.Weight (5.9s)
✔ [3582/9243] Built Mathlib.Algebra.Algebra.Prod (3.2s)
✔ [3583/9243] Built Mathlib.LinearAlgebra.LinearIndependent.Defs (7.4s)
✔ [3584/9243] Built Mathlib.ModelTheory.FinitelyGenerated (2.0s)
✔ [3585/9243] Built Mathlib.LinearAlgebra.Basis.Defs (6.7s)
✔ [3586/9243] Built Mathlib.Algebra.CharP.Reduced (2.5s)
✔ [3587/9243] Built Mathlib.Algebra.Algebra.Opposite (4.4s)
✔ [3588/9243] Built Mathlib.ModelTheory.ElementaryMaps (3.6s)
✔ [3589/9243] Built Mathlib.SetTheory.Cardinal.Regular (3.5s)
✔ [3590/9243] Built Mathlib.Algebra.Lie.NonUnitalNonAssocAlgebra (2.7s)
✔ [3591/9243] Built Mathlib.Algebra.Algebra.Tower (5.9s)
✔ [3592/9243] Built Mathlib.Topology.UniformSpace.Ultra.Basic (2.4s)
✔ [3593/9243] Built Mathlib.Topology.Compactness.Bases (2.4s)
✔ [3594/9243] Built Mathlib.Algebra.Lie.TransferInstance (3.1s)
✔ [3595/9243] Built Mathlib.Topology.NhdsKer (2.7s)
✔ [3596/9243] Built Mathlib.Data.Analysis.Topology (2.0s)
✔ [3597/9243] Built Mathlib.Algebra.NonAssoc.LieAdmissible.Defs (3.6s)
✔ [3598/9243] Built Mathlib.Topology.Compactness.LocallyFinite (2.2s)
✔ [3599/9243] Built Mathlib.Combinatorics.Compactness (2.4s)
✔ [3600/9243] Built Mathlib.Algebra.Algebra.NonUnitalSubalgebra (14s)
✔ [3601/9243] Built Mathlib.Topology.Compactness.LocallyCompact (2.5s)
✔ [3602/9243] Built Mathlib.Topology.UniformSpace.DiscreteUniformity (2.1s)
✔ [3603/9243] Built Mathlib.Dynamics.TopologicalEntropy.DynamicalEntourage (2.4s)
✔ [3604/9243] Built Mathlib.Topology.UniformSpace.Compact (2.7s)
✔ [3605/9243] Built Mathlib.Topology.SmallInductiveDimension (2.5s)
✔ [3606/9243] Built Mathlib.Algebra.Module.Submodule.Bilinear (3.0s)
✔ [3607/9243] Built Mathlib.LinearAlgebra.BilinearForm.Isometry (3.2s)
✔ [3608/9243] Built Mathlib.Topology.Algebra.Indicator (2.5s)
✔ [3609/9243] Built Mathlib.Topology.OpenPartialHomeomorph.Defs (2.9s)
✔ [3610/9243] Built Mathlib.GroupTheory.GroupAction.Iwasawa (2.7s)
✔ [3611/9243] Built Mathlib.Topology.EMetricSpace.Defs (6.4s)
✔ [3612/9243] Built Mathlib.CategoryTheory.Limits.Types.Images (2.4s)
✔ [3613/9243] Built Mathlib.Combinatorics.SimpleGraph.Walks.Counting (2.4s)
✔ [3614/9243] Built Mathlib.NumberTheory.ArithmeticFunction.Misc (4.5s)
✔ [3615/9243] Built Mathlib.Combinatorics.SimpleGraph.Connectivity.WalkCounting (2.6s)
✔ [3616/9243] Built Mathlib.LinearAlgebra.Dual.Defs (5.8s)
✔ [3617/9243] Built Mathlib.Combinatorics.Matroid.Rank.Finite (2.8s)
✔ [3618/9243] Built Mathlib.CategoryTheory.Functor.KanExtension.Preserves (5.0s)
✔ [3619/9243] Built Mathlib.Combinatorics.SimpleGraph.Connectivity.Finite (2.6s)
✔ [3620/9243] Built Mathlib.Combinatorics.SimpleGraph.Trails (2.5s)
✔ [3621/9243] Built Mathlib.CategoryTheory.Limits.Shapes.ZeroMorphisms (6.5s)
✔ [3622/9243] Built Mathlib.Combinatorics.SimpleGraph.Connectivity.EdgeConnectivity (3.1s)
✔ [3623/9243] Built Mathlib.Combinatorics.SimpleGraph.Metric (3.6s)
✔ [3624/9243] Built Mathlib.Combinatorics.Matroid.Circuit (5.2s)
✔ [3625/9243] Built Mathlib.CategoryTheory.Limits.Preserves.Finite (3.2s)
✔ [3626/9243] Built Mathlib.CategoryTheory.Adjunction.ParametrizedLimits (2.9s)
✔ [3627/9243] Built Mathlib.CategoryTheory.Action (3.9s)
✔ [3628/9243] Built Mathlib.Combinatorics.SimpleGraph.Connectivity.Subgraph (6.0s)
✔ [3629/9243] Built Mathlib.Combinatorics.SimpleGraph.Triangle.Counting (4.2s)
✔ [3630/9243] Built Mathlib.GroupTheory.GroupExtension.Defs (6.1s)
✔ [3631/9243] Built Mathlib.CategoryTheory.Limits.Shapes.Opposites.Products (5.1s)
✔ [3632/9243] Built Mathlib.Combinatorics.SimpleGraph.VertexCover (3.2s)
✔ [3633/9243] Built Mathlib.CategoryTheory.Limits.Preserves.Filtered (2.9s)
✔ [3634/9243] Built Mathlib.GroupTheory.GroupAction.SubMulAction.OfFixingSubgroup (13s)
✔ [3635/9243] Built Mathlib.Combinatorics.SimpleGraph.Triangle.Basic (5.9s)
✔ [3636/9243] Built Mathlib.Combinatorics.SimpleGraph.Coloring.Vertex (4.3s)
✔ [3637/9243] Built Mathlib.CategoryTheory.Filtered.Small (3.5s)
✔ [3638/9243] Built Mathlib.CategoryTheory.Filtered.Grothendieck (2.5s)
✔ [3639/9243] Built Mathlib.CategoryTheory.WithTerminal.Lemmas (2.5s)
✔ [3640/9243] Built Mathlib.CategoryTheory.Limits.Shapes.Opposites.Pullbacks (7.1s)
✔ [3641/9243] Built Mathlib.CategoryTheory.Limits.Types.ColimitTypeFiltered (2.6s)
✔ [3642/9243] Built Mathlib.CategoryTheory.Filtered.Connected (2.1s)
✔ [3643/9243] Built Mathlib.Data.ENNReal.BigOperators (2.0s)
✔ [3644/9243] Built Mathlib.CategoryTheory.Limits.Constructions.EventuallyConstant (3.3s)
✔ [3645/9243] Built Mathlib.Data.ENNReal.Holder (1.0s)
✔ [3646/9243] Built Mathlib.RingTheory.TwoSidedIdeal.Basic (3.0s)
✔ [3647/9243] Built Mathlib.GroupTheory.GroupAction.Period (2.9s)
✔ [3648/9243] Built Mathlib.Basic.Real.ConjExponents (4.1s)
✔ [3649/9243] Built Mathlib.CategoryTheory.Limits.Chosen.End (4.5s)
✔ [3650/9243] Built Mathlib.RingTheory.Ideal.Maximal (3.9s)
✔ [3651/9243] Built Mathlib.Data.EReal.Inv (5.0s)
✔ [3652/9243] Built Mathlib.Algebra.MonoidAlgebra.Ideal (3.8s)
✔ [3653/9243] Built Mathlib.GroupTheory.Perm.Cycle.Basic (5.8s)
✔ [3654/9243] Built Mathlib.NumberTheory.Multiplicity (4.9s)
✔ [3655/9243] Built Mathlib.NumberTheory.Basic (3.3s)
✔ [3656/9243] Built Mathlib.Algebra.RingQuot (6.1s)
✔ [3657/9243] Built Mathlib.Combinatorics.SimpleGraph.DegreeSum (3.1s)
✔ [3658/9243] Built Mathlib.Data.ZMod.Factorial (2.8s)
✔ [3659/9243] Built Mathlib.Data.ZMod.Units (3.1s)
✔ [3660/9243] Built Mathlib.Algebra.Algebra.ZMod (2.7s)
✔ [3661/9243] Built Mathlib.Data.ZMod.IntUnitsPower (3.1s)
✔ [3662/9243] Built Mathlib.Data.ZMod.Aut (2.7s)
✔ [3663/9243] Built Mathlib.Algebra.BigOperators.ModEq (3.4s)
✔ [3664/9243] Built Mathlib.Algebra.Field.ZMod (2.7s)
✔ [3665/9243] Built Mathlib.RingTheory.Fintype (2.8s)
✔ [3666/9243] Built Mathlib.NumberTheory.LegendreSymbol.ZModChar (3.9s)
✔ [3667/9243] Built Mathlib.Data.ZMod.ValMinAbs (3.6s)
✔ [3668/9243] Built Mathlib.Algebra.Algebra.Shrink (2.6s)
✔ [3669/9243] Built Mathlib.LinearAlgebra.LinearIndependent.Algebra (2.7s)
✔ [3670/9243] Built Mathlib.Order.Filter.TendstoCofinite (3.1s)
✔ [3671/9243] Built Mathlib.CategoryTheory.Monoidal.Bimod (13s)
✔ [3672/9243] Built Mathlib.LinearAlgebra.Basis.Bilinear (2.5s)
✔ [3673/9243] Built Mathlib.Data.Finsupp.MonomialOrder.DegLex (4.5s)
✔ [3674/9243] Built Mathlib.ModelTheory.ElementarySubstructures (2.8s)
✔ [3675/9243] Built Mathlib.Algebra.Algebra.Pi (3.9s)
✔ [3676/9243] Built Mathlib.MeasureTheory.MeasurableSpace.Card (3.8s)
✔ [3677/9243] Built Mathlib.ModelTheory.DirectLimit (5.8s)
✔ [3678/9243] Built Mathlib.SetTheory.Cardinal.Pigeonhole (2.0s)
✔ [3679/9243] Built Mathlib.SetTheory.Cardinal.HasCardinalLT (3.4s)
✔ [3680/9243] Built Mathlib.Order.Filter.CardinalInter (3.9s)
✔ [3681/9243] Built Mathlib.LinearAlgebra.LinearIndependent.Basic (7.4s)
✔ [3682/9243] Built Mathlib.Algebra.MonoidAlgebra.Module (7.1s)
✔ [3683/9243] Built Mathlib.Topology.Compactness.NhdsKer (1.9s)
✔ [3684/9243] Built Mathlib.LinearAlgebra.BilinearForm.Basic (4.3s)
✔ [3685/9243] Built Mathlib.Algebra.Algebra.RestrictScalars (3.2s)
✔ [3686/9243] Built Mathlib.Tactic.Algebraize (3.5s)
✔ [3687/9243] Built Mathlib.LinearAlgebra.Prod (11s)
✔ [3688/9243] Built Mathlib.Topology.Compactness.SigmaCompact (3.1s)
✔ [3689/9243] Built Mathlib.Topology.Separation.Basic (4.7s)
✔ [3690/9243] Built Mathlib.Algebra.Order.Antidiag.Nat (3.9s)
✔ [3691/9243] Built Mathlib.NumberTheory.ArithmeticFunction.Liouville (2.7s)
✔ [3692/9243] Built Mathlib.NumberTheory.ArithmeticFunction.Moebius (3.8s)
✔ [3693/9243] Built Mathlib.NumberTheory.AlmostPrime (2.8s)
✔ [3694/9243] Built Mathlib.RingTheory.Localization.Basic (8.7s)
✔ [3695/9243] Built Mathlib.Combinatorics.SimpleGraph.Connectivity.Represents (2.7s)
✔ [3696/9243] Built Mathlib.LinearAlgebra.Dual.Basis (3.7s)
✔ [3697/9243] Built Mathlib.Topology.MetricSpace.Pseudo.Defs (7.2s)
✔ [3698/9243] Built Mathlib.LinearAlgebra.TensorProduct.Defs (7.4s)
✔ [3699/9243] Built Mathlib.CategoryTheory.Limits.Preserves.Shapes.Zero (2.8s)
✔ [3700/9243] Built Mathlib.Combinatorics.SimpleGraph.Hamiltonian (2.8s)
✔ [3701/9243] Built Mathlib.CategoryTheory.Limits.FunctorCategory.Finite (2.2s)
✔ [3702/9243] Built Mathlib.Combinatorics.SimpleGraph.Diam (2.9s)
✔ [3703/9243] Built Mathlib.CategoryTheory.Functor.KanExtension.AdjunctionPreserves (6.3s)
✔ [3704/9243] Built Mathlib.Algebra.Category.ModuleCat.Semi (5.4s)
✔ [3705/9243] Built Mathlib.CategoryTheory.Limits.Preserves.Lattice (3.9s)
✔ [3706/9243] Built Mathlib.CategoryTheory.Limits.Preserves.Creates.Finite (3.2s)
✔ [3707/9243] Built Mathlib.CategoryTheory.Limits.Preserves.Opposites (4.7s)
✔ [3708/9243] Built Mathlib.Combinatorics.Matroid.Loop (5.0s)
✔ [3709/9243] Built Mathlib.CategoryTheory.Limits.Preserves.Shapes.Over (2.8s)
✔ [3710/9243] Built Mathlib.CategoryTheory.Limits.Constructions.FiniteProductsOfBinaryProducts (2.9s)
✔ [3711/9243] Built Mathlib.Tactic.Module (14s)
✔ [3712/9243] Built Mathlib.CategoryTheory.Monoidal.Closed.Braided (2.1s)
✔ [3713/9243] Built Mathlib.CategoryTheory.Limits.Preserves.Over (2.2s)
✔ [3714/9243] Built Mathlib.Combinatorics.SimpleGraph.Coloring.VertexColoring (1.0s)
✔ [3715/9243] Built Mathlib.Combinatorics.SimpleGraph.Coloring (2.0s)
✔ [3716/9243] Built Mathlib.Combinatorics.SimpleGraph.Partition (2.3s)
✔ [3717/9243] Built Mathlib.GroupTheory.FreeGroup.NielsenSchreier (2.9s)
✔ [3718/9243] Built Mathlib.CategoryTheory.Limits.ExactFunctor (5.2s)
✔ [3719/9243] Built Mathlib.GroupTheory.GroupExtension.Basic (4.4s)
✔ [3720/9243] Built Mathlib.Algebra.Module.LocalizedModule.Basic (19s)
✔ [3721/9243] Built Mathlib.Combinatorics.SimpleGraph.Sum (4.4s)
✔ [3722/9243] Built Mathlib.RingTheory.TwoSidedIdeal.Instances (2.4s)
✔ [3723/9243] Built Mathlib.RingTheory.TwoSidedIdeal.BigOperators (2.7s)
✔ [3724/9243] Built Mathlib.Combinatorics.SimpleGraph.Triangle.Tripartite (4.6s)
✔ [3725/9243] Built Mathlib.RingTheory.TwoSidedIdeal.Lattice (2.0s)
✔ [3726/9243] Built Mathlib.Data.Real.ConjExponents (2.2s)
✔ [3727/9243] Built Mathlib.CategoryTheory.Limits.Shapes.Pullback.IsPullback.Defs (3.0s)
✔ [3728/9243] Built Mathlib.RingTheory.Spectrum.Maximal.Defs (2.4s)
✔ [3729/9243] Built Mathlib.CategoryTheory.Limits.Shapes.Opposites.Equalizers (5.1s)
✔ [3730/9243] Built Mathlib.RingTheory.Ideal.Nonunits (2.5s)
✔ [3731/9243] Built Mathlib.RingTheory.Ideal.Basic (3.3s)
✔ [3732/9243] Built Mathlib.CategoryTheory.Limits.Types.End (3.5s)
✔ [3733/9243] Built Mathlib.GroupTheory.Perm.Closure (2.8s)
✔ [3734/9243] Built Mathlib.Algebra.Star.RingQuot (2.7s)
✔ [3735/9243] Built Mathlib.Algebra.Order.Chebyshev (3.7s)
✔ [3736/9243] Built Mathlib.GroupTheory.Perm.Cycle.Factors (5.3s)
✔ [3737/9243] Built Mathlib.Order.Northcott (3.3s)
✔ [3738/9243] Built Mathlib.Algebra.Ring.NegOnePow (3.7s)
✔ [3739/9243] Built Mathlib.ModelTheory.Skolem (3.8s)
✔ [3740/9243] Built Mathlib.Combinatorics.SimpleGraph.Extremal.Turan (5.9s)
✔ [3741/9243] Built Mathlib.ModelTheory.Bundled (4.2s)
✔ [3742/9243] Built Mathlib.NumberTheory.DirichletCharacter.Basic (5.6s)
✔ [3743/9243] Built Mathlib.Combinatorics.SimpleGraph.Matching (6.7s)
✔ [3744/9243] Built Mathlib.Combinatorics.SimpleGraph.Bipartite (7.3s)
✔ [3745/9243] Built Mathlib.CategoryTheory.Comma.CardinalArrow (2.4s)
✔ [3746/9243] Built Mathlib.LinearAlgebra.Basis.Cardinality (3.8s)
✔ [3747/9243] Built Mathlib.CategoryTheory.MorphismProperty.HasCardinalLT (2.1s)
✔ [3748/9243] Built Mathlib.CategoryTheory.ObjectProperty.HasCardinalLT (2.3s)
✔ [3749/9243] Built Mathlib.ModelTheory.PartialEquiv (4.7s)
✔ [3750/9243] Built Mathlib.CategoryTheory.SmallRepresentatives (3.3s)
✔ [3751/9243] Built Mathlib.LinearAlgebra.Basis.Basic (3.5s)
✔ [3752/9243] Built Mathlib.Order.Filter.Cocardinal (4.4s)
✔ [3753/9243] Built Mathlib.Topology.AlexandrovDiscrete (2.9s)
✔ [3754/9243] Built Mathlib.Algebra.MonoidAlgebra.Support (3.1s)
✔ [3755/9243] Built Mathlib.RingTheory.Finiteness.Defs (2.8s)
✔ [3756/9243] Built Mathlib.Algebra.Star.StarAlgHom (12s)
✔ [3757/9243] Built Mathlib.Topology.Compactness.Lindelof (3.6s)
✔ [3758/9243] Built Mathlib.Algebra.Polynomial.Basic (7.4s)
✔ [3759/9243] Built Mathlib.Algebra.Star.Module (4.6s)
✔ [3760/9243] Built Mathlib.Topology.DiscreteSubset (4.4s)
✔ [3761/9243] Built Mathlib.Topology.Separation.CountableSeparatingOn (1.9s)
✔ [3762/9243] Built Mathlib.Topology.Filter (2.3s)
✔ [3763/9243] Built Mathlib.LinearAlgebra.Pi (7.4s)
✔ [3764/9243] Built Mathlib.Topology.IndicatorConstPointwise (2.1s)
✔ [3765/9243] Built Mathlib.Dynamics.FixedPoints.Support (1.9s)
✔ [3766/9243] Built Mathlib.Dynamics.SymbolicDynamics.Basic (2.8s)
✔ [3767/9243] Built Mathlib.Algebra.MonoidAlgebra.Basic (11s)
✔ [3768/9243] Built Mathlib.RingTheory.UniqueFactorizationDomain.Moebius (2.2s)
✔ [3769/9243] Built Mathlib.NumberTheory.SelbergSieve (3.2s)
✔ [3770/9243] Built Mathlib.RingTheory.Localization.Saturation (2.3s)
✔ [3771/9243] Built Mathlib.Topology.MetricSpace.GromovProduct (2.6s)
✔ [3772/9243] Built Mathlib.Topology.MetricSpace.Pseudo.Constructions (3.4s)
✔ [3773/9243] Built Mathlib.Topology.MetricSpace.Defs (2.4s)
✔ [3774/9243] Built Mathlib.CategoryTheory.ObjectProperty.ContainsZero (1.9s)
✔ [3775/9243] Built Mathlib.Geometry.Convex.ConvexSpace.Module (12s)
✔ [3776/9243] Built Mathlib.LinearAlgebra.LinearPMap (12s)
✔ [3777/9243] Built Mathlib.CategoryTheory.Functor.Derived.RightDerived (3.1s)
✔ [3778/9243] Built Mathlib.CategoryTheory.Functor.Derived.LeftDerived (3.4s)
✔ [3779/9243] Built Mathlib.Algebra.Homology.ShortComplex.Basic (4.8s)
✔ [3780/9243] Built Mathlib.Algebra.Colimit.DirectLimit (21s)
✔ [3781/9243] Built Mathlib.Combinatorics.Matroid.Rank.ENat (3.5s)
✔ [3782/9243] Built Mathlib.CategoryTheory.Limits.Preserves.Creates.Opposites (4.3s)
✔ [3783/9243] Built Mathlib.CategoryTheory.Shift.Basic (6.4s)
✔ [3784/9243] Built Mathlib.LinearAlgebra.TensorProduct.Basic (7.1s)
✔ [3785/9243] Built Mathlib.Tactic.ModuleNF (2.4s)
✔ [3786/9243] Built Mathlib.Combinatorics.Matroid.Minor.Delete (2.8s)
✔ [3787/9243] Built Mathlib.Algebra.Module.LocalizedModule.AtPrime (1.0s)
✔ [3788/9243] Built Mathlib.Algebra.Module.LocalizedModule.Away (2.3s)
✔ [3789/9243] Built Mathlib.Algebra.Module.LocalizedModule.Int (2.6s)
✔ [3790/9243] Built Mathlib.RingTheory.TwoSidedIdeal.Kernel (1.9s)
✔ [3791/9243] Built Mathlib.RingTheory.SimpleRing.Defs (1.7s)
✔ [3792/9243] Built Mathlib.CategoryTheory.Limits.Shapes.MultiequalizerPullback (1.9s)
✔ [3793/9243] Built Mathlib.CategoryTheory.Limits.Shapes.Pullback.Connected (2.1s)
✔ [3794/9243] Built Mathlib.CategoryTheory.Limits.EpiMono (1.7s)
✔ [3795/9243] Built Mathlib.RingTheory.TwoSidedIdeal.Operations (3.2s)
✔ [3796/9243] Built Mathlib.CategoryTheory.LiftingProperties.Limits (2.5s)
✔ [3797/9243] Built Mathlib.CategoryTheory.Limits.Shapes.Kernels (9.4s)
✔ [3798/9243] Built Mathlib.Combinatorics.SimpleGraph.Prod (4.5s)
✔ [3799/9243] Built Mathlib.CategoryTheory.Monoidal.Limits.Shapes.Pullback (2.7s)
✔ [3800/9243] Built Mathlib.CategoryTheory.Limits.Shapes.Pullback.Equalizer (2.6s)
✔ [3801/9243] Built Mathlib.CategoryTheory.Sites.Sieves.Basic (3.2s)
✔ [3802/9243] Built Mathlib.Algebra.Field.NegOnePow (2.2s)
✔ [3803/9243] Built Mathlib.GroupTheory.Perm.ConjAct (2.4s)
✔ [3804/9243] Built Mathlib.RingTheory.LocalRing.Basic (2.6s)
✔ [3805/9243] Built Mathlib.CategoryTheory.Limits.Types.Pullbacks (3.2s)
✔ [3806/9243] Built Mathlib.Algebra.Ring.Periodic (4.1s)
✔ [3807/9243] Built Mathlib.ModelTheory.Satisfiability (3.3s)
✔ [3808/9243] Built Mathlib.CategoryTheory.Limits.Shapes.RegularMono (4.0s)
✔ [3809/9243] Built Mathlib.Combinatorics.SimpleGraph.UniversalVerts (2.8s)
✔ [3810/9243] Built Mathlib.GroupTheory.Perm.Cycle.Type (5.1s)
✔ [3811/9243] Built Mathlib.CategoryTheory.Limits.Constructions.Over.Products (8.3s)
✔ [3812/9243] Built Mathlib.ModelTheory.Fraisse (3.6s)
✔ [3813/9243] Built Mathlib.Combinatorics.SimpleGraph.Extremal.Zarankiewicz (3.9s)
✔ [3814/9243] Built Mathlib.RingTheory.AlgebraTower (3.9s)
✔ [3815/9243] Built Mathlib.LinearAlgebra.Dimension.Basic (4.5s)
✔ [3816/9243] Built Mathlib.Topology.Separation.AlexandrovDiscrete (2.1s)
✔ [3817/9243] Built Mathlib.RingTheory.Finiteness.Prod (2.1s)
✔ [3818/9243] Built Mathlib.LinearAlgebra.FreeModule.Basic (3.1s)
✔ [3819/9243] Built Mathlib.LinearAlgebra.Basis.SMul (3.1s)
✔ [3820/9243] Built Mathlib.LinearAlgebra.Basis.Submodule (3.7s)
✔ [3821/9243] Built Mathlib.RingTheory.Finiteness.Bilinear (1.9s)
✔ [3822/9243] Built Mathlib.LinearAlgebra.Countable (2.0s)
✔ [3823/9243] Built Mathlib.Algebra.Polynomial.Cardinal (1.8s)
✔ [3824/9243] Built Mathlib.Algebra.Polynomial.Monomial (2.1s)
✔ [3825/9243] Built Mathlib.Algebra.Polynomial.Basis (2.2s)
✔ [3826/9243] Built Mathlib.Algebra.Polynomial.Coeff (3.3s)
✔ [3827/9243] Built Mathlib.Algebra.MonoidAlgebra.Degree (5.4s)
✔ [3828/9243] Built Mathlib.Topology.Irreducible (2.0s)
✔ [3829/9243] Built Mathlib.Algebra.Polynomial.Eval.Defs (3.0s)
✔ [3830/9243] Built Mathlib.LinearAlgebra.Basis.Fin (3.4s)
✔ [3831/9243] Built Mathlib.RingTheory.FreeRing (2.1s)
✔ [3832/9243] Built Mathlib.RingTheory.Finiteness.Basic (4.6s)
✔ [3833/9243] Built Mathlib.Algebra.FreeNonUnitalNonAssocAlgebra (2.3s)
✔ [3834/9243] Built Mathlib.LinearAlgebra.Finsupp.Pi (3.6s)
✔ [3835/9243] Built Mathlib.Combinatorics.SimpleGraph.UnitDistance.Basic (2.4s)
✔ [3836/9243] Built Mathlib.CategoryTheory.ObjectProperty.Orthogonal (1.9s)
✔ [3837/9243] Built Mathlib.LinearAlgebra.Quotient.Basic (5.5s)
✔ [3838/9243] Built Mathlib.CategoryTheory.Functor.Derived.PointwiseRightDerived (2.4s)
✔ [3839/9243] Built Mathlib.Geometry.Convex.AffineMap.Module (2.9s)
✔ [3840/9243] Built Mathlib.CategoryTheory.Functor.Derived.Adjunction (2.9s)
✔ [3841/9243] Built Mathlib.CategoryTheory.Functor.Derived.PointwiseLeftDerived (2.4s)
✔ [3842/9243] Built Mathlib.Combinatorics.Matroid.Rank.Cardinal (3.1s)
✔ [3843/9243] Built Mathlib.Algebra.Homology.ShortComplex.FunctorEquivalence (3.0s)
✔ [3844/9243] Built Mathlib.Algebra.Module.Injective (5.9s)
✔ [3845/9243] Built Mathlib.Data.Matrix.Basic (11s)
✔ [3846/9243] Built Mathlib.LinearAlgebra.Multilinear.Basic (10s)
✔ [3847/9243] Built Mathlib.LinearAlgebra.AffineSpace.AffineMap (11s)
✔ [3848/9243] Built Mathlib.CategoryTheory.DifferentialObject (4.9s)
✔ [3849/9243] Built Mathlib.CategoryTheory.GradedObject (5.9s)
✔ [3850/9243] Built Mathlib.RingTheory.SimpleRing.Basic (2.3s)
✔ [3851/9243] Built Mathlib.Combinatorics.Matroid.Minor.Contract (4.3s)
✔ [3852/9243] Built Mathlib.Algebra.Star.NonUnitalSubalgebra (17s)
✔ [3853/9243] Built Mathlib.CategoryTheory.Shift.CommShift (7.8s)
✔ [3854/9243] Built Mathlib.CategoryTheory.ConcreteCategory.Elementwise (1.9s)
✔ [3855/9243] Built Mathlib.Combinatorics.SimpleGraph.Hasse (4.3s)
✔ [3856/9243] Built Mathlib.CategoryTheory.Limits.Shapes.Pullback.IsPullback.Kernels (1.8s)
✔ [3857/9243] Built Mathlib.LinearAlgebra.Ray (6.3s)
✔ [3858/9243] Built Mathlib.CategoryTheory.Limits.Shapes.Opposites.Kernels (1.9s)
✔ [3859/9243] Built Mathlib.LinearAlgebra.LinearIndependent.Lemmas (7.1s)
✔ [3860/9243] Built Mathlib.CategoryTheory.Preadditive.Basic (4.3s)
✔ [3861/9243] Built Mathlib.CategoryTheory.Abelian.Images (3.1s)
✔ [3862/9243] Built Mathlib.RingTheory.LocalRing.MaximalIdeal.Defs (2.1s)
✔ [3863/9243] Built Mathlib.CategoryTheory.Sites.Sieves.Presheaf (3.0s)
✔ [3864/9243] Built Mathlib.CategoryTheory.Limits.Preserves.Shapes.Kernels (3.7s)
✔ [3865/9243] Built Mathlib.CategoryTheory.Sites.Sieves.Functoriality (3.1s)
✔ [3866/9243] Built Mathlib.Algebra.Homology.ShortComplex.LeftHomology (8.8s)
✔ [3867/9243] Built Mathlib.CategoryTheory.Sites.Grothendieck (4.2s)
✔ [3868/9243] Built Mathlib.Data.Nat.Periodic (1.9s)
✔ [3869/9243] Built Mathlib.Algebra.Field.Periodic (2.6s)
✔ [3870/9243] Built Mathlib.LinearAlgebra.TensorProduct.Map (11s)
✔ [3871/9243] Built Mathlib.ModelTheory.Types (2.3s)
✔ [3872/9243] Built Mathlib.ModelTheory.Graph (2.3s)
✔ [3873/9243] Built Mathlib.CategoryTheory.Limits.MonoCoprod (2.7s)
✔ [3874/9243] Built Mathlib.ModelTheory.Equivalence (2.0s)
✔ [3875/9243] Built Mathlib.CategoryTheory.EffectiveEpi.Preserves (2.8s)
✔ [3876/9243] Built Mathlib.CategoryTheory.Limits.Shapes.Biproducts (9.8s)
✔ [3877/9243] Built Mathlib.GroupTheory.FixedPointFree (2.5s)
✔ [3878/9243] Built Mathlib.Algebra.CharP.CharAndCard (2.6s)
✔ [3879/9243] Built Mathlib.CategoryTheory.Limits.Shapes.NormalMono.Basic (3.8s)
✔ [3880/9243] Built Mathlib.GroupTheory.Perm.Cycle.Concrete (3.5s)
✔ [3881/9243] Built Mathlib.LinearAlgebra.Dimension.Finrank (2.4s)
✔ [3882/9243] Built Mathlib.LinearAlgebra.Dimension.Subsingleton (2.4s)
✔ [3883/9243] Built Mathlib.LinearAlgebra.Basis.Prod (2.3s)
✔ [3884/9243] Built Mathlib.Data.Nat.Choose.Vandermonde (2.4s)
✔ [3885/9243] Built Mathlib.ModelTheory.Arithmetic.Presburger.Semilinear.Defs (3.9s)
✔ [3886/9243] Built Mathlib.Combinatorics.SimpleGraph.Tutte (6.2s)
✔ [3887/9243] Built Mathlib.Algebra.Polynomial.Eval.Algebra (2.0s)
✔ [3888/9243] Built Mathlib.Algebra.Polynomial.Eval.Coeff (2.9s)
✔ [3889/9243] Built Mathlib.Algebra.Polynomial.Degree.Defs (3.6s)
✔ [3890/9243] Built Mathlib.Topology.Separation.Hausdorff (3.5s)
✔ [3891/9243] Built Mathlib.LinearAlgebra.SModEq.Basic (3.7s)
✔ [3892/9243] Built Mathlib.Computability.TuringMachine.Computable (2.6s)
✔ [3893/9243] Built Mathlib.LinearAlgebra.Basis.Flag (2.7s)
✔ [3894/9243] Built Mathlib.RingTheory.Noetherian.Defs (2.5s)
✔ [3895/9243] Built Mathlib.RingTheory.Finiteness.Lattice (2.0s)
✔ [3896/9243] Built Mathlib.Algebra.Order.ToIntervalMod (12s)
✔ [3897/9243] Built Mathlib.Analysis.Normed.Lp.WithLp (3.7s)
✔ [3898/9243] Built Mathlib.LinearAlgebra.Quotient.Pi (2.9s)
✔ [3899/9243] Built Mathlib.LinearAlgebra.Goursat (4.1s)
✔ [3900/9243] Built Mathlib.LinearAlgebra.Matrix.Unique (2.3s)
✔ [3901/9243] Built Mathlib.RingTheory.Ideal.Quotient.Basic (3.7s)
✔ [3902/9243] Built Mathlib.LinearAlgebra.Isomorphisms (4.2s)
✔ [3903/9243] Built Mathlib.LinearAlgebra.AffineSpace.Slope (3.8s)
✔ [3904/9243] Built Mathlib.Data.Matrix.Basis (4.8s)
✔ [3905/9243] Built Mathlib.Algebra.SkewMonoidAlgebra.Basic (11s)
✔ [3906/9243] Built Mathlib.LinearAlgebra.Multilinear.Pi (3.3s)
✔ [3907/9243] Built Mathlib.LinearAlgebra.Multilinear.TensorProduct (3.6s)
✔ [3908/9243] Built Mathlib.CategoryTheory.GradedObject.Single (2.9s)
✔ [3909/9243] Built Mathlib.Algebra.Algebra.IsSimpleRing (2.5s)
✔ [3910/9243] Built Mathlib.LinearAlgebra.Multilinear.Curry (5.6s)
✔ [3911/9243] Built Mathlib.Algebra.Exact.Basic (9.4s)
✔ [3912/9243] Built Mathlib.RingTheory.SimpleRing.Congr (2.7s)
✔ [3913/9243] Built Mathlib.CategoryTheory.GradedObject.Bifunctor (3.0s)
✔ [3914/9243] Built Mathlib.LinearAlgebra.Projection (10s)
✔ [3915/9243] Built Mathlib.RingTheory.SimpleRing.Field (2.6s)
✔ [3916/9243] Built Mathlib.Combinatorics.Matroid.Minor.Order (2.6s)
✔ [3917/9243] Built Mathlib.Algebra.Field.Subfield.Basic (5.3s)
✔ [3918/9243] Built Mathlib.CategoryTheory.ObjectProperty.Shift (2.7s)
✔ [3919/9243] Built Mathlib.CategoryTheory.Shift.Twist (3.3s)
✔ [3920/9243] Built Mathlib.CategoryTheory.Limits.ColimitLimit (2.7s)
✔ [3921/9243] Built Mathlib.LinearAlgebra.AffineSpace.AffineEquiv (12s)
✔ [3922/9243] Built Mathlib.CategoryTheory.Limits.Elements (3.1s)
✔ [3923/9243] Built Mathlib.CategoryTheory.Shift.Induced (4.6s)
✔ [3924/9243] Built Mathlib.CategoryTheory.Shift.SingleFunctors (5.1s)
✔ [3925/9243] Built Mathlib.CategoryTheory.Shift.Adjunction (5.7s)
✔ [3926/9243] Built Mathlib.Algebra.Algebra.Subalgebra.Basic (10s)
✔ [3927/9243] Built Mathlib.CategoryTheory.Category.Cat.Limit (4.7s)
✔ [3928/9243] Built Mathlib.CategoryTheory.Limits.Types.Colimits (2.8s)
✔ [3929/9243] Built Mathlib.CategoryTheory.Limits.Types.Yoneda (5.0s)
✔ [3930/9243] Built Mathlib.CategoryTheory.Limits.WeakLimits.WeakKernels (2.3s)
✔ [3931/9243] Built Mathlib.Combinatorics.SimpleGraph.CycleGraph (3.7s)
✔ [3932/9243] Built Mathlib.Algebra.Category.Grp.Preadditive (3.0s)
✔ [3933/9243] Built Mathlib.CategoryTheory.Preadditive.SingleObj (2.7s)
✔ [3934/9243] Built Mathlib.CategoryTheory.Linear.Basic (3.1s)
✔ [3935/9243] Built Mathlib.Combinatorics.SimpleGraph.CompleteMultipartite (5.5s)
✔ [3936/9243] Built Mathlib.CategoryTheory.Preadditive.FunctorCategory (3.1s)
✔ [3937/9243] Built Mathlib.CategoryTheory.Sites.Sieves.Shrink (2.9s)
✔ [3938/9243] Built Mathlib.Algebra.Algebra.Unitization (11s)
✔ [3939/9243] Built Mathlib.CategoryTheory.Limits.Preserves.Shapes.AbelianImages (3.1s)
✔ [3940/9243] Built Mathlib.CategoryTheory.Limits.FunctorCategory.Shapes.Kernels (2.6s)
✔ [3941/9243] Built Mathlib.CategoryTheory.Limits.Preserves.BifunctorCokernel (2.8s)
✔ [3942/9243] Built Mathlib.LinearAlgebra.DFinsupp (7.8s)
✔ [3943/9243] Built Mathlib.Data.Nat.Totient (3.7s)
✔ [3944/9243] Built Mathlib.Algebra.Star.TensorProduct (3.9s)
✔ [3945/9243] Built Mathlib.LinearAlgebra.SesquilinearForm.Basic (10s)
✔ [3946/9243] Built Mathlib.Algebra.Algebra.Bilinear (4.8s)
✔ [3947/9243] Built Mathlib.ModelTheory.Complexity (3.7s)
✔ [3948/9243] Built Mathlib.GroupTheory.Perm.Cycle.PossibleTypes (2.6s)
✔ [3949/9243] Built Mathlib.CategoryTheory.Limits.Shapes.NormalMono.Equalizers (4.2s)
✔ [3950/9243] Built Mathlib.RingTheory.Polynomial.Subring (2.4s)
✔ [3951/9243] Built Mathlib.RingTheory.IntegralClosure.IsIntegral.Defs (2.2s)
✔ [3952/9243] Built Mathlib.Algebra.Polynomial.Degree.Monomial (2.3s)
✔ [3953/9243] Built Mathlib.Topology.Compactness.CompactlyCoherentSpace (2.4s)
✔ [3954/9243] Built Mathlib.Algebra.Polynomial.Degree.Operations (4.6s)
✔ [3955/9243] Built Mathlib.Dynamics.OmegaLimit (2.8s)
✔ [3956/9243] Built Mathlib.Algebra.Homology.ShortComplex.RightHomology (10s)
✔ [3957/9243] Built Mathlib.Topology.LocallyFinsupp (5.4s)
✔ [3958/9243] Built Mathlib.Topology.Compactness.CompactSystem (2.6s)
✔ [3959/9243] Built Mathlib.LinearAlgebra.TensorProduct.Associator (10s)
✔ [3960/9243] Built Mathlib.Topology.ContinuousMap.Basic (4.1s)
✔ [3961/9243] Built Mathlib.Topology.Algebra.Support (4.0s)
✔ [3962/9243] Built Mathlib.Topology.Algebra.InfiniteSum.Defs (3.8s)
✔ [3963/9243] Built Mathlib.Topology.Algebra.Semigroup (2.2s)
✔ [3964/9243] Built Mathlib.Topology.Order.OrderClosed (5.4s)
✔ [3965/9243] Built Mathlib.Dynamics.FixedPoints.Topology (1.8s)
✔ [3966/9243] Built Mathlib.RingTheory.Noetherian.Filter (1.9s)
✔ [3967/9243] Built Mathlib.CategoryTheory.Limits.Shapes.BinaryBiproducts (10s)
✔ [3968/9243] Built Mathlib.Data.Matrix.Composition (2.6s)
✔ [3969/9243] Built Mathlib.Algebra.SkewMonoidAlgebra.Single (2.5s)
✔ [3970/9243] Built Mathlib.Algebra.SkewMonoidAlgebra.Support (2.6s)
✔ [3971/9243] Built Mathlib.LinearAlgebra.LeftExact (2.4s)
✔ [3972/9243] Built Mathlib.LinearAlgebra.Matrix.Module (3.4s)
✔ [3973/9243] Built Mathlib.LinearAlgebra.Matrix.ConjTranspose (3.8s)
✔ [3974/9243] Built Mathlib.Algebra.Exact (1.0s)
✔ [3975/9243] Built Mathlib.Algebra.SkewMonoidAlgebra.Lift (3.7s)
✔ [3976/9243] Built Mathlib.Algebra.Module.LocalizedModule.Exact (2.3s)
✔ [3977/9243] Built Mathlib.Algebra.FiveLemma (4.6s)
✔ [3978/9243] Built Mathlib.RingTheory.Finiteness.Finsupp (3.0s)
✔ [3979/9243] Built Mathlib.Algebra.Module.SnakeLemma (4.1s)
✔ [3980/9243] Built Mathlib.LinearAlgebra.Basis.Exact (3.1s)
✔ [3981/9243] Built Mathlib.FieldTheory.PrimeField (2.6s)
✔ [3982/9243] Built Mathlib.Algebra.Module.Presentation.Basic (4.5s)
✔ [3983/9243] Built Mathlib.LinearAlgebra.Basis.VectorSpace (4.7s)
✔ [3984/9243] Built Mathlib.SetTheory.Cardinal.Subfield (2.6s)
✔ [3985/9243] Built Mathlib.CategoryTheory.Shift.Quotient (2.7s)
✔ [3986/9243] Built Mathlib.LinearAlgebra.AffineSpace.Midpoint (3.4s)
✔ [3987/9243] Built Mathlib.Algebra.Algebra.Subalgebra.Matrix (2.2s)
✔ [3988/9243] Built Mathlib.Algebra.Algebra.Subalgebra.Order (2.2s)
✔ [3989/9243] Built Mathlib.CategoryTheory.Shift.Localization (3.6s)
✔ [3990/9243] Built Mathlib.CategoryTheory.Limits.Types.Multicoequalizer (2.3s)
✔ [3991/9243] Built Mathlib.LinearAlgebra.PiTensorProduct.Basic (11s)
✔ [3992/9243] Built Mathlib.CategoryTheory.Limits.Preserves.SigmaConst (3.1s)
✔ [3993/9243] Built Mathlib.CategoryTheory.Limits.FintypeCat (2.5s)
✔ [3994/9243] Built Mathlib.RingTheory.Localization.FractionRing (8.1s)
✔ [3995/9243] Built Mathlib.CategoryTheory.Limits.Types.Coequalizers (2.6s)
✔ [3996/9243] Built Mathlib.CategoryTheory.Limits.FunctorToTypes (1.0s)
✔ [3997/9243] Built Mathlib.LinearAlgebra.AffineSpace.Homogenization (8.1s)
✔ [3998/9243] Built Mathlib.LinearAlgebra.AffineSpace.AffineSubspace.Basic (7.9s)
✔ [3999/9243] Built Mathlib.CategoryTheory.Limits.Weighted.PreservesLimit (3.0s)
✔ [4000/9243] Built Mathlib.CategoryTheory.GradedObject.Trifunctor (11s)
✔ [4001/9243] Built Mathlib.CategoryTheory.Limits.Preserves.Ulift (1.8s)
✔ [4002/9243] Built Mathlib.CategoryTheory.Limits.Types.Coproducts (2.0s)
✔ [4003/9243] Built Mathlib.CategoryTheory.Limits.Shapes.SingleObj (1.9s)
✔ [4004/9243] Built Mathlib.CategoryTheory.Limits.Filtered (1.6s)
✔ [4005/9243] Built Mathlib.CategoryTheory.Limits.Types.Filtered (2.5s)
✔ [4006/9243] Built Mathlib.CategoryTheory.Limits.Shapes.FunctorToTypes (3.6s)
✔ [4007/9243] Built Mathlib.Combinatorics.SimpleGraph.Circulant (2.0s)
✔ [4008/9243] Built Mathlib.Algebra.Category.Grp.ForgetCorepresentable (2.3s)
✔ [4009/9243] Built Mathlib.CategoryTheory.Localization.Preadditive (2.3s)
✔ [4010/9243] Built Mathlib.CategoryTheory.Linear.FunctorCategory (2.2s)
✔ [4011/9243] Built Mathlib.CategoryTheory.Sites.Sieves (2.0s)
✔ [4012/9243] Built Mathlib.CategoryTheory.Center.Preadditive (2.2s)
✔ [4013/9243] Built Mathlib.Combinatorics.SimpleGraph.Coloring.Constructions (3.4s)
✔ [4014/9243] Built Mathlib.Combinatorics.SimpleGraph.Acyclic (4.5s)
✔ [4015/9243] Built Mathlib.LinearAlgebra.Finsupp.VectorSpace (3.2s)
✔ [4016/9243] Built Mathlib.Algebra.Category.Grp.Colimits (5.7s)
✔ [4017/9243] Built Mathlib.LinearAlgebra.FixedSubmodule (3.0s)
✔ [4018/9243] Built Mathlib.AlgebraicGeometry.RationalMap (2.4s)
✔ [4019/9243] Built Mathlib.RingTheory.Regular.Depth (2.2s)
✔ [4020/9243] Built Mathlib.LinearAlgebra.TensorProduct.Finiteness (3.0s)
✔ [4021/9243] Built Mathlib.NumberTheory.PrimeCounting (2.8s)
✔ [4022/9243] Built Mathlib.LinearAlgebra.Quotient.Bilinear (2.3s)
✔ [4023/9243] Built Mathlib.Combinatorics.SimpleGraph.FiveWheelLike (7.2s)
✔ [4024/9243] Built Mathlib.RingTheory.Ideal.Basis (2.4s)
✔ [4025/9243] Built Mathlib.LinearAlgebra.Matrix.Bilinear (3.0s)
✔ [4026/9243] Built Mathlib.Algebra.DirectSum.Module (6.6s)
✔ [4027/9243] Built Mathlib.Algebra.Module.LocalizedModule.IsLocalization (2.6s)
✔ [4028/9243] Built Mathlib.LinearAlgebra.Multilinear.DFinsupp (5.8s)
✔ [4029/9243] Built Mathlib.LinearAlgebra.SesquilinearForm.Orthogonal (4.4s)
✔ [4030/9243] Built Mathlib.LinearAlgebra.BilinearForm.Hom (4.2s)
✔ [4031/9243] Built Mathlib.RingTheory.IntegralClosure.IsIntegralClosure.Defs (2.1s)
✔ [4032/9243] Built Mathlib.RingTheory.IntegralClosure.Algebra.Defs (2.2s)
✔ [4033/9243] Built Mathlib.ModelTheory.Order (4.4s)
✔ [4034/9243] Built Mathlib.Algebra.Polynomial.Degree.Support (2.8s)
✔ [4035/9243] Built Mathlib.GroupTheory.Perm.Centralizer (4.4s)
✔ [4036/9243] Built Mathlib.Algebra.Polynomial.Degree.SmallDegree (3.1s)
✔ [4037/9243] Built Mathlib.Algebra.Polynomial.Degree.Domain (2.6s)
✔ [4038/9243] Built Mathlib.CategoryTheory.Abelian.NonPreadditive (4.5s)
✔ [4039/9243] Built Mathlib.Topology.Hom.Open (2.4s)
✔ [4040/9243] Built Mathlib.Topology.Convenient.GeneratedBy (2.8s)
✔ [4041/9243] Built Mathlib.Topology.ContinuousMap.CocompactMap (2.5s)
✔ [4042/9243] Built Mathlib.Algebra.Algebra.Operations (8.4s)
✔ [4043/9243] Built Mathlib.Topology.Category.TopCat.Basic (3.4s)
✔ [4044/9243] Built Mathlib.MeasureTheory.VectorMeasure.Defs (2.4s)
✔ [4045/9243] Built Mathlib.Topology.Algebra.Order.Support (2.5s)
✔ [4046/9243] Built Mathlib.Topology.Sets.Opens (4.4s)
✔ [4047/9243] Built Mathlib.Topology.Order.OrderClosedExtr (2.1s)
✔ [4048/9243] Built Mathlib.Topology.Order.IsLocallyClosed (2.3s)
✔ [4049/9243] Built Mathlib.Topology.Order.ExtrClosure (2.3s)
✔ [4050/9243] Built Mathlib.CategoryTheory.ObjectProperty.Retract (2.8s)
✔ [4051/9243] Built Mathlib.Topology.Connected.Basic (3.7s)
✔ [4052/9243] Built Mathlib.Topology.Order.Lattice (3.3s)
✔ [4053/9243] Built Mathlib.Algebra.Homology.ShortComplex.Homology (8.9s)
✔ [4054/9243] Built Mathlib.CategoryTheory.Preadditive.OfBiproducts (2.7s)
✔ [4055/9243] Built Mathlib.CategoryTheory.Limits.FunctorCategory.BinaryBiproducts (3.7s)
✔ [4056/9243] Built Mathlib.CategoryTheory.Limits.Preserves.Shapes.Biproducts (3.8s)
✔ [4057/9243] Built Mathlib.Topology.Algebra.InfiniteSum.Basic (7.9s)
✔ [4058/9243] Built Mathlib.Topology.Order.Basic (8.6s)
✔ [4059/9243] Built Mathlib.LinearAlgebra.Matrix.RowCol (4.1s)
✔ [4060/9243] Built Mathlib.LinearAlgebra.Matrix.Invertible (4.9s)
✔ [4061/9243] Built Mathlib.Algebra.Module.Presentation.Tensor (4.4s)
✔ [4062/9243] Built Mathlib.Data.Matrix.Block (5.7s)
✔ [4063/9243] Built Mathlib.Algebra.Module.Presentation.Tautological (3.1s)
✔ [4064/9243] Built Mathlib.Algebra.SkewPolynomial.Basic (5.0s)
✔ [4065/9243] Built Mathlib.Algebra.Module.Presentation.Cokernel (3.5s)
✔ [4066/9243] Built Mathlib.Algebra.Group.UniqueProds.VectorSpace (2.2s)
✔ [4067/9243] Built Mathlib.LinearAlgebra.AffineSpace.MidpointZero (2.3s)
✔ [4068/9243] Built Mathlib.LinearAlgebra.PiTensorProduct.Generators (3.4s)
✔ [4069/9243] Built Mathlib.LinearAlgebra.TensorPower.Symmetric (3.6s)
✔ [4070/9243] Built Mathlib.CategoryTheory.Functor.Derived.RightDerivedCommShift (3.8s)
✔ [4071/9243] Built Mathlib.LinearAlgebra.PiTensorProduct (2.5s)
✔ [4072/9243] Built Mathlib.FieldTheory.RatFunc.Defs (3.4s)
✔ [4073/9243] Built Mathlib.Analysis.Convex.Segment (6.6s)
✔ [4074/9243] Built Mathlib.LinearAlgebra.AffineSpace.Ordered (6.8s)
✔ [4075/9243] Built Mathlib.GroupTheory.CosetCover (8.5s)
✔ [4076/9243] Built Mathlib.RingTheory.Localization.Cardinality (2.0s)
✔ [4077/9243] Built Mathlib.RingTheory.Localization.NumDen (3.2s)
✔ [4078/9243] Built Mathlib.LinearAlgebra.AffineSpace.Pointwise (3.3s)
✔ [4079/9243] Built Mathlib.CategoryTheory.GradedObject.Associator (2.9s)
✔ [4080/9243] Built Mathlib.LinearAlgebra.AffineSpace.Restrict (3.2s)
✔ [4081/9243] Built Mathlib.RingTheory.PiTensorProduct (9.3s)
✔ [4082/9243] Built Mathlib.CategoryTheory.Limits.Yoneda (3.5s)
✔ [4083/9243] Built Mathlib.Algebra.Category.Grp.Adjunctions (3.9s)
✔ [4084/9243] Built Mathlib.Algebra.Homology.ComplexShapeSigns (4.4s)
✔ [4085/9243] Built Mathlib.CategoryTheory.Limits.Shapes.Opposites.Filtered (2.3s)
✔ [4086/9243] Built Mathlib.CategoryTheory.Limits.FunctorCategory.Filtered (2.2s)
✔ [4087/9243] Built Mathlib.LinearAlgebra.AffineSpace.Combination (7.9s)
✔ [4088/9243] Built Mathlib.CategoryTheory.Limits.ConcreteCategory.Filtered (2.1s)
✔ [4089/9243] Built Mathlib.CategoryTheory.Limits.Set (2.1s)
✔ [4090/9243] Built Mathlib.CategoryTheory.Limits.Preserves.Yoneda (3.7s)
✔ [4091/9243] Built Mathlib.GroupTheory.DivisibleHull (9.4s)
✔ [4092/9243] Built Mathlib.Combinatorics.SimpleGraph.ConcreteColorings (1.0s)
✔ [4093/9243] Built Mathlib.CategoryTheory.Center.NegOnePow (2.3s)
✔ [4094/9243] Built Mathlib.CategoryTheory.Center.Linear (2.6s)
✔ [4095/9243] Built Mathlib.Order.Category.PartOrdEmb (4.6s)
✔ [4096/9243] Built Mathlib.LinearAlgebra.TensorProduct.Tower (27s)
✔ [4097/9243] Built Mathlib.Combinatorics.SimpleGraph.Star (2.4s)
✔ [4098/9243] Built Mathlib.Algebra.Module.Presentation.Free (2.5s)
✔ [4099/9243] Built Mathlib.Combinatorics.SimpleGraph.Girth (3.2s)
✔ [4100/9243] Built Mathlib.Algebra.Category.MonCat.FilteredColimits (5.5s)
✔ [4101/9243] Built Mathlib.LinearAlgebra.StdBasis (3.3s)
✔ [4102/9243] Built Mathlib.NumberTheory.Primorial (3.0s)
✔ [4103/9243] Built Mathlib.NumberTheory.SmoothNumbers (3.6s)
✔ [4104/9243] Built Mathlib.Algebra.Module.Presentation.DirectSum (3.1s)
✔ [4105/9243] Built Mathlib.LinearAlgebra.DirectSum.Basis (2.3s)
✔ [4106/9243] Built Mathlib.LinearAlgebra.DirectSum.Finite (2.5s)
✔ [4107/9243] Built Mathlib.Algebra.DirectSum.Finsupp (2.4s)
✔ [4108/9243] Built Mathlib.Algebra.DirectSum.Algebra (3.9s)
✔ [4109/9243] Built Mathlib.Algebra.DirectSum.Decomposition (4.3s)
✔ [4110/9243] Built Mathlib.LinearAlgebra.PiTensorProduct.DFinsupp (3.4s)
✔ [4111/9243] Built Mathlib.LinearAlgebra.Multilinear.DirectSum (3.8s)
✔ [4112/9243] Built Mathlib.LinearAlgebra.BilinearForm.IsometryEquiv (3.1s)
✔ [4113/9243] Built Mathlib.Algebra.Polynomial.Eval.Subring (2.9s)
✔ [4114/9243] Built Mathlib.LinearAlgebra.Multilinear.Finsupp (4.5s)
✔ [4115/9243] Built Mathlib.RingTheory.Polynomial.Opposites (3.5s)
✔ [4116/9243] Built Mathlib.Algebra.Colimit.Module (7.7s)
✔ [4117/9243] Built Mathlib.Algebra.Polynomial.Eval.SMul (2.7s)
✔ [4118/9243] Built Mathlib.RingTheory.Localization.Module (5.8s)
✔ [4119/9243] Built Mathlib.RingTheory.Coalgebra.Basic (9.9s)
✔ [4120/9243] Built Mathlib.Algebra.Polynomial.Degree.Units (2.4s)
✔ [4121/9243] Built Mathlib.LinearAlgebra.SModEq.Pointwise (1.0s)
✔ [4122/9243] Built Mathlib.Topology.Convenient.ContinuousMapGeneratedBy (2.4s)
✔ [4123/9243] Built Mathlib.FieldTheory.IsRealClosed.Basic (3.3s)
✔ [4124/9243] Built Mathlib.Algebra.Polynomial.Degree.TrailingDegree (3.7s)
✔ [4125/9243] Built Mathlib.Topology.Category.FinTopCat (2.8s)
✔ [4126/9243] Built Mathlib.Topology.ContinuousMap.T0Sierpinski (2.6s)
✔ [4127/9243] Built Mathlib.Topology.Category.TopCat.Adjunctions (2.7s)
✔ [4128/9243] Built Mathlib.Topology.Category.CompHausLike.Basic (3.3s)
✔ [4129/9243] Built Mathlib.Topology.Sets.OpenCover (2.5s)
✔ [4130/9243] Built Mathlib.CategoryTheory.Preadditive.Projective.Internal (2.5s)
✔ [4131/9243] Built Mathlib.CategoryTheory.ObjectProperty.Comma (2.3s)
✔ [4132/9243] Built Mathlib.Topology.Algebra.InfiniteSum.ContinuousEval (2.0s)
✔ [4133/9243] Built Mathlib.Topology.Order.PartialSups (2.6s)
✔ [4134/9243] Built Mathlib.Topology.Sets.Closeds (4.9s)
✔ [4135/9243] Built Mathlib.Algebra.Homology.ShortComplex.QuasiIso (2.9s)
✔ [4136/9243] Built Mathlib.Topology.Order.Filter (2.1s)
✔ [4137/9243] Built Mathlib.Algebra.Algebra.Subalgebra.Lattice (8.0s)
✔ [4138/9243] Built Mathlib.Algebra.Polynomial.Derivative (8.0s)
✔ [4139/9243] Built Mathlib.Topology.Connected.Clopen (5.0s)
✔ [4140/9243] Built Mathlib.Topology.Instances.Sign (1.0s)
✔ [4141/9243] Built Mathlib.Topology.Order.Completion (3.1s)
✔ [4142/9243] Built Mathlib.Topology.Order.ProjIcc (2.6s)
✔ [4143/9243] Built Mathlib.Topology.Order.LowerUpperTopology (3.5s)
✔ [4144/9243] Built Mathlib.Topology.Order.NhdsSet (3.1s)
✔ [4145/9243] Built Mathlib.RingTheory.Ideal.Operations (10s)
✔ [4146/9243] Built Mathlib.Topology.Order.LeftRightNhds (4.7s)
✔ [4147/9243] Built Mathlib.Topology.Order.SuccPred (3.3s)
✔ [4148/9243] Built Mathlib.Topology.Order.CountableSeparating (2.5s)
✔ [4149/9243] Built Mathlib.Topology.Instances.Discrete (1.7s)
✔ [4150/9243] Built Mathlib.Topology.Order.MonotoneConvergence (2.5s)
✔ [4151/9243] Built Mathlib.LinearAlgebra.Matrix.Permanent (2.1s)
✔ [4152/9243] Built Mathlib.LinearAlgebra.Matrix.DotProduct (2.9s)
✔ [4153/9243] Built Mathlib.LinearAlgebra.Matrix.Symmetric (2.6s)
✔ [4154/9243] Built Mathlib.CategoryTheory.Preadditive.Biproducts (9.5s)
✔ [4155/9243] Built Mathlib.LinearAlgebra.PiTensorProduct.Finite (2.3s)
✔ [4156/9243] Built Mathlib.LinearAlgebra.Matrix.SemiringInverse (4.4s)
✔ [4157/9243] Built Mathlib.CategoryTheory.Limits.ConcreteCategory.Basic (2.2s)
✔ [4158/9243] Built Mathlib.CategoryTheory.Filtered.OfColimitCommutesFiniteLimit (1.7s)
✔ [4159/9243] Built Mathlib.Analysis.Convex.Star (4.0s)
✔ [4160/9243] Built Mathlib.LinearAlgebra.Matrix.Notation (4.8s)
✔ [4161/9243] Built Mathlib.CategoryTheory.GradedObject.Unitor (4.6s)
✔ [4162/9243] Built Mathlib.Topology.Order.WithTop (7.9s)
✔ [4163/9243] Built Mathlib.Geometry.Convex.ConvexSpace.AffineSpace (2.6s)
✔ [4164/9243] Built Mathlib.CategoryTheory.Limits.Preserves.Shapes.Pullbacks (4.0s)
✔ [4165/9243] Built Mathlib.LinearAlgebra.AffineSpace.Centroid (2.5s)
✔ [4166/9243] Built Mathlib.CategoryTheory.Limits.IndYoneda (4.6s)
✔ [4167/9243] Built Mathlib.CategoryTheory.Limits.FilteredColimitCommutesProduct (4.2s)
✔ [4168/9243] Built Mathlib.RingTheory.Finiteness.Cardinality (2.4s)
✔ [4169/9243] Built Mathlib.LinearAlgebra.TensorProduct.Prod (4.6s)
✔ [4170/9243] Built Mathlib.LinearAlgebra.Matrix.StdBasis (2.4s)
✔ [4171/9243] Built Mathlib.LinearAlgebra.TensorProduct.Pi (3.8s)
✔ [4172/9243] Built Mathlib.LinearAlgebra.AffineSpace.Independent (6.1s)
✔ [4173/9243] Built Mathlib.Algebra.Module.Presentation.RestrictScalars (3.2s)
✔ [4174/9243] Built Mathlib.Algebra.Category.Grp.FilteredColimits (4.1s)
✔ [4175/9243] Built Mathlib.LinearAlgebra.DirectSum.TensorProduct (5.1s)
✔ [4176/9243] Built Mathlib.CategoryTheory.Limits.Final (9.1s)
✔ [4177/9243] Built Mathlib.LinearAlgebra.PiTensorProduct.Finsupp (2.7s)
✔ [4178/9243] Built Mathlib.Algebra.MonoidAlgebra.ToDirectSum (3.1s)
✔ [4179/9243] Built Mathlib.LinearAlgebra.Multilinear.Basis (2.6s)
✔ [4180/9243] Built Mathlib.Algebra.Colimit.Finiteness (2.3s)
✔ [4181/9243] Built Mathlib.LinearAlgebra.PiTensorProduct.DirectSum (4.6s)
✔ [4182/9243] Built Mathlib.Algebra.DirectSum.Internal (6.5s)
✔ [4183/9243] Built Mathlib.LinearAlgebra.TensorProduct.DirectLimit (4.0s)
✔ [4184/9243] Built Mathlib.RingTheory.Coalgebra.MulOpposite (2.7s)
✔ [4185/9243] Built Mathlib.Algebra.Polynomial.Eval.Degree (2.7s)
✔ [4186/9243] Built Mathlib.Topology.Category.TopCat.EpiMono (1.8s)
✔ [4187/9243] Built Mathlib.Topology.Sets.Order (1.9s)
✔ [4188/9243] Built Mathlib.Topology.Category.TopCat.Limits.Basic (3.2s)
✔ [4189/9243] Built Mathlib.Algebra.Homology.ShortComplex.Retract (1.7s)
✔ [4190/9243] Built Mathlib.RingTheory.Coalgebra.Hom (4.4s)
✔ [4191/9243] Built Mathlib.Topology.Sober (2.5s)
✔ [4192/9243] Built Mathlib.LinearAlgebra.TensorPower.Basic (8.5s)
✔ [4193/9243] Built Mathlib.Algebra.Algebra.Subalgebra.Pi (2.2s)
✔ [4194/9243] Built Mathlib.Algebra.Algebra.Subalgebra.Prod (2.1s)
✔ [4195/9243] Built Mathlib.Algebra.Module.LocalizedModule.Submodule (8.0s)
✔ [4196/9243] Built Mathlib.Algebra.FreeAlgebra (3.7s)
✔ [4197/9243] Built Mathlib.RingTheory.Finiteness.Subalgebra (2.4s)
✔ [4198/9243] Built Mathlib.Algebra.Central.Defs (1.9s)
✔ [4199/9243] Built Mathlib.Algebra.Algebra.Subalgebra.Pointwise (2.3s)
✔ [4200/9243] Built Mathlib.Algebra.Homology.ShortComplex.PreservesHomology (5.7s)
✔ [4201/9243] Built Mathlib.Algebra.Algebra.Subalgebra.MulOpposite (2.8s)
✔ [4202/9243] Built Mathlib.Algebra.Algebra.Subalgebra.Directed (3.0s)
✔ [4203/9243] Built Mathlib.Algebra.Algebra.Subalgebra.Tower (2.4s)
✔ [4204/9243] Built Mathlib.Algebra.Polynomial.Identities (2.7s)
✔ [4205/9243] Built Mathlib.Topology.Connected.LocallyConnected (2.2s)
✔ [4206/9243] Built Mathlib.RingTheory.Polynomial.Hermite.Basic (3.2s)
✔ [4207/9243] Built Mathlib.Topology.SeparatedMap (2.2s)
✔ [4208/9243] Built Mathlib.RingTheory.Congruence.Hom (8.3s)
✔ [4209/9243] Built Mathlib.Topology.Separation.Regular (3.7s)
✔ [4210/9243] Built Mathlib.Topology.ContinuousMap.Ordered (2.9s)
✔ [4211/9243] Built Mathlib.Topology.Connected.TotallyDisconnected (3.3s)
✔ [4212/9243] Built Mathlib.Algebra.MvPolynomial.Basic (7.8s)
✔ [4213/9243] Built Mathlib.Topology.Order.UpperLowerSetTopology (3.1s)
✔ [4214/9243] Built Mathlib.Topology.Order.HullKernel (3.1s)
✔ [4215/9243] Built Mathlib.RingTheory.Coprime.Ideal (2.8s)
✔ [4216/9243] Built Mathlib.RingTheory.Ideal.Finsupp (1.0s)
✔ [4217/9243] Built Mathlib.Algebra.TrivSqZeroExt.Basic (13s)
✔ [4218/9243] Built Mathlib.RingTheory.Ideal.IsPrincipalPowQuotient (2.7s)
✔ [4219/9243] Built Mathlib.RingTheory.HahnSeries.Multiplication (12s)
✔ [4220/9243] Built Mathlib.LinearAlgebra.SModEq.Pow (2.6s)
✔ [4221/9243] Built Mathlib.RingTheory.Finiteness.Nakayama (2.4s)
✔ [4222/9243] Built Mathlib.RingTheory.Spectrum.Maximal.Basic (1.9s)
✔ [4223/9243] Built Mathlib.RingTheory.UniqueFactorizationDomain.Ideal (1.0s)
✔ [4224/9243] Built Mathlib.Topology.Algebra.Order.Group (2.9s)
✔ [4225/9243] Built Mathlib.Topology.Order.MonotoneContinuity (2.6s)
✔ [4226/9243] Built Mathlib.LinearAlgebra.Matrix.Circulant (2.3s)
✔ [4227/9243] Built Mathlib.Algebra.ContinuedFractions.Computation.ApproximationCorollaries (3.2s)
✔ [4228/9243] Built Mathlib.Topology.Order.IsLUB (4.3s)
✔ [4229/9243] Built Mathlib.Algebra.Homology.CommSq (4.3s)
✔ [4230/9243] Built Mathlib.CategoryTheory.Preadditive.AdditiveFunctor (3.8s)
✔ [4231/9243] Built Mathlib.RingTheory.Coalgebra.CoassocSimps (23s)
✔ [4232/9243] Built Mathlib.Data.Matrix.ColumnRowPartitioned (3.5s)
✔ [4233/9243] Built Mathlib.LinearAlgebra.Matrix.Trace (3.3s)
✔ [4234/9243] Built Mathlib.Data.Matrix.Reflection (2.3s)
✔ [4235/9243] Built Mathlib.RingTheory.Ideal.Maps (8.6s)
✔ [4236/9243] Built Mathlib.Combinatorics.Optimization.ValuedCSP (2.5s)
✔ [4237/9243] Built Mathlib.Topology.Order.AtTopBotIxx (7.0s)
✔ [4238/9243] Built Mathlib.Tactic.Echelon.Parsing (2.0s)
✔ [4239/9243] Built CanonicalRoots.CoxData (2.8s)
✔ [4240/9243] Built Mathlib.Analysis.Convex.Basic (5.6s)
✔ [4241/9243] Built Mathlib.CategoryTheory.Functor.ReflectsIso.Jointly (2.1s)
✔ [4242/9243] Built Mathlib.CategoryTheory.Limits.Constructions.Equalizers (2.7s)
✔ [4243/9243] Built Mathlib.CategoryTheory.Limits.Constructions.EpiMono (1.8s)
✔ [4244/9243] Built Mathlib.CategoryTheory.Limits.Constructions.BinaryProducts (2.5s)
✔ [4245/9243] Built Mathlib.RingTheory.OrzechProperty (2.2s)
✔ [4246/9243] Built Mathlib.LinearAlgebra.FreeModule.Finite.Basic (2.2s)
✔ [4247/9243] Built Mathlib.Algebra.Category.Grp.Limits (7.0s)
✔ [4248/9243] Built Mathlib.CategoryTheory.Limits.IsConnected (1.8s)
✔ [4249/9243] Built Mathlib.LinearAlgebra.AffineSpace.Basis (3.9s)
✔ [4250/9243] Built Mathlib.CategoryTheory.Comma.StructuredArrow.Final (2.5s)
✔ [4251/9243] Built Mathlib.CategoryTheory.Limits.Presentation (2.3s)
✔ [4252/9243] Built Mathlib.CategoryTheory.GradedObject.Monoidal (7.1s)
✔ [4253/9243] Built Mathlib.LinearAlgebra.TensorProduct.Decomposition (4.1s)
✔ [4254/9243] Built Mathlib.CategoryTheory.Functor.KanExtension.DenseAt (2.4s)
✔ [4255/9243] Built Mathlib.LinearAlgebra.AffineSpace.Simplex.Basic (5.6s)
✔ [4256/9243] Built Mathlib.LinearAlgebra.DirectSum.Finsupp (4.7s)
✔ [4257/9243] Built Mathlib.CategoryTheory.Limits.Final.ParallelPair (1.7s)
✔ [4258/9243] Built Mathlib.Algebra.Category.Ring.FilteredColimits (5.4s)
✔ [4259/9243] Built Mathlib.CategoryTheory.Limits.Shapes.Countable (2.3s)
✔ [4260/9243] Built Mathlib.CategoryTheory.Limits.Final.Type (1.8s)
✔ [4261/9243] Built Mathlib.GroupTheory.Coxeter.Matrix (9.4s)
✔ [4262/9243] Built Mathlib.CategoryTheory.Limits.Final.Connected (1.7s)
✔ [4263/9243] Built Mathlib.CategoryTheory.Monoidal.ExternalProduct.KanExtension (3.5s)
✔ [4264/9243] Built Mathlib.LinearAlgebra.PiTensorProduct.Basis (2.1s)
✔ [4265/9243] Built Mathlib.Algebra.Colimit.TensorProduct (2.1s)
✔ [4266/9243] Built Mathlib.Algebra.Polynomial.Eval.Irreducible (2.2s)
✔ [4267/9243] Built Mathlib.CategoryTheory.GuitartExact.Basic (4.8s)
✔ [4268/9243] Built Mathlib.Topology.Category.TopCat.Limits.Konig (2.3s)
✔ [4269/9243] Built Mathlib.Algebra.Group.ForwardDiff (3.5s)
✔ [4270/9243] Built Mathlib.Algebra.Polynomial.Degree.Lemmas (3.3s)
✔ [4271/9243] Built Mathlib.RingTheory.GradedAlgebra.Basic (5.4s)
✔ [4272/9243] Built Mathlib.Topology.Category.TopCat.Limits.Cofiltered (2.2s)
✔ [4273/9243] Built Mathlib.Topology.Convenient.Category (3.3s)
✔ [4274/9243] Built Mathlib.Topology.Category.TopCat.Opens (5.2s)
✔ [4275/9243] Built Mathlib.Algebra.Polynomial.AlgebraMap (6.2s)
✔ [4276/9243] Built Mathlib.LinearAlgebra.TensorPower.Pairing (2.6s)
✔ [4277/9243] Built Mathlib.Algebra.Star.Free (2.4s)
✔ [4278/9243] Built Mathlib.Algebra.CharP.Algebra (2.5s)
✔ [4279/9243] Built Mathlib.Algebra.Central.Matrix (1.9s)
✔ [4280/9243] Built Mathlib.Algebra.Central.Basic (2.1s)
✔ [4281/9243] Built Mathlib.Topology.Order.T5 (1.8s)
✔ [4282/9243] Built Mathlib.RingTheory.Ideal.IsAugmentation (2.1s)
✔ [4283/9243] Built Mathlib.LinearAlgebra.Alternating.Basic (8.9s)
✔ [4284/9243] Built Mathlib.RingTheory.Coalgebra.Equiv (5.5s)
✔ [4285/9243] Built Mathlib.RingTheory.Adjoin.Basic (2.8s)
✔ [4286/9243] Built Mathlib.Topology.Separation.GDelta (2.1s)
✔ [4287/9243] Built Mathlib.Topology.LocallyConstant.Basic (3.5s)
✔ [4288/9243] Built Mathlib.Topology.DenseEmbedding (2.6s)
✔ [4289/9243] Built Mathlib.Topology.CompactOpen (3.6s)
✔ [4290/9243] Built Mathlib.Topology.Separation.NotNormal (2.2s)
✔ [4291/9243] Built Mathlib.Topology.ExtendFrom (1.9s)
✔ [4292/9243] Built Mathlib.Topology.Compactness.Paracompact (2.6s)
✔ [4293/9243] Built Mathlib.Topology.Perfect (2.2s)
✔ [4294/9243] Built Mathlib.Topology.ShrinkingLemma (2.6s)
✔ [4295/9243] Built Mathlib.Topology.UniformSpace.Separation (2.4s)
✔ [4296/9243] Built Mathlib.Topology.Separation.Connected (1.9s)
✔ [4297/9243] Built Mathlib.Topology.Connected.Separation (1.9s)
✔ [4298/9243] Built Mathlib.Topology.Order.Priestley (1.7s)
✔ [4299/9243] Built Mathlib.Topology.UniformSpace.OfCompactT2 (4.4s)
✔ [4300/9243] Built Mathlib.Topology.Separation.Profinite (3.4s)
✔ [4301/9243] Built Mathlib.Algebra.MvPolynomial.Cardinal (1.0s)
✔ [4302/9243] Built Mathlib.Algebra.MvPolynomial.Invertible (1.9s)
✔ [4303/9243] Built Mathlib.Tactic.Ring.NamePolyVars (1.0s)
✔ [4304/9243] Built Mathlib.Algebra.MvPolynomial.Division (3.3s)
✔ [4305/9243] Built Mathlib.Algebra.MvPolynomial.Coeff (2.7s)
✔ [4306/9243] Built Mathlib.Topology.Specialization (2.1s)
✔ [4307/9243] Built Mathlib.Topology.Separation.LinearUpperLowerSetTopology (1.9s)
✔ [4308/9243] Built Mathlib.Algebra.Star.Subalgebra (10s)
✔ [4309/9243] Built Mathlib.Topology.Order.ScottTopology (2.7s)
✔ [4310/9243] Built Mathlib.Algebra.TrivSqZeroExt (2.1s)
✔ [4311/9243] Built Mathlib.RingTheory.Ideal.IdempotentFG (2.4s)
✔ [4312/9243] Built Mathlib.RingTheory.Noetherian.UniqueFactorizationDomain (2.4s)
✔ [4313/9243] Built Mathlib.LinearAlgebra.TensorAlgebra.Basic (4.3s)
✔ [4314/9243] Built Mathlib.RingTheory.MvPowerSeries.Basic (7.4s)
✔ [4315/9243] Built Mathlib.Algebra.DualNumber (3.9s)
✔ [4316/9243] Built Mathlib.RingTheory.UniqueFactorizationDomain.Kaplansky (2.8s)
✔ [4317/9243] Built Mathlib.Algebra.MvPolynomial.Eval (6.7s)
✔ [4318/9243] Built Mathlib.Algebra.Vertex.HVertexOperator (4.4s)
✔ [4319/9243] Built Mathlib.Topology.Algebra.Order.Archimedean (2.5s)
✔ [4320/9243] Built Mathlib.CategoryTheory.Center.Localization (2.1s)
✔ [4321/9243] Built Mathlib.Topology.Order.DenselyOrdered (3.1s)
✔ [4322/9243] Built Mathlib.Topology.Algebra.Order.Floor (3.3s)
✔ [4323/9243] Built Mathlib.Topology.Order.IsNormal (3.3s)
✔ [4324/9243] Built Mathlib.Topology.Order.Monotone (3.9s)
✔ [4325/9243] Built Mathlib.RingTheory.HahnSeries.Lex (7.9s)
✔ [4326/9243] Built Mathlib.CategoryTheory.ObjectProperty.ShiftAdditive (1.9s)
✔ [4327/9243] Built Mathlib.RingTheory.HahnSeries.Summable (8.6s)
✔ [4328/9243] Built Mathlib.CategoryTheory.Preadditive.EilenbergMoore (2.3s)
✔ [4329/9243] Built Mathlib.CategoryTheory.Preadditive.EndoFunctor (2.5s)
✔ [4330/9243] Built Mathlib.CategoryTheory.Shift.Pullback (4.3s)
✔ [4331/9243] Built Mathlib.CategoryTheory.Quotient.Preadditive (2.2s)
✔ [4332/9243] Built Mathlib.CategoryTheory.Localization.CalculusOfFractions.Preadditive (2.7s)
✔ [4333/9243] Built Mathlib.CategoryTheory.Preadditive.Opposite (2.4s)
✔ [4334/9243] Built Mathlib.CategoryTheory.Preadditive.Transfer (1.8s)
✔ [4335/9243] Built Mathlib.CategoryTheory.Shift.ShiftSequence (3.8s)
✔ [4336/9243] Built Mathlib.CategoryTheory.Preadditive.Mat (7.1s)
✔ [4337/9243] Built Mathlib.CategoryTheory.Shift.SingleFunctorsLift (2.8s)
✔ [4338/9243] Built Mathlib.CategoryTheory.Linear.LinearFunctor (2.7s)
✔ [4339/9243] Built Mathlib.Algebra.Category.ModuleCat.Basic (8.1s)
✔ [4340/9243] Built Mathlib.LinearAlgebra.Matrix.Hadamard (3.1s)
✔ [4341/9243] Built Mathlib.RingTheory.Finiteness.Ideal (2.9s)
✔ [4342/9243] Built Mathlib.CategoryTheory.Preadditive.Comma (4.7s)
✔ [4343/9243] Built Mathlib.CategoryTheory.Monoidal.Preadditive (4.3s)
✔ [4344/9243] Built Mathlib.Algebra.Algebra.Subalgebra.Operations (2.6s)
✔ [4345/9243] Built Mathlib.RingTheory.Ideal.Quotient.PowTransition (4.1s)
✔ [4346/9243] Built Mathlib.Algebra.CharP.Quotient (2.8s)
✔ [4347/9243] Built Mathlib.Algebra.Algebra.Spectrum.Basic (4.0s)
✔ [4348/9243] Built Mathlib.RingTheory.Jacobson.Radical (4.2s)
✔ [4349/9243] Built Mathlib.RingTheory.Ideal.Colon (4.3s)
✔ [4350/9243] Built Mathlib.RingTheory.Ideal.Prod (3.6s)
✔ [4351/9243] Built CanonicalRoots.CandidateData (3.8s)
✔ [4352/9243] Built Mathlib.RingTheory.Ideal.Pointwise (4.7s)
✔ [4353/9243] Built Mathlib.Analysis.Convex.NNReal (3.1s)
✔ [4354/9243] Built Mathlib.Analysis.Convex.Hull (3.5s)
✔ [4355/9243] Built Mathlib.CategoryTheory.Functor.ReflectsIso.Limits (2.6s)
✔ [4356/9243] Built Mathlib.CategoryTheory.Limits.Preserves.Shapes.Images (2.6s)
✔ [4357/9243] Built Mathlib.LinearAlgebra.TensorProduct.Quotient (11s)
✔ [4358/9243] Built Mathlib.RingTheory.Localization.Away.Basic (9.5s)
✔ [4359/9243] Built Mathlib.CategoryTheory.Preadditive.Projective.Basic (3.3s)
✔ [4360/9243] Built Mathlib.CategoryTheory.Limits.FunctorCategory.EpiMono (2.3s)
✔ [4361/9243] Built Mathlib.Algebra.Homology.ShortComplex.Limits (4.9s)
✔ [4362/9243] Built Mathlib.CategoryTheory.ConcreteCategory.EpiMono (2.5s)
✔ [4363/9243] Built Mathlib.CategoryTheory.Limits.Constructions.ZeroObjects (2.3s)
✔ [4364/9243] Built Mathlib.CategoryTheory.Limits.Comma (4.8s)
✔ [4365/9243] Built Mathlib.CategoryTheory.GlueData (6.6s)
✔ [4366/9243] Built Mathlib.Analysis.Convex.Function (9.1s)
✔ [4367/9243] Built Mathlib.Algebra.Category.Grp.Biproducts (2.0s)
✔ [4368/9243] Built Mathlib.CategoryTheory.Join.Final (3.0s)
✔ [4369/9243] Built Mathlib.CategoryTheory.Limits.Constructions.LimitsOfProductsAndEqualizers (5.1s)
✔ [4370/9243] Built Mathlib.CategoryTheory.ObjectProperty.LimitsOfShape (3.2s)
✔ [4371/9243] Built Mathlib.RingTheory.Valuation.Basic (14s)
✔ [4372/9243] Built Mathlib.CategoryTheory.Limits.Shapes.Pullback.IsPullback.Basic (5.3s)
✔ [4373/9243] Built Mathlib.CategoryTheory.GradedObject.Braiding (3.0s)
✔ [4374/9243] Built Mathlib.LinearAlgebra.TensorProduct.Free (2.8s)
✔ [4375/9243] Built Mathlib.LinearAlgebra.AffineSpace.AffineSubspace.Shift (5.1s)
✔ [4376/9243] Built Mathlib.LinearAlgebra.AffineSpace.Ceva (5.3s)
✔ [4377/9243] Built Mathlib.LinearAlgebra.TensorProduct.Basis (5.5s)
✔ [4378/9243] Built Mathlib.GroupTheory.Coxeter.Basic (5.4s)
✔ [4379/9243] Built Mathlib.LinearAlgebra.PiTensorProduct.Dual (4.0s)
✔ [4380/9243] Built Mathlib.LinearAlgebra.AffineSpace.Simplex.Centroid (8.3s)
✔ [4381/9243] Built Mathlib.CategoryTheory.GuitartExact.VerticalComposition (4.0s)
✔ [4382/9243] Built Mathlib.LinearAlgebra.TensorProduct.Submodule (7.1s)
✔ [4383/9243] Built Mathlib.CategoryTheory.GuitartExact.Over (3.7s)
✔ [4384/9243] Built Mathlib.CategoryTheory.Limits.Shapes.SequentialProduct (7.0s)
✔ [4385/9243] Built Mathlib.CategoryTheory.CofilteredSystem (3.6s)
✔ [4386/9243] Built Mathlib.RingTheory.Polynomial.Pochhammer (3.9s)
✔ [4387/9243] Built Mathlib.CategoryTheory.GuitartExact.KanExtension (4.7s)
✔ [4388/9243] Built Mathlib.Algebra.Polynomial.OfFn (3.4s)
✔ [4389/9243] Built Mathlib.RingTheory.GradedAlgebra.Homogeneous.Subsemiring (3.6s)
✔ [4390/9243] Built Mathlib.Tactic.ComputeDegree (4.3s)
✔ [4391/9243] Built Mathlib.Algebra.Polynomial.EraseLead (4.7s)
✔ [4392/9243] Built Mathlib.Algebra.MonoidAlgebra.Grading (4.6s)
✔ [4393/9243] Built Mathlib.Topology.Convenient.Localization (2.1s)
✔ [4394/9243] Built Mathlib.Algebra.Category.Ring.Limits (16s)
✔ [4395/9243] Built Mathlib.RingTheory.GradedAlgebra.Homogeneous.Submodule (3.2s)
✔ [4396/9243] Built Mathlib.RingTheory.GradedAlgebra.RingHom (4.3s)
✔ [4397/9243] Built Mathlib.RingTheory.Polynomial.Tower (2.7s)
✔ [4398/9243] Built Mathlib.Topology.Category.TopCat.OpenNhds (3.3s)
✔ [4399/9243] Built Mathlib.Algebra.Module.GradedModule (5.7s)
✔ [4400/9243] Built Mathlib.Algebra.Polynomial.Smeval (3.0s)
✔ [4401/9243] Built Mathlib.Tactic.Polynomial.Basic (2.0s)
✔ [4402/9243] Built Mathlib.RingTheory.Algebraic.Pi (2.7s)
✔ [4403/9243] Built Mathlib.RingTheory.Polynomial.Wronskian (2.7s)
✔ [4404/9243] Built Mathlib.RingTheory.Polynomial.ShiftedLegendre (3.5s)
✔ [4405/9243] Built Mathlib.Algebra.Ring.Subring.IntPolynomial (2.2s)
✔ [4406/9243] Built Mathlib.Topology.Sheaves.Presheaf (7.6s)
✔ [4407/9243] Built Mathlib.RingTheory.Algebraic.Defs (2.2s)
✔ [4408/9243] Built Mathlib.Algebra.CharP.Subring (2.1s)
✔ [4409/9243] Built Mathlib.Topology.Order.Real (2.1s)
✔ [4410/9243] Built Mathlib.Algebra.Central.End (2.8s)
✔ [4411/9243] Built Mathlib.Algebra.Polynomial.Module.AEval (8.0s)
✔ [4412/9243] Built Mathlib.LinearAlgebra.Alternating.Curry (2.4s)
✔ [4413/9243] Built Mathlib.RingTheory.Coalgebra.Primitive (2.4s)
✔ [4414/9243] Built Mathlib.Topology.DiscreteQuotient (3.2s)
✔ [4415/9243] Built Mathlib.Topology.Germ (3.1s)
✔ [4416/9243] Built Mathlib.FieldTheory.IntermediateField.Basic (12s)
✔ [4417/9243] Built Mathlib.Topology.FiberPartition (2.7s)
✔ [4418/9243] Built Mathlib.LinearAlgebra.Alternating.DomCoprod (6.6s)
✔ [4419/9243] Built Mathlib.RingTheory.Derivation.Basic (9.4s)
✔ [4420/9243] Built Mathlib.Topology.Compactification.StoneCech (2.8s)
✔ [4421/9243] Built Mathlib.Topology.Algebra.Monoid.AddChar (2.5s)
✔ [4422/9243] Built Mathlib.Topology.ContinuousMap.Sigma (2.5s)
✔ [4423/9243] Built Mathlib.Topology.Convenient.HomSpace (2.7s)
✔ [4424/9243] Built Mathlib.Topology.LocallyConstant.Algebra (7.3s)
✔ [4425/9243] Built Mathlib.CategoryTheory.Monoidal.DayConvolution (26s)
✔ [4426/9243] Built Mathlib.Topology.Homeomorph.Lemmas (5.1s)
✔ [4427/9243] Built Mathlib.Topology.DerivedSet (2.4s)
✔ [4428/9243] Built Mathlib.Topology.ContinuousMap.SecondCountableSpace (2.5s)
✔ [4429/9243] Built Mathlib.Topology.ContinuousMap.Interval (3.4s)
✔ [4430/9243] Built Mathlib.Topology.ClopenBox (2.7s)
✔ [4431/9243] Built Mathlib.Topology.Separation.DisjointCover (2.8s)
✔ [4432/9243] Built Mathlib.Topology.Order.Category.AlexDisc (2.7s)
✔ [4433/9243] Built Mathlib.Topology.OmegaCompletePartialOrder (2.5s)
✔ [4434/9243] Built Mathlib.RingTheory.Coalgebra.TensorProduct (12s)
✔ [4435/9243] Built Mathlib.Topology.Order.LawsonTopology (3.2s)
✔ [4436/9243] Built Mathlib.RingTheory.MvPowerSeries.Ideal (3.5s)
✔ [4437/9243] Built Mathlib.Tactic.Ring.NamePowerVars (2.9s)
✔ [4438/9243] Built Mathlib.RingTheory.MvPowerSeries.LexOrder (3.4s)
✔ [4439/9243] Built Mathlib.LinearAlgebra.TensorAlgebra.Grading (3.8s)
✔ [4440/9243] Built Mathlib.Algebra.Algebra.Subalgebra.Unitization (6.0s)
✔ [4441/9243] Built Mathlib.RingTheory.MvPowerSeries.Order (5.3s)
✔ [4442/9243] Built Mathlib.LinearAlgebra.Matrix.DualNumber (2.6s)
✔ [4443/9243] Built Mathlib.RingTheory.TensorProduct.Basic (15s)
✔ [4444/9243] Built Mathlib.Algebra.MvPolynomial.Counit (2.6s)
✔ [4445/9243] Built Mathlib.LinearAlgebra.TensorAlgebra.ToTensorPower (3.8s)
✔ [4446/9243] Built Mathlib.RingTheory.MvPolynomial.Tower (2.8s)
✔ [4447/9243] Built Mathlib.Topology.Order.ExtendFrom (2.5s)
✔ [4448/9243] Built Mathlib.RingTheory.Adjoin.Polynomial.Basic (3.4s)
✔ [4449/9243] Built Mathlib.LinearAlgebra.SymmetricAlgebra.Basic (6.2s)
✔ [4450/9243] Built Mathlib.Algebra.MvPolynomial.Rename (4.8s)
✔ [4451/9243] Built Mathlib.Algebra.Vertex.VertexOperator (3.8s)
✔ [4452/9243] Built Mathlib.Topology.MetricSpace.Pseudo.Lemmas (3.6s)
✔ [4453/9243] Built Mathlib.Algebra.TrivSqZeroExt.Ideal (3.6s)
✔ [4454/9243] Built Mathlib.SetTheory.Ordinal.Topology (3.7s)
✔ [4455/9243] Built Mathlib.Topology.Order.LiminfLimsup (6.3s)
✔ [4456/9243] Built Mathlib.CategoryTheory.Shift.InducedShiftSequence (4.0s)
✔ [4457/9243] Built Mathlib.CategoryTheory.Localization.Linear (2.8s)
✔ [4458/9243] Built Mathlib.Topology.Order.LeftRightLim (4.5s)
✔ [4459/9243] Built Mathlib.Topology.Order.IntermediateValue (7.2s)
✔ [4460/9243] Built Mathlib.CategoryTheory.Shift.ShiftedHom (3.8s)
✔ [4461/9243] Built Mathlib.CategoryTheory.Shift.Opposite (4.7s)
✔ [4462/9243] Built Mathlib.CategoryTheory.Quotient.Linear (2.2s)
✔ [4463/9243] Built Mathlib.Algebra.Category.ModuleCat.Algebra (2.2s)
✔ [4464/9243] Built Mathlib.CategoryTheory.Limits.ConcreteCategory.WithAlgebraicStructures (2.4s)
✔ [4465/9243] Built Mathlib.CategoryTheory.Shift.CommShiftTwo (4.0s)
✔ [4466/9243] Built Mathlib.CategoryTheory.Preadditive.Yoneda.Basic (4.2s)
✔ [4467/9243] Built Mathlib.Algebra.Category.ModuleCat.Tannaka (2.5s)
✔ [4468/9243] Built Mathlib.RingTheory.HahnSeries.Cardinal (9.6s)
✔ [4469/9243] Built Mathlib.Algebra.Category.AlgCat.Basic (5.1s)
✔ [4470/9243] Built Mathlib.Algebra.Homology.ShortComplex.Preadditive (10s)
✔ [4471/9243] Built Mathlib.Algebra.Category.ModuleCat.Products (3.3s)
✔ [4472/9243] Built Mathlib.Algebra.Category.Grp.ZModuleEquivalence (2.5s)
✔ [4473/9243] Built Mathlib.Algebra.Category.CoalgCat.Basic (4.3s)
✔ [4474/9243] Built Mathlib.Algebra.Category.ModuleCat.Colimits (4.9s)
✔ [4475/9243] Built Mathlib.CategoryTheory.Monoidal.Limits.Cokernels (2.6s)
✔ [4476/9243] Built Mathlib.CategoryTheory.Monoidal.Linear (2.9s)
✔ [4477/9243] Built Mathlib.Combinatorics.SimpleGraph.AdjMatrix (4.5s)
✔ [4478/9243] Built Mathlib.CategoryTheory.Preadditive.FreydCategory.Homotopy (4.1s)
✔ [4479/9243] Built Mathlib.Algebra.Order.Module.HahnEmbedding (14s)
✔ [4480/9243] Built Mathlib.RingTheory.IsGaloisGroup.Defs (3.3s)
✔ [4481/9243] Built Mathlib.CategoryTheory.Triangulated.Basic (10s)
✔ [4482/9243] Built Mathlib.RingTheory.IsPrimary (2.5s)
✔ [4483/9243] Built Mathlib.RingTheory.Ideal.Oka (2.3s)
✔ [4484/9243] Built Mathlib.RingTheory.IdealFilter.Basic (2.6s)
✔ [4485/9243] Built Mathlib.Algebra.Category.ModuleCat.Limits (7.8s)
✔ [4486/9243] Built Mathlib.RingTheory.Noetherian.Basic (4.6s)
✔ [4487/9243] Built Mathlib.RingTheory.PrincipalIdealDomain (4.1s)
✔ [4488/9243] Built CanonicalRoots.Payload (3.7s)
✔ [4489/9243] Built Mathlib.Algebra.Star.Unitary (7.1s)
✔ [4490/9243] Built Mathlib.Analysis.Convex.Extreme (4.1s)
✔ [4491/9243] Built Mathlib.Algebra.Algebra.Spectrum.Quasispectrum (7.3s)
✔ [4492/9243] Built Mathlib.Analysis.Convex.SimplicialComplex.Basic (4.1s)
✔ [4493/9243] Built Mathlib.CategoryTheory.Preadditive.Projective.Preserves (1.9s)
✔ [4494/9243] Built Mathlib.RingTheory.SimpleModule.Basic (8.8s)
✔ [4495/9243] Built Mathlib.Analysis.Convex.Join (4.1s)
✔ [4496/9243] Built Mathlib.CategoryTheory.Adjunction.Quadruple (2.7s)
✔ [4497/9243] Built Mathlib.CategoryTheory.Preadditive.Injective.Basic (3.6s)
✔ [4498/9243] Built Mathlib.CategoryTheory.Functor.RegularEpi (3.2s)
✔ [4499/9243] Built Mathlib.CategoryTheory.Subfunctor.Image (3.7s)
✔ [4500/9243] Built Mathlib.Algebra.Category.ModuleCat.EpiMono (2.9s)
✔ [4501/9243] Built Mathlib.CategoryTheory.Limits.Shapes.Preorder.HasIterationOfShape (2.1s)
✔ [4502/9243] Built Mathlib.Analysis.Convex.Combination (10s)
✔ [4503/9243] Built Mathlib.Geometry.Convex.Cone.Basic (7.9s)
✔ [4504/9243] Built Mathlib.CategoryTheory.Limits.Shapes.ConcreteCategory (3.4s)
✔ [4505/9243] Built Mathlib.Order.Category.NonemptyFinLinOrd (4.1s)
✔ [4506/9243] Built Mathlib.CategoryTheory.Subfunctor.SubmonoidFunctor (4.7s)
✔ [4507/9243] Built Mathlib.CategoryTheory.Limits.Over (2.8s)
✔ [4508/9243] Built Mathlib.Algebra.Category.Grp.EpiMono (5.1s)
✔ [4509/9243] Built Mathlib.RingTheory.Ideal.Quotient.Operations (16s)
✔ [4510/9243] Built Mathlib.Order.Category.OmegaCompletePartialOrder (1.9s)
✔ [4511/9243] Built Mathlib.Analysis.Convex.Piecewise (3.5s)
✔ [4512/9243] Built Mathlib.CategoryTheory.Sites.IsSheafFor (8.7s)
✔ [4513/9243] Built Mathlib.CategoryTheory.Preadditive.LeftExact (2.4s)
✔ [4514/9243] Built Mathlib.Analysis.Convex.Slope (3.8s)
✔ [4515/9243] Built Mathlib.CategoryTheory.ObjectProperty.ColimitsOfShape (2.9s)
✔ [4516/9243] Built Mathlib.CategoryTheory.ObjectProperty.LimitsClosure (3.0s)
✔ [4517/9243] Built Mathlib.RingTheory.HahnSeries.Valuation (2.5s)
✔ [4518/9243] Built Mathlib.RingTheory.Valuation.PrimeMultiplicity (1.9s)
✔ [4519/9243] Built Mathlib.Analysis.Convex.Mul (6.4s)
✔ [4520/9243] Built Mathlib.RingTheory.Valuation.ExtendToLocalization (2.5s)
✔ [4521/9243] Built Mathlib.CategoryTheory.Limits.Shapes.Pullback.IsPullback.BicartesianSq (2.3s)
✔ [4522/9243] Built Mathlib.CategoryTheory.Limits.Constructions.Filtered (5.0s)
✔ [4523/9243] Built Mathlib.CategoryTheory.Limits.Shapes.KernelPair (2.5s)
✔ [4524/9243] Built Mathlib.CategoryTheory.Abelian.Basic (7.9s)
✔ [4525/9243] Built Mathlib.RingTheory.Valuation.Integers (4.7s)
✔ [4526/9243] Built Mathlib.CategoryTheory.Sites.Precoverage (3.1s)
✔ [4527/9243] Built Mathlib.CategoryTheory.Limits.Types.Pushouts (3.5s)
✔ [4528/9243] Built Mathlib.Algebra.Order.Ring.Archimedean (5.0s)
✔ [4529/9243] Built Mathlib.CategoryTheory.Limits.Shapes.DisjointCoproduct (2.2s)
✔ [4530/9243] Built Mathlib.CategoryTheory.Limits.Shapes.Pullback.Equifibered (2.1s)
✔ [4531/9243] Built Mathlib.CategoryTheory.Limits.Shapes.Pullback.ChosenPullback (4.1s)
✔ [4532/9243] Built Mathlib.LinearAlgebra.LinearIndependent.BaseChange (2.5s)
✔ [4533/9243] Built Mathlib.Combinatorics.SimpleGraph.Ends.Defs (2.4s)
✔ [4534/9243] Built Mathlib.GroupTheory.Coxeter.Length (3.1s)
✔ [4535/9243] Built Mathlib.Combinatorics.Hall.Basic (2.2s)
✔ [4536/9243] Built Mathlib.Algebra.Module.Projective (3.5s)
✔ [4537/9243] Built Mathlib.CategoryTheory.GuitartExact.Opposite (3.8s)
✔ [4538/9243] Built Mathlib.Combinatorics.SimpleGraph.Finsubgraph (2.5s)
✔ [4539/9243] Built Mathlib.Algebra.Polynomial.CancelLeads (2.4s)
✔ [4540/9243] Built Mathlib.CategoryTheory.Limits.FormalCoproducts.Basic (7.9s)
✔ [4541/9243] Built Mathlib.RingTheory.Valuation.ValuativeRel.Basic (10s)
✔ [4542/9243] Built Mathlib.Algebra.Polynomial.Reverse (2.9s)
✔ [4543/9243] Built Mathlib.Algebra.Polynomial.Inductions (2.6s)
✔ [4544/9243] Built Mathlib.Algebra.Polynomial.DenomsClearable (2.6s)
✔ [4545/9243] Built Mathlib.Algebra.Polynomial.CoeffList (3.1s)
✔ [4546/9243] Built Mathlib.Topology.Sheaves.PresheafOfFunctions (2.5s)
✔ [4547/9243] Built Mathlib.MeasureTheory.OuterMeasure.Defs (2.4s)
✔ [4548/9243] Built Mathlib.RingTheory.Algebraic.LinearIndependent (2.8s)
✔ [4549/9243] Built Mathlib.RingTheory.Binomial (4.5s)
✔ [4550/9243] Built Mathlib.RingTheory.GradedAlgebra.Homogeneous.Ideal (5.6s)
✔ [4551/9243] Built Mathlib.Algebra.CharP.IntermediateField (2.5s)
✔ [4552/9243] Built Mathlib.RingTheory.GradedAlgebra.AlgHom (5.8s)
✔ [4553/9243] Built Mathlib.Analysis.Normed.Group.Defs (4.8s)
✔ [4554/9243] Built Mathlib.RingTheory.Derivation.DifferentialRing (3.0s)
✔ [4555/9243] Built Mathlib.Combinatorics.Hindman (2.6s)
✔ [4556/9243] Built Mathlib.CategoryTheory.Limits.Shapes.Pullback.PullbackObjObj (15s)
✔ [4557/9243] Built Mathlib.Topology.Category.TopCat.ULift (2.5s)
✔ [4558/9243] Built Mathlib.Geometry.RingedSpace.PresheafedSpace (9.1s)
✔ [4559/9243] Built Mathlib.CategoryTheory.Monoidal.DayConvolution.Braided (3.0s)
✔ [4560/9243] Built Mathlib.CategoryTheory.Monoidal.DayConvolution.Closed (5.3s)
✔ [4561/9243] Built Mathlib.Algebra.Polynomial.Module.Basic (8.9s)
✔ [4562/9243] Built Mathlib.CategoryTheory.Monoidal.DayConvolution.DayFunctor (5.7s)
✔ [4563/9243] Built Mathlib.Topology.Convenient.OpenClosed (4.1s)
✔ [4564/9243] Built Mathlib.Topology.Maps.Strict.Basic (2.6s)
✔ [4565/9243] Built Mathlib.Topology.Category.TopCat.Limits.Products (5.0s)
✔ [4566/9243] Built Mathlib.Topology.Maps.Proper.Basic (2.6s)
✔ [4567/9243] Built Mathlib.Topology.Algebra.Constructions (3.6s)
✔ [4568/9243] Built Mathlib.Topology.NatEmbedding (2.3s)
✔ [4569/9243] Built Mathlib.Topology.ExtremallyDisconnected (2.6s)
✔ [4570/9243] Built Mathlib.Topology.Compactification.OnePoint.Basic (4.4s)
✔ [4571/9243] Built Mathlib.Topology.PartialHomeomorph.Basic (2.8s)
✔ [4572/9243] Built Mathlib.Topology.Algebra.Constructions.DomMulAct (2.0s)
✔ [4573/9243] Built Mathlib.Topology.NoetherianSpace (2.5s)
✔ [4574/9243] Built Mathlib.Topology.CantorBendixson (2.7s)
✔ [4575/9243] Built Mathlib.RingTheory.MvPowerSeries.NoZeroDivisors (3.7s)
✔ [4576/9243] Built Mathlib.FieldTheory.IntermediateField.Adjoin.Defs (12s)
✔ [4577/9243] Built Mathlib.RingTheory.Adjoin.Polynomial (2.7s)
✔ [4578/9243] Built Mathlib.Algebra.Module.Bimodule (3.3s)
✔ [4579/9243] Built Mathlib.RingTheory.Adjoin.Singleton (3.1s)
✔ [4580/9243] Built Mathlib.Algebra.Polynomial.Derivation (4.3s)
✔ [4581/9243] Built Mathlib.LinearAlgebra.FreeProduct.Basic (4.8s)
✔ [4582/9243] Built Mathlib.RingTheory.Coalgebra.Convolution (7.0s)
✔ [4583/9243] Built Mathlib.Algebra.MvPolynomial.Comap (3.3s)
✔ [4584/9243] Built Mathlib.Topology.MetricSpace.Ultra.Basic (3.1s)
✔ [4585/9243] Built Mathlib.CategoryTheory.Shift.Linear (2.4s)
✔ [4586/9243] Built Mathlib.RingTheory.AlgebraicIndependent.Defs (3.8s)
✔ [4587/9243] Built Mathlib.Algebra.MvPolynomial.Degrees (5.4s)
✔ [4588/9243] Built Mathlib.Topology.Order.Compact (3.8s)
✔ [4589/9243] Built Mathlib.LinearAlgebra.TensorProduct.Graded.External (9.6s)
✔ [4590/9243] Built Mathlib.CategoryTheory.Localization.SmallShiftedHom (4.5s)
✔ [4591/9243] Built Mathlib.CategoryTheory.Adjunction.Additive (3.0s)
✔ [4592/9243] Built Mathlib.CategoryTheory.Linear.Yoneda (4.2s)
✔ [4593/9243] Built Mathlib.CategoryTheory.Triangulated.Opposite.Basic (4.9s)
✔ [4594/9243] Built Mathlib.Algebra.Category.AlgCat.FilteredColimits (3.9s)
✔ [4595/9243] Built Mathlib.Algebra.Category.ModuleCat.FilteredColimits (4.2s)
✔ [4596/9243] Built Mathlib.Algebra.Homology.ShortComplex.Linear (5.2s)
✔ [4597/9243] Built Mathlib.Combinatorics.SimpleGraph.StronglyRegular (2.6s)
✔ [4598/9243] Built Mathlib.CategoryTheory.Preadditive.FreydCategory.RightFreyd (3.2s)
✔ [4599/9243] Built Mathlib.RingTheory.Ideal.IsPrimary (2.6s)
✔ [4600/9243] Built Mathlib.RingTheory.Noetherian.OfPrime (2.6s)
✔ [4601/9243] Built Mathlib.CategoryTheory.Monoidal.Subcategory (3.7s)
✔ [4602/9243] Built Mathlib.CategoryTheory.Triangulated.Rotate (3.7s)
✔ [4603/9243] Built Mathlib.RingTheory.GradedAlgebra.Noetherian (2.2s)
✔ [4604/9243] Built Mathlib.RingTheory.Noetherian.Orzech (2.3s)
✔ [4605/9243] Built Mathlib.RingTheory.Finiteness.Cofinite (2.3s)
✔ [4606/9243] Built Mathlib.RingTheory.PrincipalIdealDomainOfPrime (1.0s)
✔ [4607/9243] Built Mathlib.RingTheory.EuclideanDomain (2.1s)
✔ [4608/9243] Built Mathlib.FieldTheory.Tower (2.2s)
✔ [4609/9243] Built Mathlib.Algebra.Category.ModuleCat.Monoidal.Basic (7.2s)
✔ [4610/9243] Built Mathlib.Data.ZMod.Coprime (1.0s)
✔ [4611/9243] Built Mathlib.RingTheory.Radical.NatInt (2.7s)
✔ [4612/9243] Built Mathlib.Algebra.Group.Subgroup.ZPowers.Lemmas (2.5s)
✔ [4613/9243] Built Mathlib.RingTheory.Int.Basic (2.3s)
✔ [4614/9243] Built Mathlib.RingTheory.SimpleRing.Principal (2.2s)
✔ [4615/9243] Built Mathlib.RingTheory.Bezout (2.4s)
✔ [4616/9243] Built Mathlib.RingTheory.Ideal.IsPrincipal (3.1s)
✔ [4617/9243] Built Mathlib.NumberTheory.FLT.Basic (3.3s)
⚠ [4618/9243] Built CanonicalRoots.DecimalCodec (2.7s)
warning: CanonicalRoots/DecimalCodec.lean:27:29: `if_pos` has been deprecated: Use `ite_eq_left` instead
✔ [4619/9243] Built Mathlib.Algebra.Category.AlgCat.Limits (6.9s)
✔ [4620/9243] Built Mathlib.Algebra.Algebra.Spectrum.Pi (2.5s)
✔ [4621/9243] Built Mathlib.Algebra.Algebra.StrictPositivity (2.5s)
✔ [4622/9243] Built Mathlib.RingTheory.Jacobson.Semiprimary (2.2s)
✔ [4623/9243] Built Mathlib.Algebra.Star.UnitaryStarAlgAut (3.1s)
✔ [4624/9243] Built Mathlib.CategoryTheory.Preadditive.Injective.Preserves (1.0s)
✔ [4625/9243] Built Mathlib.CategoryTheory.Limits.FunctorCategory.Shapes.Images (2.1s)
✔ [4626/9243] Built Mathlib.CategoryTheory.Subfunctor.Equalizer (2.3s)
✔ [4627/9243] Built Mathlib.CategoryTheory.Subfunctor.OfSection (2.2s)
✔ [4628/9243] Built Mathlib.RingTheory.TensorProduct.Maps (23s)
✔ [4629/9243] Built Mathlib.Algebra.Category.ModuleCat.Injective (2.5s)
✔ [4630/9243] Built Mathlib.NumberTheory.Zsqrtd.Basic (5.5s)
✔ [4631/9243] Built Mathlib.Algebra.Category.ModuleCat.Kernels (3.4s)
✔ [4632/9243] Built Mathlib.Analysis.Convex.SimplicialComplex.AffineIndependentUnion (2.5s)
✔ [4633/9243] Built Mathlib.Analysis.Convex.StoneSeparation (3.1s)
✔ [4634/9243] Built Mathlib.Analysis.Convex.Independent (2.2s)
✔ [4635/9243] Built Mathlib.RingTheory.SimpleModule.Isotypic (5.0s)
✔ [4636/9243] Built Mathlib.Analysis.Convex.Caratheodory (2.6s)
✔ [4637/9243] Built Mathlib.CategoryTheory.SmallObject.Iteration.Basic (4.7s)
✔ [4638/9243] Built Mathlib.CategoryTheory.Comma.Presheaf.Colimit (2.3s)
✔ [4639/9243] Built Mathlib.CategoryTheory.Preadditive.Yoneda.Projective (2.1s)
✔ [4640/9243] Built Mathlib.CategoryTheory.Preadditive.Yoneda.Injective (2.3s)
✔ [4641/9243] Built Mathlib.Algebra.Category.Grp.Kernels (2.2s)
✔ [4642/9243] Built Mathlib.Analysis.Convex.Jensen (5.9s)
✔ [4643/9243] Built Mathlib.Geometry.Convex.Cone.Pointed (5.0s)
✔ [4644/9243] Built Mathlib.RingTheory.Derivation.ToSquareZero (3.7s)
✔ [4645/9243] Built Mathlib.AlgebraicTopology.SimplexCategory.Basic (5.5s)
✔ [4646/9243] Built Mathlib.RingTheory.Ideal.Quotient.Noetherian (2.4s)
✔ [4647/9243] Built Mathlib.RingTheory.Valuation.Quotient (2.8s)
✔ [4648/9243] Built Mathlib.CategoryTheory.Subfunctor.Sieves (1.9s)
✔ [4649/9243] Built Mathlib.RingTheory.Ideal.Over (4.9s)
✔ [4650/9243] Built Mathlib.CategoryTheory.Limits.FullSubcategory (2.3s)
✔ [4651/9243] Built Mathlib.CategoryTheory.ObjectProperty.ClosureShift (1.9s)
✔ [4652/9243] Built Mathlib.RingTheory.Jacobson.Ideal (3.3s)
✔ [4653/9243] Built Mathlib.CategoryTheory.ObjectProperty.Local (2.0s)
✔ [4654/9243] Built Mathlib.RingTheory.Idempotents (5.8s)
✔ [4655/9243] Built Mathlib.CategoryTheory.Sites.EqualizerSheafCondition (4.3s)
✔ [4656/9243] Built Mathlib.CategoryTheory.ObjectProperty.ColimitsClosure (2.2s)
✔ [4657/9243] Built Mathlib.CategoryTheory.Preadditive.LiftToFinset (2.2s)
✔ [4658/9243] Built Mathlib.CategoryTheory.Limits.Presheaf (10s)
✔ [4659/9243] Built Mathlib.CategoryTheory.Idempotents.Basic (2.0s)
✔ [4660/9243] Built Mathlib.CategoryTheory.Abelian.Transfer (2.0s)
✔ [4661/9243] Built Mathlib.CategoryTheory.Abelian.FunctorCategory (2.6s)
✔ [4662/9243] Built Mathlib.CategoryTheory.Sites.Precoverage.Subsheaf (2.3s)
✔ [4663/9243] Built Mathlib.CategoryTheory.Abelian.Opposite (3.0s)
✔ [4664/9243] Built Mathlib.Algebra.Homology.ShortComplex.Abelian (5.2s)
✔ [4665/9243] Built Mathlib.CategoryTheory.Sites.Pretopology (2.9s)
✔ [4666/9243] Built Mathlib.CategoryTheory.Limits.Shapes.Reflexive (6.4s)
✔ [4667/9243] Built Mathlib.Combinatorics.SimpleGraph.Ends.Properties (2.2s)
✔ [4668/9243] Built Mathlib.Combinatorics.SimpleGraph.Hall (3.2s)
✔ [4669/9243] Built Mathlib.CategoryTheory.Limits.Shapes.Diagonal (8.3s)
✔ [4670/9243] Built Mathlib.GroupTheory.Coxeter.Inversion (4.4s)
✔ [4671/9243] Built Mathlib.RingTheory.SimpleModule.InjectiveProjective (2.7s)
✔ [4672/9243] Built Mathlib.RingTheory.Finiteness.Projective (2.4s)
✔ [4673/9243] Built Mathlib.Algebra.Category.ModuleCat.Projective (3.0s)
✔ [4674/9243] Built Mathlib.CategoryTheory.Limits.VanKampen (6.3s)
✔ [4675/9243] Built Mathlib.Algebra.Azumaya.Defs (2.2s)
✔ [4676/9243] Built Mathlib.Algebra.Category.ModuleCat.ChangeOfRings (21s)
✔ [4677/9243] Built Mathlib.CategoryTheory.Sites.Hypercover.Zero (7.4s)
✔ [4678/9243] Built Mathlib.CategoryTheory.Localization.DerivabilityStructure.Basic (2.2s)
✔ [4679/9243] Built Mathlib.RingTheory.Valuation.ValuativeRel.Trivial (2.6s)
✔ [4680/9243] Built Mathlib.Algebra.Polynomial.Mirror (2.5s)
✔ [4681/9243] Built Mathlib.CategoryTheory.GuitartExact.HorizontalComposition (3.1s)
✔ [4682/9243] Built Mathlib.Algebra.Polynomial.Monic (3.6s)
✔ [4683/9243] Built Mathlib.RingTheory.GradedAlgebra.Homogeneous.Maps (2.8s)
✔ [4684/9243] Built Mathlib.RingTheory.GradedAlgebra.Radical (3.2s)
✔ [4685/9243] Built Mathlib.Geometry.Group.WordMetric (2.3s)
✔ [4686/9243] Built Mathlib.CategoryTheory.Monoidal.Braided.PushoutObjObj (2.1s)
✔ [4687/9243] Built Mathlib.Algebra.Polynomial.Laurent (4.7s)
✔ [4688/9243] Built Mathlib.AlgebraicGeometry.ProjectiveSpectrum.Topology (3.9s)
✔ [4689/9243] Built Mathlib.CategoryTheory.LiftingProperties.ParametrizedAdjunction (3.3s)
✔ [4690/9243] Built Mathlib.RingTheory.GradedAlgebra.TensorProduct (4.6s)
✔ [4691/9243] Built Mathlib.Algebra.Polynomial.Module.TensorProduct (2.9s)
✔ [4692/9243] Built Mathlib.Topology.Category.TopCat.Yoneda (2.4s)
✔ [4693/9243] Built Mathlib.Topology.Maps.Proper.UniversallyClosed (1.8s)
✔ [4694/9243] Built Mathlib.Topology.Spectral.Hom (2.0s)
✔ [4695/9243] Built Mathlib.Topology.LocalAtTarget (2.7s)
✔ [4696/9243] Built Mathlib.Topology.IsClosedRestrict (2.1s)
✔ [4697/9243] Built Mathlib.Topology.Maps.Proper.CompactlyGenerated (2.4s)
✔ [4698/9243] Built Mathlib.Topology.Category.TopCat.Limits.Pullbacks (3.9s)
✔ [4699/9243] Built Mathlib.Topology.Algebra.Star (2.1s)
✔ [4700/9243] Built Mathlib.Topology.EMetricSpace.MulOpposite (2.4s)
✔ [4701/9243] Built Mathlib.Topology.KrullDimension (2.0s)
✔ [4702/9243] Built Mathlib.Topology.OpenPartialHomeomorph.Basic (2.6s)
✔ [4703/9243] Built Mathlib.Topology.QuasiSeparated (2.6s)
✔ [4704/9243] Built Mathlib.Topology.UniformSpace.Cauchy (4.3s)
✔ [4705/9243] Built Mathlib.Topology.MetricSpace.Ultra.TotallySeparated (2.1s)
✔ [4706/9243] Built Mathlib.RingTheory.MvPowerSeries.Inverse (3.1s)
✔ [4707/9243] Built Mathlib.LinearAlgebra.Matrix.ToLin (14s)
✔ [4708/9243] Built Mathlib.RingTheory.MvPolynomial.Symmetric.Defs (3.4s)
✔ [4709/9243] Built Mathlib.Algebra.MvPolynomial.Variables (2.8s)
✔ [4710/9243] Built Mathlib.Topology.Order.Rolle (2.3s)
✔ [4711/9243] Built Mathlib.RingTheory.MvPowerSeries.Trunc (4.4s)
✔ [4712/9243] Built Mathlib.RingTheory.MvPolynomial.Basic (3.7s)
✔ [4713/9243] Built Mathlib.Topology.Algebra.ConstMulAction (8.1s)
✔ [4714/9243] Built Mathlib.CategoryTheory.Shift.ShiftedHomOpposite (2.8s)
✔ [4715/9243] Built Mathlib.Algebra.Category.CoalgCat.Monoidal (2.9s)
✔ [4716/9243] Built Mathlib.LinearAlgebra.InvariantBasisNumber (3.6s)
✔ [4717/9243] Built Mathlib.CategoryTheory.Triangulated.Opposite.Triangle (5.4s)
✔ [4718/9243] Built Mathlib.Algebra.MvPolynomial.Equiv (7.5s)
✔ [4719/9243] Built Mathlib.RingTheory.Radical (2.1s)
✔ [4720/9243] Built Mathlib.Algebra.Category.ModuleCat.Monoidal.Symmetric (3.0s)
✔ [4721/9243] Built Mathlib.Algebra.Module.LinearMap.FiniteRange (4.0s)
✔ [4722/9243] Built Mathlib.RingTheory.Localization.Rat (2.0s)
✔ [4723/9243] Built Mathlib.CategoryTheory.Subfunctor.Finite (1.9s)
✔ [4724/9243] Built Mathlib.Data.ZMod.QuotientGroup (3.5s)
⚠ [4725/9243] Built CanonicalRoots.JsonCodecBasic (2.6s)
warning: CanonicalRoots/JsonCodecBasic.lean:29:29: This simp argument is unused:
  List.toList_toArray

Hint: Omit it from the simp argument list.
  [apply] simp only [decodeJsonList]

Note: This linter can be disabled with `set_option linter.unusedSimpArgs false`
✔ [4726/9243] Built Mathlib.CategoryTheory.Monoidal.Internal.Module (5.7s)
✔ [4727/9243] Built Mathlib.Algebra.Category.AlgCat.Monoidal (3.2s)
✔ [4728/9243] Built Mathlib.RingTheory.Valuation.ValuationRing (4.3s)
✔ [4729/9243] Built Mathlib.NumberTheory.PythagoreanTriples (5.2s)
✔ [4730/9243] Built Mathlib.CategoryTheory.Triangulated.TriangleShift (9.5s)
✔ [4731/9243] Built Mathlib.LinearAlgebra.TensorProduct.Graded.Internal (11s)
✔ [4732/9243] Built Mathlib.Algebra.Algebra.Subalgebra.Centralizer (3.4s)
✔ [4733/9243] Built Mathlib.RingTheory.TensorProduct.Pi (3.3s)
✔ [4734/9243] Built Mathlib.RingTheory.Bialgebra.Basic (3.2s)
✔ [4735/9243] Built Mathlib.LinearAlgebra.TensorProduct.Opposite (3.5s)
✔ [4736/9243] Built Mathlib.NumberTheory.Zsqrtd.GaussianInt (3.4s)
✔ [4737/9243] Built Mathlib.RingTheory.TensorProduct.Finite (4.4s)
✔ [4738/9243] Built Mathlib.Tactic.Echelon.Zsqrtd (2.8s)
✔ [4739/9243] Built Mathlib.Algebra.Category.Grp.Injective (2.9s)
✔ [4740/9243] Built Mathlib.RingTheory.Nilpotent.Exp (5.0s)
✔ [4741/9243] Built Mathlib.NumberTheory.PellMatiyasevic (4.7s)
✔ [4742/9243] Built Mathlib.LinearAlgebra.TensorProduct.RightExactness (7.9s)
✔ [4743/9243] Built Mathlib.Algebra.Category.ModuleCat.Abelian (3.1s)
✔ [4744/9243] Built Mathlib.Geometry.Convex.Cone.Simplicial (1.0s)
✔ [4745/9243] Built Mathlib.CategoryTheory.SmallObject.Iteration.FunctorOfCocone (3.4s)
✔ [4746/9243] Built Mathlib.Analysis.Convex.Cone.Extension (3.2s)
✔ [4747/9243] Built Mathlib.CategoryTheory.SmallObject.Iteration.ExtendToSucc (3.7s)
✔ [4748/9243] Built Mathlib.Geometry.Convex.Cone.Face.Basic (4.2s)
✔ [4749/9243] Built Mathlib.AlgebraicTopology.SimplexCategory.SemiSimplexCategory (2.6s)
✔ [4750/9243] Built Mathlib.AlgebraicTopology.SimplexCategory.ToMkOne (3.3s)
✔ [4751/9243] Built Mathlib.AlgebraicTopology.SimplexCategory.GeneratorsRelations.Basic (3.2s)
✔ [4752/9243] Built Mathlib.AlgebraicTopology.SimplexCategory.Truncated (3.3s)
✔ [4753/9243] Built Mathlib.AlgebraicTopology.SimplexCategory.Rev (2.6s)
✔ [4754/9243] Built Mathlib.RingTheory.Ideal.MinimalPrime.Basic (2.7s)
✔ [4755/9243] Built Mathlib.Geometry.Convex.Cone.Dual (6.2s)
✔ [4756/9243] Built Mathlib.RingTheory.Ideal.Quotient.Over (2.6s)
✔ [4757/9243] Built Mathlib.LinearAlgebra.TensorProduct.Subalgebra (16s)
✔ [4758/9243] Built Mathlib.AlgebraicTopology.SimplexCategory.DeltaZeroIter (5.6s)
✔ [4759/9243] Built Mathlib.RingTheory.Localization.Ideal (4.5s)
✔ [4760/9243] Built Mathlib.CategoryTheory.Preadditive.Injective.InjectiveObject (2.1s)
✔ [4761/9243] Built Mathlib.RingTheory.LocalRing.MaximalIdeal.Basic (2.4s)
✔ [4762/9243] Built Mathlib.RingTheory.Nakayama (3.5s)
✔ [4763/9243] Built Mathlib.CategoryTheory.Localization.Bousfield (2.8s)
✔ [4764/9243] Built Mathlib.Algebra.DirectSum.Idempotents (2.6s)
✔ [4765/9243] Built Mathlib.LinearAlgebra.Matrix.Ideal (3.5s)
✔ [4766/9243] Built Mathlib.CategoryTheory.Subobject.MonoOver (6.3s)
✔ [4767/9243] Built Mathlib.CategoryTheory.Sites.Preserves (2.3s)
✔ [4768/9243] Built Mathlib.CategoryTheory.ObjectProperty.FiniteProducts (2.6s)
✔ [4769/9243] Built Mathlib.CategoryTheory.ObjectProperty.ColimitsCardinalClosure (2.3s)
✔ [4770/9243] Built Mathlib.AlgebraicTopology.SimplicialObject.Basic (10s)
✔ [4771/9243] Built Mathlib.CategoryTheory.Monoidal.Cartesian.Basic (9.5s)
✔ [4772/9243] Built Mathlib.RingTheory.IsTensorProduct (19s)
✔ [4773/9243] Built Mathlib.CategoryTheory.Limits.Preserves.FunctorCategory (3.7s)
✔ [4774/9243] Built Mathlib.CategoryTheory.Idempotents.Karoubi (3.9s)
✔ [4775/9243] Built Mathlib.CategoryTheory.Sites.Finite (2.3s)
✔ [4776/9243] Built Mathlib.CategoryTheory.Action.Limits (4.9s)
✔ [4777/9243] Built Mathlib.CategoryTheory.Sites.SheafOfTypes (2.9s)
✔ [4778/9243] Built Mathlib.CategoryTheory.Monad.Coequalizer (2.5s)
✔ [4779/9243] Built Mathlib.CategoryTheory.Monad.Equalizer (2.3s)
✔ [4780/9243] Built Mathlib.RingTheory.Morita.Basic (2.7s)
✔ [4781/9243] Built Mathlib.CategoryTheory.Galois.Basic (4.4s)
✔ [4782/9243] Built Mathlib.Algebra.Homology.ShortComplex.Exact (6.8s)
✔ [4783/9243] Built Mathlib.Algebra.Category.AlgCat.TensorAlgebra (4.6s)
✔ [4784/9243] Built Mathlib.Algebra.Azumaya.Matrix (5.1s)
✔ [4785/9243] Built Mathlib.Algebra.Category.ModuleCat.Pseudofunctor (3.7s)
✔ [4786/9243] Built Mathlib.RingTheory.AdicCompletion.Basic (13s)
✔ [4787/9243] Built Mathlib.CategoryTheory.MorphismProperty.Limits (6.3s)
✔ [4788/9243] Built Mathlib.CategoryTheory.ObjectProperty.SiteLocal (2.2s)
✔ [4789/9243] Built Mathlib.CategoryTheory.Sites.Hypercover.ZeroFamily (2.4s)
✔ [4790/9243] Built Mathlib.CategoryTheory.Sites.JointlySurjective (2.4s)
✔ [4791/9243] Built Mathlib.CategoryTheory.Localization.DerivabilityStructure.PointwiseLeftDerived (2.5s)
✔ [4792/9243] Built Mathlib.CategoryTheory.Localization.DerivabilityStructure.PointwiseRightDerived (2.7s)
✔ [4793/9243] Built Mathlib.CategoryTheory.Localization.DerivabilityStructure.Constructor (2.9s)
✔ [4794/9243] Built Mathlib.CategoryTheory.Localization.DerivabilityStructure.OfLocalizedEquivalences (2.7s)
✔ [4795/9243] Built Mathlib.Algebra.Polynomial.UnitTrinomial (3.3s)
✔ [4796/9243] Built Mathlib.Algebra.Polynomial.Lifts (3.1s)
✔ [4797/9243] Built Mathlib.Algebra.Category.ModuleCat.Monoidal.Adjunction (8.3s)
✔ [4798/9243] Built Mathlib.Algebra.Polynomial.GroupRingAction (3.1s)
✔ [4799/9243] Built Mathlib.Analysis.Complex.IsIntegral (2.8s)
✔ [4800/9243] Built Mathlib.Algebra.Polynomial.Degree.IsMonicOfDegree (3.8s)
✔ [4801/9243] Built Mathlib.Algebra.Polynomial.Div (5.9s)
✔ [4802/9243] Built Mathlib.Topology.Connected.CardComponents (3.5s)
✔ [4803/9243] Built Mathlib.Algebra.Polynomial.BigOperators (4.5s)
✔ [4804/9243] Built Mathlib.Topology.JacobsonSpace (3.3s)
✔ [4805/9243] Built Mathlib.RingTheory.Coalgebra.MonoidAlgebra (4.3s)
✔ [4806/9243] Built Mathlib.Topology.Category.TopCat.EffectiveEpi (3.1s)
✔ [4807/9243] Built Mathlib.Topology.Algebra.Star.Real (2.5s)
✔ [4808/9243] Built Mathlib.Algebra.Category.ModuleCat.Presheaf (12s)
✔ [4809/9243] Built Mathlib.Topology.OpenPartialHomeomorph.Continuity (2.8s)
✔ [4810/9243] Built Mathlib.Topology.Gluing (5.8s)
✔ [4811/9243] Built Mathlib.Topology.UniformSpace.UniformConvergence (3.9s)
✔ [4812/9243] Built Mathlib.Topology.UniformSpace.UniformEmbedding (3.8s)
✔ [4813/9243] Built Mathlib.RingTheory.TensorProduct.Free (3.6s)
✔ [4814/9243] Built Mathlib.LinearAlgebra.Matrix.Dual (3.2s)
✔ [4815/9243] Built Mathlib.CategoryTheory.Extensive (7.6s)
✔ [4816/9243] Built Mathlib.RingTheory.Nilpotent.Lemmas (3.4s)
✔ [4817/9243] Built Mathlib.Topology.Sets.Compacts (5.9s)
✔ [4818/9243] Built Mathlib.Algebra.MvPolynomial.Supported (2.7s)
✔ [4819/9243] Built Mathlib.Algebra.MvPolynomial.CommRing (3.2s)
✔ [4820/9243] Built Mathlib.Algebra.MvPolynomial.Monad (4.2s)
✔ [4821/9243] Built Mathlib.Analysis.Convex.Cone.Closure (2.8s)
✔ [4822/9243] Built Mathlib.RingTheory.MvPolynomial.Symmetric.FundamentalTheorem (4.8s)
✔ [4823/9243] Built Mathlib.ModelTheory.Arithmetic.Presburger.Semilinear.Basic (7.5s)
✔ [4824/9243] Built Mathlib.Topology.Covering.Deck (2.3s)
✔ [4825/9243] Built Mathlib.RingTheory.MvPolynomial.WeightedHomogeneous (5.1s)
✔ [4826/9243] Built Mathlib.Topology.Algebra.MulAction (4.7s)
✔ [4827/9243] Built Mathlib.Topology.Algebra.Algebra.Rat (1.0s)
✔ [4828/9243] Built Mathlib.Topology.Algebra.ProperConstSMul (2.2s)
✔ [4829/9243] Built Mathlib.LinearAlgebra.Complex.Module (10s)
✔ [4830/9243] Built Mathlib.Dynamics.Minimal (2.4s)
✔ [4831/9243] Built Mathlib.LinearAlgebra.Matrix.InvariantBasisNumber (2.7s)
✔ [4832/9243] Built Mathlib.Topology.Algebra.Group.DiscontinuousSubgroup (4.7s)
✔ [4833/9243] Built Mathlib.RingTheory.MvPolynomial.Symmetric.NewtonIdentities (9.0s)
✔ [4834/9243] Built Mathlib.Algebra.MvPolynomial.Polynomial (2.1s)
✔ [4835/9243] Built Mathlib.Algebra.Category.ModuleCat.Monoidal.Closed (2.0s)
✔ [4836/9243] Built Mathlib.RingTheory.FreeCommRing (3.4s)
✔ [4837/9243] Built Mathlib.GroupTheory.Order.Min (2.6s)
✔ [4838/9243] Built Mathlib.LinearAlgebra.Dimension.StrongRankCondition (4.1s)
✔ [4839/9243] Built CanonicalRoots.EquationJsonFields (3.7s)
✔ [4840/9243] Built Mathlib.Algebra.Category.AlgCat.Symmetric (2.9s)
✔ [4841/9243] Built Mathlib.GroupTheory.SpecificGroups.Cyclic.Basic (4.3s)
✔ [4842/9243] Built Mathlib.RingTheory.PowerSeries.Basic (6.1s)
✔ [4843/9243] Built Mathlib.NumberTheory.FLT.Four (3.9s)
✔ [4844/9243] Built Mathlib.RingTheory.Bialgebra.Primitive (2.9s)
✔ [4845/9243] Built Mathlib.RingTheory.HopfAlgebra.Basic (3.2s)
✔ [4846/9243] Built Mathlib.RingTheory.Bialgebra.SymmetricAlgebra (4.6s)
✔ [4847/9243] Built Mathlib.Algebra.Algebra.Epi (3.5s)
✔ [4848/9243] Built Mathlib.CategoryTheory.Triangulated.Pretriangulated (5.5s)
✔ [4849/9243] Built Mathlib.Algebra.Category.CoalgCat.ComonEquivalence (8.5s)
✔ [4850/9243] Built Mathlib.RingTheory.Bialgebra.Hom (5.8s)
✔ [4851/9243] Built Mathlib.RingTheory.Ideal.Quotient.Index (2.9s)
✔ [4852/9243] Built Mathlib.RingTheory.Ideal.Quotient.ChineseRemainder (3.2s)
✔ [4853/9243] Built Mathlib.RingTheory.Coalgebra.Quotient (2.9s)
✔ [4854/9243] Built Mathlib.CategoryTheory.Preadditive.Yoneda.Limits (2.2s)
✔ [4855/9243] Built Mathlib.Algebra.Category.Grp.Abelian (2.4s)
✔ [4856/9243] Built Mathlib.RingTheory.QuotSMulTop (5.2s)
✔ [4857/9243] Built Mathlib.NumberTheory.Dioph (5.7s)
✔ [4858/9243] Built Mathlib.LinearAlgebra.TensorProduct.Vanishing (4.1s)
✔ [4859/9243] Built Mathlib.Algebra.Category.ModuleCat.Images (2.9s)
✔ [4860/9243] Built Mathlib.CategoryTheory.SmallObject.Iteration.Nonempty (2.7s)
✔ [4861/9243] Built Mathlib.RingTheory.Ideal.MinimalPrime.Noetherian (2.2s)
✔ [4862/9243] Built Mathlib.AlgebraicTopology.SimplexCategory.MorphismProperty (2.4s)
✔ [4863/9243] Built Mathlib.AlgebraicTopology.SimplexCategory.GeneratorsRelations.EpiMono (2.7s)
✔ [4864/9243] Built Mathlib.Geometry.Convex.Cone.DualFinite (2.7s)
✔ [4865/9243] Built Mathlib.RingTheory.LocalRing.ResidueField.Defs (2.1s)
✔ [4866/9243] Built Mathlib.Geometry.Convex.Cone.Face.Lattice (3.8s)
✔ [4867/9243] Built Mathlib.RingTheory.LocalRing.NonLocalRing (2.2s)
✔ [4868/9243] Built Mathlib.RingTheory.DualNumber (3.3s)
✔ [4869/9243] Built Mathlib.RingTheory.LocalRing.RingHom.Basic (2.5s)
✔ [4870/9243] Built Mathlib.RingTheory.SimpleRing.Matrix (1.9s)
✔ [4871/9243] Built Mathlib.CategoryTheory.Abelian.Preradical.Basic (1.8s)
✔ [4872/9243] Built Mathlib.RingTheory.TensorProduct.Quotient (10s)
✔ [4873/9243] Built Mathlib.CategoryTheory.ObjectProperty.FiniteLimits (1.8s)
✔ [4874/9243] Built Mathlib.CategoryTheory.Subterminal (2.3s)
✔ [4875/9243] Built Mathlib.CategoryTheory.Filtration.Basic (3.2s)
✔ [4876/9243] Built Mathlib.AlgebraicTopology.SimplicialObject.Op (2.3s)
✔ [4877/9243] Built Mathlib.AlgebraicTopology.SimplicialObject.II (2.4s)
✔ [4878/9243] Built Mathlib.AlgebraicTopology.SimplicialObject.DeltaZeroIter (2.9s)
✔ [4879/9243] Built Mathlib.AlgebraicTopology.SimplicialObject.Coskeletal (2.1s)
✔ [4880/9243] Built Mathlib.AlgebraicTopology.SimplexCategory.Augmented.Basic (3.4s)
✔ [4881/9243] Built Mathlib.CategoryTheory.Limits.FormalCoproducts.Cech (3.3s)
✔ [4882/9243] Built Mathlib.CategoryTheory.Subobject.Basic (4.6s)
✔ [4883/9243] Built Mathlib.AlgebraicTopology.SimplicialSet.Basic (3.3s)
✔ [4884/9243] Built Mathlib.AlgebraicTopology.SimplicialObject.Homotopy (3.1s)
✔ [4885/9243] Built Mathlib.AlgebraicTopology.SimplicialObject.Split (3.5s)
✔ [4886/9243] Built Mathlib.CategoryTheory.Monoidal.Cartesian.InfSemilattice (1.8s)
✔ [4887/9243] Built Mathlib.CategoryTheory.Monoidal.Closed.Cartesian (2.1s)
✔ [4888/9243] Built Mathlib.CategoryTheory.Monoidal.Closed.Functor (2.6s)
✔ [4889/9243] Built Mathlib.CategoryTheory.Monoidal.Cartesian.Comon_ (2.5s)
✔ [4890/9243] Built Mathlib.CategoryTheory.Monoidal.Types.Basic (2.1s)
✔ [4891/9243] Built Mathlib.CategoryTheory.Monoidal.Cartesian.Cat (2.4s)
✔ [4892/9243] Built Mathlib.RingTheory.TensorProduct.IsBaseChangeRightExact (2.8s)
✔ [4893/9243] Built Mathlib.RingTheory.PolynomialAlgebra (3.4s)
✔ [4894/9243] Built Mathlib.CategoryTheory.Idempotents.Biproducts (2.3s)
✔ [4895/9243] Built Mathlib.CategoryTheory.Limits.FilteredColimitCommutesFiniteLimit (3.5s)
✔ [4896/9243] Built Mathlib.CategoryTheory.Idempotents.KaroubiKaroubi (2.2s)
✔ [4897/9243] Built Mathlib.CategoryTheory.Distributive.Monoidal (2.9s)
✔ [4898/9243] Built Mathlib.AlgebraicTopology.CechNerve (8.2s)
✔ [4899/9243] Built Mathlib.CategoryTheory.Monoidal.Cartesian.Mon (7.9s)
✔ [4900/9243] Built Mathlib.RingTheory.TensorProduct.MonoidAlgebra (5.7s)
✔ [4901/9243] Built Mathlib.CategoryTheory.Idempotents.FunctorExtension (3.5s)
✔ [4902/9243] Built Mathlib.CategoryTheory.Sites.PrecoverageToGrothendieck (2.3s)
✔ [4903/9243] Built Mathlib.CategoryTheory.Idempotents.FunctorCategories (2.9s)
✔ [4904/9243] Built Mathlib.CategoryTheory.Adjunction.Lifting.Left (2.8s)
✔ [4905/9243] Built Mathlib.CategoryTheory.Monad.Monadicity (3.1s)
✔ [4906/9243] Built Mathlib.CategoryTheory.Sites.EffectiveEpimorphic (2.7s)
✔ [4907/9243] Built Mathlib.CategoryTheory.Sites.Closed (2.4s)
✔ [4908/9243] Built Mathlib.CategoryTheory.Adjunction.Lifting.Right (2.9s)
✔ [4909/9243] Built Mathlib.CategoryTheory.Galois.GaloisObjects (2.6s)
✔ [4910/9243] Built Mathlib.RingTheory.Localization.BaseChange (10s)
✔ [4911/9243] Built Mathlib.CategoryTheory.Monad.Comonadicity (3.5s)
✔ [4912/9243] Built Mathlib.CategoryTheory.Sites.Sheaf (5.4s)
✔ [4913/9243] Built Mathlib.CategoryTheory.Abelian.Refinements (2.7s)
✔ [4914/9243] Built Mathlib.CategoryTheory.Galois.Examples (3.6s)
✔ [4915/9243] Built Mathlib.Algebra.Homology.ShortComplex.ShortExact (2.7s)
✔ [4916/9243] Built Mathlib.CategoryTheory.Types.Monomorphisms (2.3s)
✔ [4917/9243] Built Mathlib.Algebra.Homology.ExactSequence (4.2s)
✔ [4918/9243] Built Mathlib.CategoryTheory.MorphismProperty.Local (2.9s)
✔ [4919/9243] Built Mathlib.CategoryTheory.Localization.FiniteProducts (2.3s)
✔ [4920/9243] Built Mathlib.AlgebraicTopology.ModelCategory.JoyalTrick (2.6s)
✔ [4921/9243] Built Mathlib.CategoryTheory.EquivalenceRelation (3.6s)
✔ [4922/9243] Built Mathlib.CategoryTheory.MorphismProperty.LocalEpi (2.1s)
✔ [4923/9243] Built Mathlib.CategoryTheory.Types.Epimorphisms (1.9s)
✔ [4924/9243] Built Mathlib.CategoryTheory.Abelian.Monomorphisms (2.2s)
✔ [4925/9243] Built Mathlib.CategoryTheory.Limits.Shapes.Pullback.Square (2.1s)
✔ [4926/9243] Built Mathlib.AlgebraicTopology.RelativeCellComplex.AttachCells (3.2s)
✔ [4927/9243] Built Mathlib.CategoryTheory.MorphismProperty.Descent (3.4s)
✔ [4928/9243] Built Mathlib.CategoryTheory.MorphismProperty.LiftingProperty (2.6s)
✔ [4929/9243] Built Mathlib.CategoryTheory.Localization.DerivabilityStructure.Derives (2.5s)
✔ [4930/9243] Built Mathlib.CategoryTheory.Localization.DerivabilityStructure.OfFunctorialResolutions (2.3s)
✔ [4931/9243] Built Mathlib.CategoryTheory.MorphismProperty.Representable (7.7s)
✔ [4932/9243] Built Mathlib.Algebra.Polynomial.RingDivision (4.1s)
✔ [4933/9243] Built Mathlib.CategoryTheory.LocallyCartesianClosed.ChosenPullbacksAlong (23s)
✔ [4934/9243] Built Mathlib.Algebra.Polynomial.CoeffMem (4.1s)
✔ [4935/9243] Built Mathlib.Algebra.Polynomial.PartialFractions (4.1s)
✔ [4936/9243] Built Mathlib.RingTheory.Morita.Matrix (14s)
✔ [4937/9243] Built Mathlib.CategoryTheory.MorphismProperty.OverAdjunction (11s)
✔ [4938/9243] Built Mathlib.Algebra.Polynomial.SumIteratedDerivative (4.2s)
✔ [4939/9243] Built Mathlib.Algebra.Polynomial.HasseDeriv (3.5s)
✔ [4940/9243] Built Mathlib.Topology.UniformSpace.CompleteSeparated (2.4s)
✔ [4941/9243] Built Mathlib.RingTheory.Polynomial.Basic (6.9s)
✔ [4942/9243] Built Mathlib.Topology.OpenPartialHomeomorph.IsImage (3.5s)
✔ [4943/9243] Built Mathlib.Topology.UniformSpace.LocallyUniformConvergence (3.4s)
✔ [4944/9243] Built Mathlib.Algebra.Category.ModuleCat.Presheaf.ChangeOfRings (4.9s)
✔ [4945/9243] Built Mathlib.Topology.UniformSpace.Pi (2.5s)
✔ [4946/9243] Built Mathlib.CategoryTheory.EffectiveEpi.Extensive (2.5s)
✔ [4947/9243] Built Mathlib.Algebra.Category.ModuleCat.Presheaf.Limits (6.2s)
✔ [4948/9243] Built Mathlib.Algebra.Category.ModuleCat.Presheaf.Colimits (6.5s)
✔ [4949/9243] Built Mathlib.RingTheory.Noetherian.Nilpotent (2.7s)
✔ [4950/9243] Built Mathlib.Topology.Category.CompHausLike.Limits (4.2s)
✔ [4951/9243] Built Mathlib.RingTheory.Ideal.Quotient.Nilpotent (3.2s)
✔ [4952/9243] Built Mathlib.RingTheory.Polynomial.Nilpotent (3.9s)
✔ [4953/9243] Built Mathlib.CategoryTheory.Bicategory.Span.Basic (16s)
✔ [4954/9243] Built Mathlib.CategoryTheory.Adhesive.Basic (4.7s)
✔ [4955/9243] Built Mathlib.RingTheory.Spectrum.Prime.Basic (4.2s)
✔ [4956/9243] Built Mathlib.RingTheory.ZMod (2.5s)
✔ [4957/9243] Built Mathlib.RingTheory.Finiteness.Nilpotent (3.1s)
✔ [4958/9243] Built Mathlib.Topology.Baire.LocallyCompactRegular (1.9s)
✔ [4959/9243] Built Mathlib.Topology.Spectral.Prespectral (2.0s)
✔ [4960/9243] Built Mathlib.Topology.Algebra.Order.Module (2.2s)
✔ [4961/9243] Built Mathlib.ModelTheory.Arithmetic.Presburger.Definability (3.2s)
✔ [4962/9243] Built Mathlib.Algebra.MvPolynomial.Derivation (3.9s)
✔ [4963/9243] Built Mathlib.Dynamics.Transitive (3.1s)
✔ [4964/9243] Built Mathlib.RingTheory.AlgebraicIndependent.Basic (5.1s)
✔ [4965/9243] Built Mathlib.Algebra.Category.Ring.Adjunctions (6.3s)
✔ [4966/9243] Built Mathlib.ModelTheory.Algebra.Ring.FreeCommRing (2.0s)
✔ [4967/9243] Built Mathlib.CategoryTheory.Preadditive.HomOrthogonal (4.3s)
✔ [4968/9243] Built Mathlib.SetTheory.Cardinal.Free (3.6s)
✔ [4969/9243] Built Mathlib.RingTheory.MvPolynomial.FreeCommRing (2.0s)
✔ [4970/9243] Built Mathlib.CategoryTheory.Action.Continuous (7.8s)
✔ [4971/9243] Built Mathlib.Combinatorics.Additive.CauchyDavenport (3.6s)
✔ [4972/9243] Built Mathlib.Topology.Sets.VietorisTopology (10s)
✔ [4973/9243] Built Mathlib.GroupTheory.FreeGroup.GeneratorEquiv (3.0s)
✔ [4974/9243] Built Mathlib.Algebra.Colimit.Ring (7.3s)
✔ [4975/9243] Built Mathlib.Algebra.LinearRecurrence (3.8s)
✔ [4976/9243] Built Mathlib.Topology.Algebra.Monoid (9.9s)
✔ [4977/9243] Built Mathlib.Algebra.Module.SpanRank (4.1s)
✔ [4978/9243] Built CanonicalRoots.EquationJsonCodec (3.5s)
✔ [4979/9243] Built Mathlib.RingTheory.PowerSeries.Schroder (2.6s)
✔ [4980/9243] Built Mathlib.RingTheory.PowerSeries.CoeffMulMem (2.9s)
✔ [4981/9243] Built Mathlib.LinearAlgebra.Dimension.Free (4.0s)
✔ [4982/9243] Built Mathlib.RingTheory.PowerSeries.Trunc (4.1s)
✔ [4983/9243] Built Mathlib.RingTheory.HahnSeries.PowerSeries (4.1s)
✔ [4984/9243] Built Mathlib.Algebra.QuadraticAlgebra.Defs (7.3s)
✔ [4985/9243] Built Mathlib.LinearAlgebra.FreeModule.PID (7.0s)
✔ [4986/9243] Built Mathlib.RingTheory.HahnSeries.HEval (5.9s)
✔ [4987/9243] Built Mathlib.RingTheory.PowerSeries.Catalan (2.7s)
✔ [4988/9243] Built Mathlib.Data.Finite.Perm (2.3s)
✔ [4989/9243] Built Mathlib.RingTheory.PowerSeries.WellKnown (3.4s)
✔ [4990/9243] Built Mathlib.RingTheory.HopfAlgebra.Primitive (2.4s)
✔ [4991/9243] Built Mathlib.RingTheory.PowerSeries.Order (4.6s)
✔ [4992/9243] Built Mathlib.Algebra.Category.Ring.Epi (3.0s)
✔ [4993/9243] Built Mathlib.CategoryTheory.Triangulated.WeakKernels (2.6s)
✔ [4994/9243] Built Mathlib.RingTheory.DividedPowers.Basic (5.0s)
✔ [4995/9243] Built Mathlib.CategoryTheory.Triangulated.TStructure.Basic (3.7s)
✔ [4996/9243] Built Mathlib.Algebra.Category.Grp.Images (2.8s)
✔ [4997/9243] Built Mathlib.RingTheory.Bialgebra.Quotient (3.4s)
✔ [4998/9243] Built Mathlib.Algebra.CharP.LocalRing (2.3s)
✔ [4999/9243] Built Mathlib.GroupTheory.SpecificGroups.Cyclic (8.2s)
✔ [5000/9243] Built Mathlib.RingTheory.Ideal.MinimalPrime.Colon (4.1s)
✔ [5001/9243] Built Mathlib.Algebra.Category.Ring.Instances (2.6s)
✔ [5002/9243] Built Mathlib.CategoryTheory.Triangulated.Triangulated (6.9s)
✔ [5003/9243] Built Mathlib.AlgebraicTopology.SimplexCategory.GeneratorsRelations.NormalForms (4.0s)
✔ [5004/9243] Built Mathlib.RingTheory.LocalRing.ResidueField.Basic (4.6s)
✔ [5005/9243] Built Mathlib.RingTheory.Bialgebra.Equiv (7.3s)
✔ [5006/9243] Built Mathlib.RingTheory.LocalRing.Pullback (3.9s)
✔ [5007/9243] Built Mathlib.CategoryTheory.Subobject.Presheaf (2.0s)
✔ [5008/9243] Built Mathlib.CategoryTheory.Subfunctor.Subobject (2.7s)
✔ [5009/9243] Built Mathlib.CategoryTheory.Subobject.HasCardinalLT (1.0s)
✔ [5010/9243] Built Mathlib.CategoryTheory.Subobject.WellPowered (1.7s)
✔ [5011/9243] Built Mathlib.Algebra.Quaternion (19s)
✔ [5012/9243] Built Mathlib.CategoryTheory.Subobject.FactorThru (2.2s)
✔ [5013/9243] Built Mathlib.AlgebraicTopology.SimplicialSet.Op (2.1s)
✔ [5014/9243] Built Mathlib.CategoryTheory.Dialectica.Basic (2.0s)
✔ [5015/9243] Built Mathlib.AlgebraicTopology.SimplicialSet.RegularEpi (1.8s)
✔ [5016/9243] Built Mathlib.AlgebraicTopology.SimplicialSet.CompStructTruncated (2.8s)
✔ [5017/9243] Built Mathlib.CategoryTheory.Monoidal.Closed.Ideal (2.8s)
✔ [5018/9243] Built Mathlib.CategoryTheory.Monoidal.Closed.Zero (2.1s)
✔ [5019/9243] Built Mathlib.CategoryTheory.CopyDiscardCategory.Cartesian (2.1s)
✔ [5020/9243] Built Mathlib.AlgebraicTopology.SimplicialSet.Subcomplex (3.8s)
✔ [5021/9243] Built Mathlib.CategoryTheory.Monoidal.Cartesian.FunctorCategory (2.0s)
✔ [5022/9243] Built Mathlib.Algebra.Category.Grp.CartesianMonoidal (2.4s)
✔ [5023/9243] Built Mathlib.CategoryTheory.Monoidal.Types.Coyoneda (2.1s)
✔ [5024/9243] Built Mathlib.CategoryTheory.Monoidal.Internal.Types.Basic (2.7s)
✔ [5025/9243] Built Mathlib.CategoryTheory.Monoidal.Functor.Types (2.7s)
✔ [5026/9243] Built Mathlib.CategoryTheory.Filtered.CostructuredArrow (1.8s)
✔ [5027/9243] Built Mathlib.CategoryTheory.Category.Cat.CartesianClosed (2.4s)
✔ [5028/9243] Built Mathlib.Algebra.Category.ModuleCat.Adjunctions (5.4s)
✔ [5029/9243] Built Mathlib.CategoryTheory.Action.Monoidal (6.2s)
✔ [5030/9243] Built Mathlib.CategoryTheory.Monoidal.Cartesian.Mon_ (1.7s)
✔ [5031/9243] Built Mathlib.CategoryTheory.Limits.Preserves.Presheaf (2.5s)
✔ [5032/9243] Built Mathlib.CategoryTheory.Distributive.Cartesian (1.0s)
✔ [5033/9243] Built Mathlib.CategoryTheory.Monoidal.Cartesian.CommMon_ (1.8s)
✔ [5034/9243] Built Mathlib.CategoryTheory.Monoidal.PushoutProduct (7.8s)
✔ [5035/9243] Built Mathlib.AlgebraicTopology.SimplexCategory.Augmented.Monoidal (12s)
✔ [5036/9243] Built Mathlib.CategoryTheory.Monoidal.Cartesian.Mod (2.0s)
✔ [5037/9243] Built Mathlib.CategoryTheory.Idempotents.SimplicialObject (1.9s)
✔ [5038/9243] Built Mathlib.CategoryTheory.Functor.Flat (4.9s)
✔ [5039/9243] Built Mathlib.CategoryTheory.Monoidal.Closed.FunctorCategory.Complete (1.0s)
✔ [5040/9243] Built Mathlib.CategoryTheory.Galois.Decomposition (2.9s)
✔ [5041/9243] Built Mathlib.RingTheory.TensorProduct.IsBaseChangePi (2.8s)
✔ [5042/9243] Built Mathlib.RingTheory.TensorProduct.MvPolynomial (3.7s)
✔ [5043/9243] Built Mathlib.CategoryTheory.Sites.Coverage (3.2s)
✔ [5044/9243] Built Mathlib.RingTheory.Localization.Algebra (4.5s)
✔ [5045/9243] Built Mathlib.CategoryTheory.Sites.CoversTop.Basic (2.7s)
✔ [5046/9243] Built Mathlib.CategoryTheory.Sites.Sheafification (3.6s)
✔ [5047/9243] Built Mathlib.CategoryTheory.Abelian.CommSq (2.7s)
✔ [5048/9243] Built Mathlib.CategoryTheory.Sites.Whiskering (3.9s)
✔ [5049/9243] Built Mathlib.CategoryTheory.Abelian.Preradical.Colon (3.1s)
✔ [5050/9243] Built Mathlib.CategoryTheory.ObjectProperty.EpiMono (2.1s)
✔ [5051/9243] Built Mathlib.CategoryTheory.ObjectProperty.Extensions (1.0s)
✔ [5052/9243] Built Mathlib.Algebra.Homology.ShortComplex.Ab (2.0s)
✔ [5053/9243] Built Mathlib.CategoryTheory.Sites.Plus (5.1s)
✔ [5054/9243] Built Mathlib.Algebra.Homology.Square (2.1s)
✔ [5055/9243] Built Mathlib.CategoryTheory.Limits.Preserves.Shapes.Square (2.5s)
✔ [5056/9243] Built Mathlib.Algebra.Homology.ExactSequenceFour (4.2s)
✔ [5057/9243] Built Mathlib.Algebra.Homology.SpectralObject.Basic (4.7s)
✔ [5058/9243] Built Mathlib.CategoryTheory.Preadditive.Injective.LiftingProperties (2.1s)
✔ [5059/9243] Built Mathlib.CategoryTheory.Abelian.DiagramLemmas.Four (4.6s)
✔ [5060/9243] Built Mathlib.CategoryTheory.Preadditive.Projective.LiftingProperties (1.0s)
✔ [5061/9243] Built Mathlib.CategoryTheory.MorphismProperty.RetractArgument (2.1s)
✔ [5062/9243] Built Mathlib.CategoryTheory.SmallObject.Construction (5.1s)
✔ [5063/9243] Built Mathlib.RingTheory.Polynomial.Ideal (2.9s)
✔ [5064/9243] Built Mathlib.CategoryTheory.LocallyCartesianClosed.ExponentiableMorphism (2.4s)
✔ [5065/9243] Built Mathlib.Algebra.Homology.ShortComplex.SnakeLemma (7.2s)
✔ [5066/9243] Built Mathlib.Algebra.Polynomial.Taylor (3.2s)
✔ [5067/9243] Built Mathlib.Algebra.Polynomial.Expand (3.2s)
✔ [5068/9243] Built Mathlib.Algebra.Polynomial.Sequence (3.3s)
✔ [5069/9243] Built Mathlib.RingTheory.Adjoin.FG (2.9s)
✔ [5070/9243] Built Mathlib.CategoryTheory.Monoidal.Grp (17s)
✔ [5071/9243] Built Mathlib.Algebra.Polynomial.Roots (6.6s)
✔ [5072/9243] Built Mathlib.Topology.OpenPartialHomeomorph.Composition (2.6s)
✔ [5073/9243] Built Mathlib.Tactic.ReduceModChar (3.8s)
✔ [5074/9243] Built Mathlib.CategoryTheory.LocallyCartesianClosed.Over (7.1s)
✔ [5075/9243] Built Mathlib.Data.Nat.Choose.Lucas (3.6s)
✔ [5076/9243] Built Mathlib.Topology.UniformSpace.UniformApproximation (2.7s)
✔ [5077/9243] Built Mathlib.Topology.UniformSpace.Ultra.Constructions (2.2s)
✔ [5078/9243] Built Mathlib.Topology.Metrizable.Basic (2.6s)
✔ [5079/9243] Built Mathlib.Topology.UniformSpace.Equiv (3.6s)
✔ [5080/9243] Built Mathlib.CategoryTheory.Sites.Hypercover.One (18s)
✔ [5081/9243] Built Mathlib.Topology.EMetricSpace.Basic (4.7s)
✔ [5082/9243] Built Mathlib.Algebra.Category.ModuleCat.Presheaf.EpiMono (3.0s)
✔ [5083/9243] Built Mathlib.Algebra.Category.ModuleCat.Presheaf.Abelian (3.2s)
✔ [5084/9243] Built Mathlib.Topology.Category.CompHausLike.Cartesian (2.4s)
✔ [5085/9243] Built Mathlib.Topology.Category.CompHausLike.SigmaComparison (2.0s)
✔ [5086/9243] Built Mathlib.RingTheory.Finiteness.NilpotentKer (4.0s)
✔ [5087/9243] Built Mathlib.RingTheory.Polynomial.IrreducibleRing (2.6s)
✔ [5088/9243] Built Mathlib.CategoryTheory.Adhesive.Subobject (2.5s)
✔ [5089/9243] Built Mathlib.Dynamics.Newton (2.0s)
✔ [5090/9243] Built Mathlib.RingTheory.KrullDimension.Basic (2.8s)
✔ [5091/9243] Built Mathlib.ModelTheory.Topology.Types (2.6s)
✔ [5092/9243] Built Mathlib.Data.ZMod.QuotientRing (3.1s)
✔ [5093/9243] Built Mathlib.Topology.Spectral.Basic (2.3s)
✔ [5094/9243] Built Mathlib.Topology.Constructible (3.9s)
✔ [5095/9243] Built Mathlib.Algebra.Category.ModuleCat.Presheaf.Pushforward (8.8s)
✔ [5096/9243] Built Mathlib.Topology.LocallyFinsupp.Pushforward (3.1s)
✔ [5097/9243] Built Mathlib.RingTheory.Artinian.Module (6.7s)
✔ [5098/9243] Built Mathlib.ModelTheory.Algebra.Field.CharP (3.3s)
✔ [5099/9243] Built Mathlib.Algebra.FreeAlgebra.Cardinality (3.3s)
✔ [5100/9243] Built Mathlib.Algebra.MvPolynomial.PDeriv (4.7s)
✔ [5101/9243] Built Mathlib.Analysis.Convex.FunctionTopology (3.0s)
✔ [5102/9243] Built Mathlib.Topology.Algebra.Star.Unitary (3.2s)
✔ [5103/9243] Built Mathlib.Topology.Algebra.Group.Units (3.4s)
✔ [5104/9243] Built Mathlib.Topology.ApproximateUnit (2.3s)
✔ [5105/9243] Built Mathlib.Topology.Algebra.Monoid.FunOnFinite (2.3s)
✔ [5106/9243] Built Mathlib.Topology.Sets.CompactOpenCovered (7.8s)
✔ [5107/9243] Built Mathlib.Topology.Algebra.GroupWithZero (3.8s)
✔ [5108/9243] Built Mathlib.Topology.Algebra.Group.ZPow (2.5s)
✔ [5109/9243] Built Mathlib.Topology.Algebra.Group.ContinuousInv (3.2s)
✔ [5110/9243] Built CanonicalRoots.Classifier (3.3s)
✔ [5111/9243] Built Mathlib.LinearAlgebra.FiniteDimensional.Defs (3.6s)
✔ [5112/9243] Built Mathlib.Algebra.AffineMonoid.Embedding (3.2s)
✔ [5113/9243] Built Mathlib.GroupTheory.IndexNormal (2.0s)
✔ [5114/9243] Built Mathlib.RingTheory.PowerSeries.Binomial (3.8s)
✔ [5115/9243] Built Mathlib.LinearAlgebra.Dimension.Constructions (7.2s)
✔ [5116/9243] Built Mathlib.RingTheory.PowerSeries.NoZeroDivisors (3.6s)
✔ [5117/9243] Built Mathlib.Topology.UniformSpace.Closeds (12s)
✔ [5118/9243] Built Mathlib.LinearAlgebra.FreeModule.Int (7.2s)
✔ [5119/9243] Built Mathlib.GroupTheory.Perm.Fin (6.0s)
✔ [5120/9243] Built Mathlib.RingTheory.DividedPowers.RatAlgebra (4.3s)
✔ [5121/9243] Built Mathlib.RingTheory.Localization.AtPrime.Basic (19s)
✔ [5122/9243] Built Mathlib.Algebra.QuadraticAlgebra.Basic (9.9s)
✔ [5123/9243] Built Mathlib.CategoryTheory.Triangulated.TStructure.Heart (3.2s)
✔ [5124/9243] Built Mathlib.Algebra.CharP.MixedCharZero (3.2s)
✔ [5125/9243] Built Mathlib.RingTheory.DividedPowers.DPMorphism (4.2s)
✔ [5126/9243] Built Mathlib.GroupTheory.PGroup (4.0s)
✔ [5127/9243] Built Mathlib.Algebra.Order.Group.Cyclic (2.9s)
✔ [5128/9243] Built Mathlib.RingTheory.DividedPowerAlgebra.Init (7.5s)
✔ [5129/9243] Built Mathlib.GroupTheory.SpecificGroups.KleinFour (3.4s)
✔ [5130/9243] Built Mathlib.RingTheory.Ideal.AssociatedPrime.Basic (3.0s)
✔ [5131/9243] Built Mathlib.CategoryTheory.Subobject.Types (2.3s)
✔ [5132/9243] Built Mathlib.Algebra.Category.BialgCat.Basic (4.6s)
✔ [5133/9243] Built Mathlib.CategoryTheory.Subobject.Comma (2.9s)
✔ [5134/9243] Built Mathlib.CategoryTheory.Triangulated.TStructure.AbelianSubcategory (5.7s)
✔ [5135/9243] Built Mathlib.CategoryTheory.Subobject.Classifier.Defs (4.1s)
✔ [5136/9243] Built Mathlib.GroupTheory.ArchimedeanDensely (8.3s)
✔ [5137/9243] Built Mathlib.Algebra.DualQuaternion (4.2s)
✔ [5138/9243] Built Mathlib.AlgebraicTopology.Quasicategory.TwoTruncated (3.0s)
✔ [5139/9243] Built Mathlib.Algebra.Category.Ring.Constructions (9.0s)
✔ [5140/9243] Built Mathlib.AlgebraicTopology.SimplicialSet.SubcomplexOp (2.1s)
✔ [5141/9243] Built Mathlib.AlgebraicTopology.SimplicialSet.Degenerate (3.2s)
✔ [5142/9243] Built Mathlib.Algebra.QuaternionBasis (4.9s)
✔ [5143/9243] Built Mathlib.AlgebraicTopology.SimplicialSet.Simplices (2.4s)
✔ [5144/9243] Built Mathlib.AlgebraicTopology.SimplicialSet.CompStruct (4.8s)
✔ [5145/9243] Built Mathlib.AlgebraicTopology.SimplicialSet.SSetPair (2.1s)
✔ [5146/9243] Built Mathlib.CategoryTheory.Subobject.Lattice (5.9s)
✔ [5147/9243] Built Mathlib.AlgebraicTopology.SimplicialSet.SubcomplexEvaluation (2.4s)
✔ [5148/9243] Built Mathlib.AlgebraicTopology.SimplicialSet.SubcomplexColimits (2.5s)
✔ [5149/9243] Built Mathlib.CategoryTheory.Monoidal.Closed.Types (2.4s)
✔ [5150/9243] Built Mathlib.RingTheory.Bialgebra.TensorProduct (10s)
✔ [5151/9243] Built Mathlib.CategoryTheory.Adhesive.PushoutProduct (1.0s)
✔ [5152/9243] Built Mathlib.CategoryTheory.LiftingProperties.PushoutProduct (2.0s)
✔ [5153/9243] Built Mathlib.CategoryTheory.Monoidal.Cartesian.Mod_ (1.9s)
✔ [5154/9243] Built Mathlib.CategoryTheory.Filtered.Flat (1.9s)
✔ [5155/9243] Built Mathlib.CategoryTheory.Enriched.Basic (4.9s)
✔ [5156/9243] Built Mathlib.Algebra.Category.ModuleCat.Presheaf.Free (3.0s)
✔ [5157/9243] Built Mathlib.CategoryTheory.Triangulated.Functor (14s)
✔ [5158/9243] Built Mathlib.CategoryTheory.Sites.Precoverage.Generates (2.6s)
✔ [5159/9243] Built Mathlib.CategoryTheory.Sites.Coherent.Basic (2.6s)
✔ [5160/9243] Built Mathlib.CategoryTheory.Sites.MorphismProperty (2.9s)
✔ [5161/9243] Built Mathlib.CategoryTheory.Sites.CoversTop (2.0s)
✔ [5162/9243] Built Mathlib.RingTheory.TensorProduct.IsBaseChangeFree (3.7s)
✔ [5163/9243] Built Mathlib.CategoryTheory.Sites.Spaces (2.7s)
✔ [5164/9243] Built Mathlib.RingTheory.MvPolynomial.Localization (4.4s)
✔ [5165/9243] Built Mathlib.CategoryTheory.Sites.Localization (2.5s)
✔ [5166/9243] Built Mathlib.CategoryTheory.Galois.Prorepresentability (5.9s)
✔ [5167/9243] Built Mathlib.CategoryTheory.Abelian.Preradical.Radical (2.1s)
✔ [5168/9243] Built Mathlib.CategoryTheory.Sites.Limits (3.1s)
✔ [5169/9243] Built Mathlib.CategoryTheory.Sites.Canonical (2.6s)
✔ [5170/9243] Built Mathlib.CategoryTheory.Galois.FullSubcategory (2.2s)
✔ [5171/9243] Built Mathlib.CategoryTheory.Abelian.SerreClass.Basic (2.0s)
✔ [5172/9243] Built Mathlib.CategoryTheory.ObjectProperty.Kernels (2.7s)
✔ [5173/9243] Built Mathlib.CategoryTheory.Monoidal.Arrow (7.0s)
✔ [5174/9243] Built Mathlib.CategoryTheory.MorphismProperty.WeakFactorizationSystem (1.8s)
✔ [5175/9243] Built Mathlib.CategoryTheory.Sites.CompatiblePlus (4.1s)
✔ [5176/9243] Built Mathlib.CategoryTheory.Abelian.EpiWithInjectiveKernel (2.0s)
✔ [5177/9243] Built Mathlib.RingTheory.IntegralClosure.IsIntegral.Basic (3.5s)
✔ [5178/9243] Built Mathlib.CategoryTheory.Sites.ConcreteSheafification (5.3s)
✔ [5179/9243] Built Mathlib.RingTheory.Adjoin.FGBaseChange (2.5s)
✔ [5180/9243] Built Mathlib.RingTheory.Henselian (4.0s)
✔ [5181/9243] Built Mathlib.Algebra.Homology.SpectralObject.HasSpectralSequence (6.2s)
✔ [5182/9243] Built Mathlib.RingTheory.Polynomial.Quotient (5.6s)
✔ [5183/9243] Built Mathlib.RingTheory.Adjoin.Tower (3.4s)
✔ [5184/9243] Built Mathlib.CategoryTheory.Abelian.DiagramLemmas.KernelCokernelComp (6.3s)
✔ [5185/9243] Built Mathlib.CategoryTheory.Monoidal.Internal.Types.Grp (2.8s)
✔ [5186/9243] Built Mathlib.CategoryTheory.Monoidal.Grp_ (2.5s)
✔ [5187/9243] Built Mathlib.Topology.IsLocalHomeomorph (2.6s)
✔ [5188/9243] Built Mathlib.RingTheory.TensorProduct.DirectLimitFG (6.5s)
✔ [5189/9243] Built Mathlib.Algebra.MvPolynomial.Funext (2.0s)
✔ [5190/9243] Built Mathlib.Topology.OpenPartialHomeomorph.Constructions (3.6s)
✔ [5191/9243] Built Mathlib.CategoryTheory.Monoidal.Cartesian.Over (8.4s)
✔ [5192/9243] Built Mathlib.RingTheory.MvPolynomial.Homogeneous (6.0s)
✔ [5193/9243] Built Mathlib.RingTheory.Algebraic.Cardinality (2.0s)
✔ [5194/9243] Built Mathlib.RingTheory.Polynomial.HilbertPoly (3.9s)
✔ [5195/9243] Built Mathlib.CategoryTheory.Monoidal.CommGrp_ (8.0s)
✔ [5196/9243] Built Mathlib.RingTheory.Polynomial.Chebyshev (13s)
✔ [5197/9243] Built Mathlib.Topology.GDelta.MetrizableSpace (2.0s)
✔ [5198/9243] Built Mathlib.Algebra.Polynomial.FieldDivision (6.1s)
✔ [5199/9243] Built Mathlib.Topology.Sequences (2.6s)
✔ [5200/9243] Built Mathlib.CategoryTheory.LocallyCartesianClosed.Sections (2.0s)
✔ [5201/9243] Built Mathlib.CategoryTheory.Monoidal.Cartesian.Grp (11s)
✔ [5202/9243] Built Mathlib.Algebra.Polynomial.RuleOfSigns (7.0s)
✔ [5203/9243] Built Mathlib.RingTheory.IntegralDomain (3.7s)
✔ [5204/9243] Built Mathlib.Topology.UniformSpace.AbstractCompletion (3.3s)
✔ [5205/9243] Built Mathlib.Algebra.MvPolynomial.SchwartzZippel (9.9s)
✔ [5206/9243] Built Mathlib.CategoryTheory.Sites.Hypercover.IsSheaf (2.2s)
✔ [5207/9243] Built Mathlib.CategoryTheory.Sites.Hypercover.SheafOfTypes (2.8s)
✔ [5208/9243] Built Mathlib.Topology.MetricSpace.Cauchy (2.5s)
✔ [5209/9243] Built Mathlib.Topology.EMetricSpace.Pi (2.8s)
✔ [5210/9243] Built Mathlib.Topology.MetricSpace.Pseudo.Basic (3.3s)
✔ [5211/9243] Built Mathlib.Topology.UniformSpace.UniformConvergenceTopology (5.1s)
✔ [5212/9243] Built Mathlib.Topology.EMetricSpace.Paracompact (3.7s)
✔ [5213/9243] Built Mathlib.CategoryTheory.Sites.Hypercover.Homotopy (4.7s)
✔ [5214/9243] Built Mathlib.RingTheory.Ideal.NatInt (3.2s)
✔ [5215/9243] Built Mathlib.RingTheory.KrullDimension.Field (2.3s)
✔ [5216/9243] Built Mathlib.Algebra.Category.ModuleCat.Presheaf.Submodule (4.6s)
✔ [5217/9243] Built Mathlib.RingTheory.Artinian.Ring (2.2s)
✔ [5218/9243] Built Mathlib.Topology.Spectral.ConstructibleTopology (3.7s)
✔ [5219/9243] Built Mathlib.RingTheory.FiniteLength (2.6s)
✔ [5220/9243] Built Mathlib.Topology.Algebra.WithZeroTopology (2.8s)
✔ [5221/9243] Built Mathlib.RingTheory.MvPowerSeries.Derivative (3.1s)
✔ [5222/9243] Built CanonicalRoots.ClassificationPayloadCodec (2.9s)
✔ [5223/9243] Built Mathlib.RingTheory.Polynomial.Bernstein (3.9s)
✔ [5224/9243] Built Mathlib.LinearAlgebra.Basis.MulOpposite (2.5s)
✔ [5225/9243] Built CanonicalRoots.FiniteSpanningBasis (2.9s)
✔ [5226/9243] Built Mathlib.Algebra.AffineMonoid.UniqueSums (2.4s)
✔ [5227/9243] Built Mathlib.Topology.Algebra.Group.Basic (4.5s)
✔ [5228/9243] Built Mathlib.Algebra.Lie.Subalgebra (6.9s)
✔ [5229/9243] Built Mathlib.RingTheory.HahnSeries.Binomial (3.1s)
✔ [5230/9243] Built Mathlib.RingTheory.Adjoin.Dimension (2.8s)
✔ [5231/9243] Built Mathlib.LinearAlgebra.Dimension.ErdosKaplansky (3.2s)
✔ [5232/9243] Built Mathlib.LinearAlgebra.Dimension.FreeAndStrongRankCondition (3.5s)
✔ [5233/9243] Built Mathlib.LinearAlgebra.Dimension.Finite (4.3s)
✔ [5234/9243] Built Mathlib.LinearAlgebra.Alternating.Uncurry.Fin (4.4s)
✔ [5235/9243] Built Mathlib.GroupTheory.SpecificGroups.Alternating (4.4s)
✔ [5236/9243] Built Mathlib.RingTheory.Ideal.MinimalPrime.Localization (3.4s)
✔ [5237/9243] Built Mathlib.RingTheory.Localization.Finiteness (4.4s)
✔ [5238/9243] Built Mathlib.RingTheory.LocalProperties.Submodule (4.4s)
✔ [5239/9243] Built Mathlib.RingTheory.Localization.LocalizationLocalization (4.0s)
✔ [5240/9243] Built Mathlib.RingTheory.SurjectiveOnStalks (4.8s)
✔ [5241/9243] Built Mathlib.RingTheory.LocalRing.LocalSubring (5.4s)
✔ [5242/9243] Built Mathlib.LinearAlgebra.Matrix.Determinant.Basic (7.5s)
✔ [5243/9243] Built Mathlib.RingTheory.Lasker (3.9s)
✔ [5244/9243] Built Mathlib.CategoryTheory.Topos.Classifier (2.4s)
✔ [5245/9243] Built Mathlib.GroupTheory.SpecificGroups.Dihedral (4.3s)
✔ [5246/9243] Built Mathlib.RingTheory.DividedPowers.SubDPIdeal (5.2s)
✔ [5247/9243] Built Mathlib.GroupTheory.Torsion (4.9s)
✔ [5248/9243] Built Mathlib.RingTheory.Ideal.AssociatedPrime.Finiteness (4.5s)
✔ [5249/9243] Built Mathlib.RingTheory.Valuation.Archimedean (4.2s)
✔ [5250/9243] Built Mathlib.Algebra.Category.HopfAlgCat.Basic (4.4s)
✔ [5251/9243] Built Mathlib.AlgebraicTopology.SimplicialSet.Splitting (2.4s)
✔ [5252/9243] Built Mathlib.GroupTheory.Sylow (7.0s)
✔ [5253/9243] Built Mathlib.AlgebraicTopology.SimplicialSet.Dimension (2.6s)
✔ [5254/9243] Built Mathlib.AlgebraicTopology.SimplicialSet.AnodyneExtensions.IsUniquelyCodimOneFace (2.4s)
✔ [5255/9243] Built Mathlib.AlgebraicTopology.SimplicialSet.NonDegenerateSimplices (3.1s)
✔ [5256/9243] Built Mathlib.Algebra.Category.Ring.Under.Basic (4.8s)
✔ [5257/9243] Built Mathlib.RingTheory.RingHomProperties (4.4s)
✔ [5258/9243] Built Mathlib.CategoryTheory.Simple (2.7s)
✔ [5259/9243] Built Mathlib.CategoryTheory.Subobject.NoetherianObject (2.5s)
✔ [5260/9243] Built Mathlib.CategoryTheory.ExtremalEpi (2.5s)
✔ [5261/9243] Built Mathlib.CategoryTheory.Generator.Basic (4.1s)
✔ [5262/9243] Built Mathlib.AlgebraicTopology.SimplicialSet.Nerve (4.9s)
✔ [5263/9243] Built Mathlib.CategoryTheory.Limits.Sifted (3.0s)
✔ [5264/9243] Built Mathlib.CategoryTheory.Subobject.Limits (5.3s)
✔ [5265/9243] Built Mathlib.CategoryTheory.Dialectica.Monoidal (6.5s)
✔ [5266/9243] Built Mathlib.RingTheory.HopfAlgebra.TensorProduct (4.9s)
✔ [5267/9243] Built Mathlib.CategoryTheory.Enriched.EnrichedCat (4.7s)
✔ [5268/9243] Built Mathlib.CategoryTheory.Localization.Triangulated (3.9s)
✔ [5269/9243] Built Mathlib.CategoryTheory.Functor.Derived.RightDerivedTriangulated (3.1s)
✔ [5270/9243] Built Mathlib.RingTheory.Bialgebra.Convolution (5.0s)
✔ [5271/9243] Built Mathlib.CategoryTheory.Functor.Derived.LeftDerivedTriangulated (2.9s)
✔ [5272/9243] Built Mathlib.CategoryTheory.Enriched.Ordinary.Basic (5.1s)
✔ [5273/9243] Built Mathlib.CategoryTheory.Functor.FunctorHom (6.5s)
✔ [5274/9243] Built Mathlib.CategoryTheory.Sites.Coherent.ExtensiveTopology (2.5s)
✔ [5275/9243] Built Mathlib.CategoryTheory.Sites.Coherent.Comparison (2.8s)
✔ [5276/9243] Built Mathlib.Topology.Sheaves.Sheaf (2.3s)
✔ [5277/9243] Built Mathlib.CategoryTheory.MorphismProperty.LocalClosure (2.7s)
✔ [5278/9243] Built Mathlib.CategoryTheory.Galois.Action (2.8s)
✔ [5279/9243] Built Mathlib.CategoryTheory.Sites.CartesianMonoidal (2.7s)
✔ [5280/9243] Built Mathlib.Algebra.Category.BialgCat.Monoidal (9.0s)
✔ [5281/9243] Built Mathlib.CategoryTheory.Galois.Topology (3.6s)
✔ [5282/9243] Built Mathlib.CategoryTheory.Sites.Coherent.CoherentSheaves (2.3s)
✔ [5283/9243] Built Mathlib.CategoryTheory.Sites.Coherent.ExtensiveSheaves (2.9s)
✔ [5284/9243] Built Mathlib.CategoryTheory.Sites.Types (3.3s)
✔ [5285/9243] Built Mathlib.CategoryTheory.Sites.Coherent.RegularSheaves (4.2s)
✔ [5286/9243] Built Mathlib.Algebra.Category.Grp.IsFinite (3.0s)
✔ [5287/9243] Built Mathlib.CategoryTheory.Abelian.Subcategory (2.0s)
✔ [5288/9243] Built Mathlib.RingTheory.Artinian.Algebra (2.8s)
✔ [5289/9243] Built Mathlib.AlgebraicTopology.ModelCategory.Instances (3.8s)
✔ [5290/9243] Built Mathlib.RingTheory.Jacobson.Polynomial (2.8s)
✔ [5291/9243] Built Mathlib.CategoryTheory.Sites.CompatibleSheafification (3.6s)
✔ [5292/9243] Built Mathlib.FieldTheory.Minpoly.Basic (4.0s)
✔ [5293/9243] Built Mathlib.CategoryTheory.Monoidal.Internal.Types.Grp_ (2.3s)
✔ [5294/9243] Built Mathlib.CategoryTheory.Sites.Subsheaf (3.6s)
✔ [5295/9243] Built Mathlib.CategoryTheory.Abelian.SerreClass.MorphismProperty (3.7s)
✔ [5296/9243] Built Mathlib.RingTheory.MvPolynomial.EulerIdentity (3.1s)
✔ [5297/9243] Built Mathlib.CategoryTheory.Sites.LeftExact (6.3s)
✔ [5298/9243] Built Mathlib.CategoryTheory.Monoidal.Internal.Types.CommGrp_ (3.1s)
✔ [5299/9243] Built Mathlib.RingTheory.FiniteType (6.9s)
✔ [5300/9243] Built Mathlib.CategoryTheory.Preadditive.CommGrp_ (5.1s)
✔ [5301/9243] Built Mathlib.Algebra.MvPolynomial.Nilpotent (5.4s)
✔ [5302/9243] Built Mathlib.Algebra.Polynomial.Homogenize (6.2s)
✔ [5303/9243] Built Mathlib.RingTheory.Polynomial.Dickson (4.0s)
✔ [5304/9243] Built Mathlib.Topology.Category.Sequential (3.3s)
✔ [5305/9243] Built Mathlib.Topology.Semicontinuity.Hemicontinuity (4.5s)
✔ [5306/9243] Built Mathlib.Topology.FiberBundle.Trivialization (8.6s)
✔ [5307/9243] Built Mathlib.Algebra.Polynomial.SpecificDegree (3.0s)
✔ [5308/9243] Built Mathlib.Algebra.Polynomial.Degree.CardPowDegree (3.1s)
✔ [5309/9243] Built Mathlib.RingTheory.Artinian.Instances (2.9s)
✔ [5310/9243] Built Mathlib.RingTheory.Ideal.MonicSpan (3.3s)
✔ [5311/9243] Built Mathlib.RingTheory.Polynomial.Radical (3.2s)
✔ [5312/9243] Built Mathlib.RingTheory.Polynomial.Content (5.1s)
✔ [5313/9243] Built Mathlib.RingTheory.MvPolynomial.MonomialOrder (11s)
✔ [5314/9243] Built Mathlib.CategoryTheory.Monoidal.Cartesian.CommGrp_ (3.5s)
✔ [5315/9243] Built Mathlib.CategoryTheory.Monoidal.Cartesian.Normal (3.8s)
✔ [5316/9243] Built Mathlib.CategoryTheory.Monoidal.Cartesian.Grp_ (2.3s)
✔ [5317/9243] Built Mathlib.Topology.Compactness.CountablyCompact (9.8s)
✔ [5318/9243] Built Mathlib.Algebra.Polynomial.Splits (7.4s)
✔ [5319/9243] Built Mathlib.NumberTheory.LucasPrimality (2.8s)
✔ [5320/9243] Built Mathlib.CategoryTheory.Monoidal.Cartesian.ShrinkYoneda (4.2s)
✔ [5321/9243] Built Mathlib.CategoryTheory.Monoidal.Ring (4.9s)
✔ [5322/9243] Built Mathlib.CategoryTheory.Sites.CoproductSheafCondition (3.0s)
✔ [5323/9243] Built Mathlib.CategoryTheory.Sites.Hypercover.Subcanonical (3.6s)
✔ [5324/9243] Built Mathlib.Topology.UniformSpace.Completion (3.8s)
✔ [5325/9243] Built Mathlib.Topology.UniformSpace.Real (2.7s)
✔ [5326/9243] Built Mathlib.RingTheory.RootsOfUnity.Basic (4.5s)
✔ [5327/9243] Built Mathlib.Topology.MetricSpace.Pseudo.Pi (3.2s)
✔ [5328/9243] Built Mathlib.Topology.EMetricSpace.Diam (3.2s)
✔ [5329/9243] Built Mathlib.Topology.UniformSpace.CompactConvergence (4.2s)
✔ [5330/9243] Built Mathlib.CategoryTheory.Sites.Hypercover.Saturate (2.9s)
✔ [5331/9243] Built Mathlib.RingTheory.LocalRing.MaximalIdeal.Square (2.7s)
✔ [5332/9243] Built Mathlib.Topology.UniformSpace.Equicontinuity (4.4s)
✔ [5333/9243] Built Mathlib.Topology.Algebra.Group.GroupTopology (3.1s)
✔ [5334/9243] Built Mathlib.NumberTheory.FrobeniusNumber (3.0s)
✔ [5335/9243] Built Mathlib.Topology.Algebra.Group.Subgroup (3.4s)
✔ [5336/9243] Built Mathlib.RingTheory.Length (5.3s)
✔ [5337/9243] Built Mathlib.Topology.Algebra.Group.Neighborhood (4.6s)
✔ [5338/9243] Built Mathlib.RingTheory.SimpleModule.WedderburnArtin (5.8s)
✔ [5339/9243] Built Mathlib.FieldTheory.Finiteness (3.2s)
✔ [5340/9243] Built Mathlib.LinearAlgebra.Dimension.RankNullity (5.2s)
✔ [5341/9243] Built Mathlib.GroupTheory.SpecificGroups.Alternating.Centralizer (3.8s)
✔ [5342/9243] Built Mathlib.LinearAlgebra.Matrix.Polynomial (3.2s)
✔ [5343/9243] Built Mathlib.RingTheory.Localization.AsSubring (4.0s)
✔ [5344/9243] Built Mathlib.LinearAlgebra.FiniteDimensional.Basic (7.6s)
✔ [5345/9243] Built Mathlib.LinearAlgebra.Matrix.MvPolynomial (3.4s)
✔ [5346/9243] Built Mathlib.LinearAlgebra.Dimension.OrzechProperty (7.7s)
✔ [5347/9243] Built Mathlib.LinearAlgebra.Matrix.Determinant.TotallyUnimodular (3.5s)
✔ [5348/9243] Built Mathlib.GroupTheory.GroupAction.MultipleTransitivity (7.1s)
✔ [5349/9243] Built Mathlib.LinearAlgebra.Matrix.AbsoluteValue (3.5s)
✔ [5350/9243] Built Mathlib.LinearAlgebra.Matrix.Nonsingular (7.3s)
✔ [5351/9243] Built Mathlib.LinearAlgebra.Matrix.Determinant.TotallyNonneg (3.5s)
✔ [5352/9243] Built Mathlib.LinearAlgebra.CrossProduct (4.0s)
✔ [5353/9243] Built Mathlib.RingTheory.LocalProperties.Exactness (8.7s)
✔ [5354/9243] Built Mathlib.LinearAlgebra.Matrix.Determinant.Misc (3.3s)
✔ [5355/9243] Built Mathlib.LinearAlgebra.Matrix.Determinant.Bird.Correctness (4.1s)
✔ [5356/9243] Built Mathlib.Algebra.Lie.Submodule (13s)
✔ [5357/9243] Built Mathlib.LinearAlgebra.Matrix.Reindex (4.3s)
✔ [5358/9243] Built Mathlib.GroupTheory.SpecificGroups.Quaternion (3.1s)
✔ [5359/9243] Built Mathlib.GroupTheory.CommutingProbability (3.6s)
✔ [5360/9243] Built Mathlib.LinearAlgebra.Matrix.Kronecker (6.6s)
✔ [5361/9243] Built Mathlib.GroupTheory.RegularWreathProduct (3.8s)
✔ [5362/9243] Built Mathlib.AlgebraicTopology.SimplicialSet.Finite (2.6s)
✔ [5363/9243] Built Mathlib.Algebra.Module.ZMod (3.3s)
✔ [5364/9243] Built Mathlib.AlgebraicTopology.SimplicialSet.NonDegenerateSimplicesColimit (2.6s)
✔ [5365/9243] Built Mathlib.GroupTheory.Transfer (4.6s)
✔ [5366/9243] Built Mathlib.AlgebraicTopology.SimplicialSet.NonDegenerateSimplicesSubcomplex (2.5s)
✔ [5367/9243] Built Mathlib.CategoryTheory.Subobject.ArtinianObject (2.1s)
✔ [5368/9243] Built Mathlib.RingTheory.RingHom.Injective (2.3s)
✔ [5369/9243] Built Mathlib.GroupTheory.Descent (6.3s)
✔ [5370/9243] Built Mathlib.CategoryTheory.Generator.Type (1.6s)
✔ [5371/9243] Built Mathlib.CategoryTheory.Generator.StrongGenerator (2.1s)
✔ [5372/9243] Built Mathlib.CategoryTheory.Generator.Preadditive (1.8s)
✔ [5373/9243] Built Mathlib.CategoryTheory.RegularCategory.Basic (3.3s)
✔ [5374/9243] Built Mathlib.Algebra.Category.ModuleCat.Presheaf.Generator (3.1s)
✔ [5375/9243] Built Mathlib.CategoryTheory.Adjunction.AdjointFunctorTheorems (1.9s)
✔ [5376/9243] Built Mathlib.GroupTheory.Nilpotent (7.8s)
✔ [5377/9243] Built Mathlib.Algebra.Category.CommAlgCat.Basic (4.9s)
✔ [5378/9243] Built Mathlib.CategoryTheory.Generator.Presheaf (2.8s)
✔ [5379/9243] Built Mathlib.AlgebraicTopology.SimplicialSet.CoherentIso (2.7s)
✔ [5380/9243] Built Mathlib.AlgebraicTopology.SimplicialSet.NerveCodiscrete (2.2s)
✔ [5381/9243] Built Mathlib.AlgebraicTopology.SimplicialSet.NerveNondegenerate (2.9s)
✔ [5382/9243] Built Mathlib.CategoryTheory.Filtered.Final (2.0s)
✔ [5383/9243] Built Mathlib.CategoryTheory.Monoidal.Limits.Colimits (2.2s)
✔ [5384/9243] Built Mathlib.CategoryTheory.Abelian.Subobject (2.3s)
✔ [5385/9243] Built Mathlib.Algebra.Category.ModuleCat.Subobject (2.7s)
✔ [5386/9243] Built Mathlib.Algebra.Homology.ImageToKernel (2.6s)
✔ [5387/9243] Built Mathlib.CategoryTheory.Localization.DerivabilityStructure.DerivesTriangulated (2.4s)
✔ [5388/9243] Built Mathlib.CategoryTheory.Monoidal.Closed.Enrichment (2.1s)
✔ [5389/9243] Built Mathlib.CategoryTheory.Enriched.Limits.HasConicalLimits (2.1s)
✔ [5390/9243] Built Mathlib.CategoryTheory.Enriched.HomCongr (2.2s)
✔ [5391/9243] Built Mathlib.CategoryTheory.Enriched.Opposite (2.9s)
✔ [5392/9243] Built Mathlib.CategoryTheory.Bicategory.CatEnriched (4.8s)
✔ [5393/9243] Built Mathlib.RingTheory.HopfAlgebra.Convolution (5.3s)
✔ [5394/9243] Built Mathlib.Topology.Category.CompHausLike.EffectiveEpi (2.4s)
✔ [5395/9243] Built Mathlib.CategoryTheory.Monoidal.Closed.FunctorToTypes (3.5s)
✔ [5396/9243] Built Mathlib.Topology.Sheaves.Forget (1.9s)
✔ [5397/9243] Built Mathlib.Topology.Sheaves.Limits (2.4s)
✔ [5398/9243] Built Mathlib.Algebra.Homology.HomologicalComplex (7.2s)
✔ [5399/9243] Built Mathlib.CategoryTheory.Enriched.FunctorCategory (5.7s)
✔ [5400/9243] Built Mathlib.CategoryTheory.Galois.Full (2.4s)
✔ [5401/9243] Built Mathlib.CategoryTheory.Sites.CartesianClosed (1.8s)
✔ [5402/9243] Built Mathlib.CategoryTheory.Triangulated.Subcategory (7.1s)
✔ [5403/9243] Built Mathlib.CategoryTheory.Sites.Coherent.CoherentTopology (1.0s)
✔ [5404/9243] Built Mathlib.CategoryTheory.Sites.Coherent.RegularTopology (1.8s)
✔ [5405/9243] Built Mathlib.CategoryTheory.Sites.Coherent.ExtensiveColimits (1.0s)
✔ [5406/9243] Built Mathlib.AlgebraicTopology.ModelCategory.IsCofibrant (1.8s)
✔ [5407/9243] Built Mathlib.Algebra.Category.HopfAlgCat.Monoidal (3.1s)
✔ [5408/9243] Built Mathlib.CategoryTheory.Abelian.SerreClass.Bousfield (1.9s)
✔ [5409/9243] Built Mathlib.AlgebraicTopology.ModelCategory.Basic (2.6s)
✔ [5410/9243] Built Mathlib.CategoryTheory.Sites.RegularEpi (2.6s)
✔ [5411/9243] Built Mathlib.RingTheory.Finiteness.Small (2.3s)
✔ [5412/9243] Built Mathlib.CategoryTheory.Sites.PreservesSheafification (3.7s)
✔ [5413/9243] Built Mathlib.RingTheory.Finiteness.Quotient (2.5s)
✔ [5414/9243] Built Mathlib.RingTheory.ReesAlgebra (2.8s)
✔ [5415/9243] Built Mathlib.RingTheory.Localization.InvSubmonoid (2.9s)
✔ [5416/9243] Built Mathlib.RingTheory.GradedAlgebra.FiniteType (2.7s)
✔ [5417/9243] Built Mathlib.LinearAlgebra.FreeModule.StrongRankCondition (2.4s)
✔ [5418/9243] Built Mathlib.RingTheory.Finiteness.FiniteTypeLocal (3.9s)
✔ [5419/9243] Built Mathlib.RingTheory.FinitePresentation (4.9s)
✔ [5420/9243] Built Mathlib.RingTheory.PolynomialLaw.Basic (6.3s)
✔ [5421/9243] Built Mathlib.RingTheory.EssentialFiniteness (3.9s)
✔ [5422/9243] Built Mathlib.NumberTheory.FLT.MasonStothers (2.0s)
✔ [5423/9243] Built Mathlib.Algebra.Category.Grp.LeftExactFunctor (3.8s)
✔ [5424/9243] Built Mathlib.Algebra.MvPolynomial.Expand (3.8s)
✔ [5425/9243] Built Mathlib.RingTheory.Polynomial.UniqueFactorization (3.1s)
✔ [5426/9243] Built Mathlib.Topology.FiberBundle.Basic (4.3s)
✔ [5427/9243] Built Mathlib.RingTheory.Polynomial.ContentIdeal (3.3s)
✔ [5428/9243] Built Mathlib.RingTheory.Polynomial.Eisenstein.Criterion (3.1s)
✔ [5429/9243] Built Mathlib.RingTheory.MvPolynomial.MonomialOrder.DegLex (2.6s)
✔ [5430/9243] Built Mathlib.RingTheory.MvPolynomial.Ideal (3.3s)
✔ [5431/9243] Built CanonicalRoots.LeadingMonomialIndependence (3.5s)
✔ [5432/9243] Built Mathlib.RingTheory.Polynomial.Vieta (3.1s)
✔ [5433/9243] Built Mathlib.RingTheory.MvPolynomial.Groebner (4.3s)
✔ [5434/9243] Built Mathlib.CategoryTheory.Monoidal.Cartesian.GrpLimits (2.9s)
✔ [5435/9243] Built Mathlib.RingTheory.Polynomial.ScaleRoots (3.8s)
✔ [5436/9243] Built Mathlib.Topology.UniformSpace.Ultra.Completion (2.3s)
✔ [5437/9243] Built Mathlib.Algebra.CubicDiscriminant (4.8s)
✔ [5438/9243] Built Mathlib.Topology.Category.UniformSpace (3.1s)
✔ [5439/9243] Built Mathlib.CategoryTheory.Monoidal.Cartesian.Ring (3.6s)
✔ [5440/9243] Built Mathlib.Topology.MetricSpace.ProperSpace (2.3s)
✔ [5441/9243] Built Mathlib.Topology.MetricSpace.Pseudo.Real (1.9s)
✔ [5442/9243] Built Mathlib.RingTheory.Polynomial.Morse (6.4s)
✔ [5443/9243] Built Mathlib.Topology.MetricSpace.Basic (3.2s)
✔ [5444/9243] Built Mathlib.Topology.MetricSpace.Ultra.Pi (2.0s)
✔ [5445/9243] Built Mathlib.Analysis.Oscillation (2.5s)
✔ [5446/9243] Built Mathlib.Topology.Metrizable.ContinuousMap (2.1s)
✔ [5447/9243] Built Mathlib.Topology.UniformSpace.HeineCantor (2.2s)
✔ [5448/9243] Built Mathlib.Topology.UniformSpace.Ascoli (2.6s)
✔ [5449/9243] Built Mathlib.Topology.EMetricSpace.Lipschitz (3.7s)
✔ [5450/9243] Built Mathlib.Topology.MetricSpace.Equicontinuity (2.6s)
✔ [5451/9243] Built Mathlib.RingTheory.RootsOfUnity.PrimitiveRoots (6.1s)
✔ [5452/9243] Built Mathlib.Topology.Algebra.Group.TopologicalAbelianization (2.6s)
✔ [5453/9243] Built Mathlib.Topology.Algebra.Group.SubmonoidClosure (2.8s)
✔ [5454/9243] Built Mathlib.Topology.Algebra.Group.ContinuousDiv (2.5s)
✔ [5455/9243] Built Mathlib.LinearAlgebra.Dimension.LinearMap (2.5s)
✔ [5456/9243] Built Mathlib.RingTheory.DiscreteValuationRing.Basic (4.3s)
✔ [5457/9243] Built Mathlib.Tactic.NormDet (2.7s)
✔ [5458/9243] Built Mathlib.GroupTheory.SpecificGroups.Alternating.KleinFour (3.3s)
✔ [5459/9243] Built Mathlib.Topology.Algebra.Ring.Basic (4.9s)
✔ [5460/9243] Built Mathlib.LinearAlgebra.Projectivization.Basic (4.0s)
✔ [5461/9243] Built Mathlib.LinearAlgebra.Matrix.Adjugate (4.8s)
✔ [5462/9243] Built Mathlib.Topology.Algebra.IsUniformGroup.Defs (6.6s)
✔ [5463/9243] Built Mathlib.Algebra.BrauerGroup.Defs (3.2s)
✔ [5464/9243] Built Mathlib.LinearAlgebra.Matrix.Transvection (4.4s)
✔ [5465/9243] Built Mathlib.LinearAlgebra.Matrix.Vec (3.4s)
✔ [5466/9243] Built Mathlib.Algebra.Lie.Ideal (5.5s)
✔ [5467/9243] Built Mathlib.LinearAlgebra.Matrix.Basis (4.1s)
✔ [5468/9243] Built Mathlib.Algebra.Lie.OfAssociative (6.1s)
✔ [5469/9243] Built Mathlib.LinearAlgebra.Matrix.IsDiag (2.8s)
✔ [5470/9243] Built Mathlib.LinearAlgebra.TensorProduct.Matrix (3.2s)
✔ [5471/9243] Built Mathlib.AlgebraicTopology.SimplicialSet.FiniteColimits (2.2s)
✔ [5472/9243] Built Mathlib.GroupTheory.GroupAction.MultiplePrimitivity (9.3s)
✔ [5473/9243] Built Mathlib.CategoryTheory.Noetherian (2.2s)
✔ [5474/9243] Built Mathlib.AlgebraicTopology.SimplicialSet.AnodyneExtensions.Pairing (2.6s)
✔ [5475/9243] Built Mathlib.GroupTheory.Schreier (3.5s)
✔ [5476/9243] Built Mathlib.GroupTheory.SchurZassenhaus (3.5s)
✔ [5477/9243] Built Mathlib.GroupTheory.Focal (4.1s)
✔ [5478/9243] Built Mathlib.RingTheory.MatrixAlgebra (7.3s)
✔ [5479/9243] Built Mathlib.LinearAlgebra.FreeModule.ModN (4.8s)
✔ [5480/9243] Built Mathlib.CategoryTheory.Functor.KanExtension.Dense (3.3s)
✔ [5481/9243] Built Mathlib.GroupTheory.SpecificGroups.VirtuallyCyclic (2.5s)
✔ [5482/9243] Built Mathlib.GroupTheory.Frattini (2.2s)
✔ [5483/9243] Built Mathlib.GroupTheory.IsPerfect (2.5s)
✔ [5484/9243] Built Mathlib.Algebra.Category.ModuleCat.Presheaf.Pullback (3.8s)
✔ [5485/9243] Built Mathlib.CategoryTheory.Generator.Sheaf (1.9s)
✔ [5486/9243] Built Mathlib.CategoryTheory.Limits.Shapes.Preorder.WellOrderContinuous (2.3s)
✔ [5487/9243] Built Mathlib.CategoryTheory.Comma.Final (2.8s)
✔ [5488/9243] Built Mathlib.Algebra.Module.Torsion.Basic (8.5s)
✔ [5489/9243] Built Mathlib.Order.Interval.Set.Final (1.9s)
✔ [5490/9243] Built Mathlib.CategoryTheory.Limits.FinallySmall (2.3s)
✔ [5491/9243] Built Mathlib.Topology.Sets.BaseChangeNhds (2.3s)
✔ [5492/9243] Built Mathlib.CategoryTheory.Functor.TypeValuedFlat (2.9s)
✔ [5493/9243] Built Mathlib.CategoryTheory.Limits.Constructions.Over.Connected (3.4s)
✔ [5494/9243] Built Mathlib.CategoryTheory.Generator.Abelian (1.9s)
✔ [5495/9243] Built Mathlib.CategoryTheory.Enriched.Limits.HasConicalProducts (1.8s)
✔ [5496/9243] Built Mathlib.CategoryTheory.Enriched.Limits.HasConicalPullbacks (1.8s)
✔ [5497/9243] Built Mathlib.Algebra.Category.Grp.Subobject (2.0s)
✔ [5498/9243] Built Mathlib.CategoryTheory.Presentable.IsCardinalFiltered (2.0s)
✔ [5499/9243] Built Mathlib.Algebra.Homology.Embedding.Boundary (1.0s)
✔ [5500/9243] Built Mathlib.CategoryTheory.Abelian.Exact (3.3s)
✔ [5501/9243] Built Mathlib.RingTheory.HopfAlgebra.Quotient (2.8s)
✔ [5502/9243] Built Mathlib.Algebra.Homology.Factorizations.Basic (2.0s)
✔ [5503/9243] Built Mathlib.AlgebraicTopology.SimplicialSet.StdSimplex (7.8s)
✔ [5504/9243] Built Mathlib.Algebra.Homology.FullSubcategory (2.2s)
✔ [5505/9243] Built Mathlib.Algebra.Homology.HomologicalBicomplex (3.2s)
✔ [5506/9243] Built Mathlib.Algebra.Homology.DifferentialObject (3.5s)
✔ [5507/9243] Built Mathlib.AlgebraicTopology.MooreComplex (2.7s)
✔ [5508/9243] Built Mathlib.CategoryTheory.Monoidal.Closed.FunctorCategory.Basic (2.9s)
✔ [5509/9243] Built Mathlib.CategoryTheory.Triangulated.Generators (2.4s)
✔ [5510/9243] Built Mathlib.Algebra.Homology.Single (3.4s)
✔ [5511/9243] Built Mathlib.CategoryTheory.Triangulated.HomologicalFunctor (3.5s)
✔ [5512/9243] Built Mathlib.CategoryTheory.Sites.Coherent.ReflectsPrecoherent (2.3s)
✔ [5513/9243] Built Mathlib.CategoryTheory.Sites.Coherent.ReflectsPreregular (2.2s)
✔ [5514/9243] Built Mathlib.CategoryTheory.Triangulated.Orthogonal (2.0s)
✔ [5515/9243] Built Mathlib.Geometry.RingedSpace.PresheafedSpace.HasColimits (7.4s)
✔ [5516/9243] Built Mathlib.AlgebraicTopology.ModelCategory.Opposite (2.1s)
✔ [5517/9243] Built Mathlib.AlgebraicTopology.ModelCategory.Transport (2.2s)
✔ [5518/9243] Built Mathlib.Algebra.Category.CommAlgCat.Monoidal (13s)
✔ [5519/9243] Built Mathlib.AlgebraicTopology.ModelCategory.Bifibrant (2.8s)
✔ [5520/9243] Built Mathlib.AlgebraicTopology.ModelCategory.BrownLemma (2.0s)
✔ [5521/9243] Built Mathlib.Algebra.Module.StablyFree.Basic (3.3s)
✔ [5522/9243] Built Mathlib.CategoryTheory.Sites.Adjunction (3.3s)
✔ [5523/9243] Built Mathlib.CategoryTheory.Sites.LocallyInjective (4.0s)
✔ [5524/9243] Built Mathlib.AlgebraicTopology.ModelCategory.Cylinder (4.7s)
✔ [5525/9243] Built Mathlib.CategoryTheory.Triangulated.TStructure.TruncLTGE (9.1s)
✔ [5526/9243] Built Mathlib.RingTheory.LocalRing.Quotient (4.4s)
✔ [5527/9243] Built Mathlib.Algebra.Algebra.Subalgebra.IsSimpleOrder (3.4s)
✔ [5528/9243] Built Mathlib.CategoryTheory.Sites.Continuous (6.3s)
✔ [5529/9243] Built Mathlib.RingTheory.Flat.Basic (7.5s)
✔ [5530/9243] Built Mathlib.RingTheory.Filtration (6.2s)
✔ [5531/9243] Built Mathlib.RingTheory.MvPolynomial (3.3s)
✔ [5532/9243] Built Mathlib.GroupTheory.IndexNSmul (3.9s)
✔ [5533/9243] Built Mathlib.LinearAlgebra.Dimension.DivisionRing (4.5s)
✔ [5534/9243] Built Mathlib.LinearAlgebra.FreeModule.Finite.Quotient (3.7s)
✔ [5535/9243] Built Mathlib.LinearAlgebra.FreeAlgebra (2.6s)
✔ [5536/9243] Built Mathlib.LinearAlgebra.FreeModule.Finite.Matrix (3.6s)
✔ [5537/9243] Built Mathlib.Algebra.Algebra.Subalgebra.Rank (4.1s)
✔ [5538/9243] Built Mathlib.RingTheory.Localization.Submodule (3.2s)
✔ [5539/9243] Built Mathlib.Algebra.Category.CommAlgCat.FiniteType (4.2s)
✔ [5540/9243] Built Mathlib.RingTheory.FiniteStability (4.5s)
✔ [5541/9243] Built Mathlib.RingTheory.WittVector.WittPolynomial (4.1s)
✔ [5542/9243] Built Mathlib.Algebra.MvPolynomial.NoZeroDivisors (4.2s)
✔ [5543/9243] Built Mathlib.Topology.FiberBundle.Constructions (4.5s)
✔ [5544/9243] Built Mathlib.RingTheory.Polynomial.SmallDegreeVieta (4.3s)
✔ [5545/9243] Built Mathlib.Topology.Covering.Basic (6.5s)
✔ [5546/9243] Built Mathlib.RingTheory.LocalRing.ResidueField.Ideal (8.3s)
✔ [5547/9243] Built Mathlib.RingTheory.MvPolynomial.Symmetric.Eval (4.5s)
✔ [5548/9243] Built Mathlib.Combinatorics.Nullstellensatz (4.0s)
✔ [5549/9243] Built Mathlib.RingTheory.Algebraic.Basic (8.0s)
✔ [5550/9243] Built Mathlib.RingTheory.Polynomial.Eisenstein.Basic (4.2s)
✔ [5551/9243] Built Mathlib.RingTheory.Polynomial.IntegralNormalization (4.2s)
✔ [5552/9243] Built Mathlib.Topology.MetricSpace.TransferInstance (2.9s)
✔ [5553/9243] Built Mathlib.Topology.Metrizable.Real (3.3s)
✔ [5554/9243] Built Mathlib.AlgebraicGeometry.EllipticCurve.Weierstrass (5.5s)
✔ [5555/9243] Built Mathlib.Topology.Metrizable.Uniformity (4.6s)
✔ [5556/9243] Built Mathlib.Topology.MetricSpace.Infsep (4.4s)
✔ [5557/9243] Built Mathlib.RingTheory.RootsOfUnity.CyclotomicUnits (4.2s)
✔ [5558/9243] Built Mathlib.Topology.MetricSpace.Bounded (6.2s)
✔ [5559/9243] Built Mathlib.RingTheory.GradedAlgebra.HomogeneousLocalization (19s)
✔ [5560/9243] Built Mathlib.RingTheory.RootsOfUnity.EnoughRootsOfUnity (2.9s)
✔ [5561/9243] Built Mathlib.Topology.Algebra.Order.LiminfLimsup (3.3s)
✔ [5562/9243] Built Mathlib.Topology.Algebra.Group.Order (3.0s)
✔ [5563/9243] Built Mathlib.Topology.Algebra.MvPolynomial (2.4s)
✔ [5564/9243] Built Mathlib.LinearAlgebra.Matrix.Diagonal (3.3s)
✔ [5565/9243] Built Mathlib.Topology.Algebra.Field (3.3s)
✔ [5566/9243] Built Mathlib.Topology.Instances.ENat (2.5s)
✔ [5567/9243] Built Mathlib.Topology.Algebra.Group.Pointwise (4.6s)
✔ [5568/9243] Built Mathlib.RingTheory.PowerSeries.Inverse (4.1s)
✔ [5569/9243] Built Mathlib.Topology.Category.TopCommRingCat (2.6s)
✔ [5570/9243] Built Mathlib.Topology.Algebra.Module.Compact (2.5s)
✔ [5571/9243] Built Mathlib.Topology.Algebra.Localization (1.8s)
✔ [5572/9243] Built Mathlib.Algebra.Category.Ring.Topology (4.0s)
✔ [5573/9243] Built Mathlib.Geometry.Convex.ConvexSpace.Topology (2.4s)
✔ [5574/9243] Built Mathlib.LinearAlgebra.Projectivization.Cardinality (2.7s)
✔ [5575/9243] Built Mathlib.LinearAlgebra.Projectivization.Constructions (2.9s)
✔ [5576/9243] Built Mathlib.LinearAlgebra.Projectivization.Independence (2.5s)
✔ [5577/9243] Built Mathlib.Topology.Algebra.IsUniformGroup.Order (2.1s)
✔ [5578/9243] Built Mathlib.Analysis.Normed.Group.Basic (12s)
✔ [5579/9243] Built Mathlib.LinearAlgebra.Projectivization.Subspace (3.5s)
✔ [5580/9243] Built Mathlib.Topology.Algebra.UniformMulAction (3.1s)
✔ [5581/9243] Built Mathlib.LinearAlgebra.Matrix.Nondegenerate (3.2s)
✔ [5582/9243] Built Mathlib.LinearAlgebra.Matrix.HadamardMatrix (3.9s)
✔ [5583/9243] Built Mathlib.Topology.Algebra.IsUniformGroup.Constructions (2.8s)
✔ [5584/9243] Built Mathlib.LinearAlgebra.Matrix.NonsingularInverse (5.3s)
✔ [5585/9243] Built Mathlib.Algebra.Lie.Prod (3.0s)
✔ [5586/9243] Built Mathlib.Algebra.Lie.IdealOperations (4.1s)
✔ [5587/9243] Built Mathlib.Algebra.Lie.Quotient (4.2s)
✔ [5588/9243] Built Mathlib.Algebra.Lie.DirectSum (4.2s)
✔ [5589/9243] Built Mathlib.Algebra.Lie.UniversalEnveloping (3.9s)
✔ [5590/9243] Built Mathlib.AlgebraicTopology.SimplicialSet.AnodyneExtensions.Op (2.5s)
✔ [5591/9243] Built Mathlib.Algebra.Jordan.Basic (5.1s)
✔ [5592/9243] Built Mathlib.GroupTheory.FinitelyPresentedGroup (3.2s)
✔ [5593/9243] Built Mathlib.CategoryTheory.Limits.Preserves.Shapes.Preorder (2.7s)
✔ [5594/9243] Built Mathlib.RingTheory.MatrixPolynomialAlgebra (3.5s)
✔ [5595/9243] Built Mathlib.Algebra.CharP.LinearMaps (2.9s)
✔ [5596/9243] Built Mathlib.Algebra.Category.ModuleCat.Presheaf.OfCommRing (3.3s)
✔ [5597/9243] Built Mathlib.Algebra.Lie.Derivation.Basic (7.2s)
✔ [5598/9243] Built Mathlib.GroupTheory.GroupAction.Jordan (6.9s)
✔ [5599/9243] Built Mathlib.LinearAlgebra.Dimension.Torsion.Finite (2.0s)
✔ [5600/9243] Built Mathlib.LinearAlgebra.Dimension.Torsion.Basic (2.7s)
✔ [5601/9243] Built Mathlib.CategoryTheory.Adhesive.Over (2.3s)
✔ [5602/9243] Built Mathlib.CategoryTheory.Limits.Indization.IndObject (2.8s)
✔ [5603/9243] Built Mathlib.CategoryTheory.Filtered.FinallySmall (2.7s)
✔ [5604/9243] Built Mathlib.LinearAlgebra.Matrix.SpecialLinearGroup (11s)
✔ [5605/9243] Built Mathlib.CategoryTheory.Limits.Constructions.Over.Basic (2.2s)
✔ [5606/9243] Built Mathlib.CategoryTheory.Enriched.Limits.HasConicalTerminal (2.1s)
✔ [5607/9243] Built Mathlib.CategoryTheory.Abelian.ShortExact (1.0s)
✔ [5608/9243] Built Mathlib.CategoryTheory.Limits.Shapes.Pullback.EquifiberedLimits (4.3s)
✔ [5609/9243] Built Mathlib.CategoryTheory.Presentable.Basic (3.3s)
✔ [5610/9243] Built Mathlib.Algebra.Homology.ShortComplex.ExactFunctor (2.8s)
✔ [5611/9243] Built Mathlib.CategoryTheory.Abelian.Pseudoelements (3.3s)
✔ [5612/9243] Built Mathlib.LinearAlgebra.Reflection (8.3s)
✔ [5613/9243] Built Mathlib.CategoryTheory.Presentable.Directed (4.6s)
✔ [5614/9243] Built Mathlib.AlgebraicTopology.SimplicialSet.Subdivision (2.7s)
✔ [5615/9243] Built Mathlib.AlgebraicTopology.SimplicialSet.StdSimplexOne (3.4s)
✔ [5616/9243] Built Mathlib.AlgebraicTopology.SimplicialSet.Nonempty (2.5s)
✔ [5617/9243] Built Mathlib.RingTheory.AdicCompletion.Algebra (10s)
✔ [5618/9243] Built Mathlib.Algebra.Homology.SpectralObject.Cycles (6.2s)
✔ [5619/9243] Built Mathlib.AlgebraicTopology.SimplicialSet.Boundary (3.1s)
✔ [5620/9243] Built Mathlib.AlgebraicTopology.SimplicialSet.Monoidal (5.1s)
✔ [5621/9243] Built Mathlib.Algebra.Homology.Double (3.3s)
✔ [5622/9243] Built Mathlib.AlgebraicTopology.SimplicialSet.Horn (3.0s)
✔ [5623/9243] Built Mathlib.CategoryTheory.Triangulated.Opposite.Pretriangulated (3.2s)
✔ [5624/9243] Built Mathlib.Algebra.Homology.HomologicalComplexLimits (3.6s)
✔ [5625/9243] Built Mathlib.Algebra.Homology.TotalComplex (5.4s)
✔ [5626/9243] Built Mathlib.AlgebraicTopology.ModelCategory.PathObject (3.5s)
✔ [5627/9243] Built Mathlib.Algebra.Homology.Augment (4.9s)
✔ [5628/9243] Built Mathlib.AlgebraicTopology.ModelCategory.LeftHomotopy (3.2s)
✔ [5629/9243] Built Mathlib.Algebra.Homology.Additive (6.2s)
✔ [5630/9243] Built Mathlib.CategoryTheory.Sites.LocallySurjective (4.6s)
✔ [5631/9243] Built Mathlib.Topology.Category.TopCat.GrothendieckTopology (3.1s)
✔ [5632/9243] Built Mathlib.CategoryTheory.Sites.CoverPreserving (2.6s)
✔ [5633/9243] Built Mathlib.CategoryTheory.Triangulated.TStructure.TruncLEGT (4.7s)
✔ [5634/9243] Built Mathlib.CategoryTheory.Sites.Pullback (3.1s)
✔ [5635/9243] Built Mathlib.RingTheory.Regular.IsSMulRegular (3.4s)
✔ [5636/9243] Built Mathlib.CategoryTheory.Sites.Subcanonical (4.7s)
✔ [5637/9243] Built Mathlib.Algebra.Central.TensorProduct (2.6s)
✔ [5638/9243] Built Mathlib.CategoryTheory.Triangulated.SpectralObject (9.7s)
✔ [5639/9243] Built Mathlib.LinearAlgebra.Span.TensorProduct (3.4s)
✔ [5640/9243] Built Mathlib.LinearAlgebra.LinearDisjoint (4.4s)
✔ [5641/9243] Built Mathlib.RingTheory.Flat.Stability (2.0s)
✔ [5642/9243] Built Mathlib.RingTheory.Flat.IsBaseChange (3.8s)
✔ [5643/9243] Built Mathlib.LinearAlgebra.SymmetricAlgebra.Basis (2.8s)
✔ [5644/9243] Built Mathlib.CategoryTheory.Triangulated.TStructure.ETrunc (10s)
✔ [5645/9243] Built Mathlib.LinearAlgebra.FreeModule.IdealQuotient (3.0s)
✔ [5646/9243] Built Mathlib.LinearAlgebra.TensorAlgebra.Basis (2.6s)
✔ [5647/9243] Built Mathlib.LinearAlgebra.FiniteDimensional.Lemmas (4.2s)
✔ [5648/9243] Built Mathlib.LinearAlgebra.Matrix.FiniteDimensional (2.7s)
✔ [5649/9243] Built Mathlib.LinearAlgebra.Multilinear.FiniteDimensional (2.5s)
✔ [5650/9243] Built Mathlib.LinearAlgebra.Dimension.Localization (5.8s)
✔ [5651/9243] Built Mathlib.RingTheory.Ideal.Cotangent (7.2s)
✔ [5652/9243] Built Mathlib.RingTheory.Localization.Away.Lemmas (2.6s)
✔ [5653/9243] Built Mathlib.Algebra.Category.CommBialgCat (16s)
✔ [5654/9243] Built Mathlib.Algebra.Category.Ring.Small (3.2s)
✔ [5655/9243] Built Mathlib.RingTheory.LocalProperties.Basic (4.8s)
✔ [5656/9243] Built Mathlib.Algebra.AlgebraicCard (3.3s)
✔ [5657/9243] Built Mathlib.RingTheory.Spectrum.Prime.RingHom (4.2s)
✔ [5658/9243] Built Mathlib.RingTheory.MvPolynomial.IrreducibleQuadratic (4.6s)
✔ [5659/9243] Built Mathlib.RingTheory.FractionalIdeal.Basic (6.0s)
✔ [5660/9243] Built Mathlib.RingTheory.Algebraic.MvPolynomial (4.4s)
✔ [5661/9243] Built Mathlib.RingTheory.Valuation.IsTrivialOn (3.7s)
✔ [5662/9243] Built Mathlib.RingTheory.Polynomial.Eisenstein.Distinguished (3.7s)
✔ [5663/9243] Built Mathlib.Order.Filter.ENNReal (4.0s)
✔ [5664/9243] Built Mathlib.AlgebraicGeometry.EllipticCurve.ModelsWithJ (3.0s)
✔ [5665/9243] Built Mathlib.Topology.MetricSpace.Antilipschitz (3.6s)
✔ [5666/9243] Built Mathlib.Topology.MetricSpace.Lipschitz (4.0s)
✔ [5667/9243] Built Mathlib.Topology.MetricSpace.Sequences (2.0s)
✔ [5668/9243] Built Mathlib.Topology.MetricSpace.ProperSpace.Lemmas (3.2s)
✔ [5669/9243] Built Mathlib.Topology.Instances.Int (2.6s)
✔ [5670/9243] Built Mathlib.Analysis.BoxIntegral.Box.Basic (4.4s)
✔ [5671/9243] Built Mathlib.Topology.Bornology.Real (2.7s)
✔ [5672/9243] Built Mathlib.Geometry.Manifold.StructureGroupoid (3.9s)
✔ [5673/9243] Built Mathlib.Topology.Algebra.IntermediateField (3.3s)
✔ [5674/9243] Built Mathlib.AlgebraicGeometry.EllipticCurve.VariableChange (8.0s)
✔ [5675/9243] Built Mathlib.Topology.Algebra.Order.Field (4.6s)
✔ [5676/9243] Built Mathlib.RingTheory.Flat.Equalizer (19s)
✔ [5677/9243] Built Mathlib.Topology.Algebra.Group.OpenMapping (3.4s)
✔ [5678/9243] Built Mathlib.RingTheory.PowerSeries.Ideal (4.9s)
✔ [5679/9243] Built Mathlib.Analysis.Convex.Strict (5.1s)
✔ [5680/9243] Built Mathlib.Topology.Algebra.InfiniteSum.Group (5.4s)
✔ [5681/9243] Built Mathlib.Topology.Algebra.Group.Torsor (3.9s)
✔ [5682/9243] Built Mathlib.Topology.Algebra.Group.Quotient (3.7s)
✔ [5683/9243] Built Mathlib.Topology.Algebra.Order.UpperLower (2.0s)
✔ [5684/9243] Built Mathlib.Topology.Algebra.Group.Compact (2.4s)
✔ [5685/9243] Built Mathlib.Geometry.Convex.ConvexSpace.ModuleTopology (2.3s)
✔ [5686/9243] Built Mathlib.Geometry.Convex.ConvexSpace.CompactSpaceStdSimplex (2.0s)
✔ [5687/9243] Built Mathlib.Analysis.Calculus.TangentCone.Defs (2.9s)
✔ [5688/9243] Built Mathlib.Analysis.Normed.Group.Indicator (3.0s)
✔ [5689/9243] Built Mathlib.Topology.Algebra.RestrictedProduct.TopologicalSpace (4.8s)
✔ [5690/9243] Built Mathlib.Analysis.Normed.Order.Hom.Basic (3.4s)
✔ [5691/9243] Built Mathlib.Analysis.Normed.Group.Subgroup (3.6s)
✔ [5692/9243] Built Mathlib.Analysis.Normed.Module.MStructure (4.4s)
✔ [5693/9243] Built Mathlib.Analysis.Normed.Group.CocompactMap (2.7s)
✔ [5694/9243] Built Mathlib.RingTheory.MvPowerSeries.GaussNorm (6.1s)
✔ [5695/9243] Built Mathlib.InformationTheory.Hamming (4.2s)
✔ [5696/9243] Built Mathlib.Analysis.Normed.Group.Real (2.9s)
✔ [5697/9243] Built Mathlib.LinearAlgebra.Projectivization.Collinear (3.2s)
✔ [5698/9243] Built Mathlib.Analysis.Normed.Group.Constructions (5.7s)
✔ [5699/9243] Built Mathlib.Topology.Algebra.GroupCompletion (3.9s)
✔ [5700/9243] Built Mathlib.Algebra.QuadraticAlgebra.AlgHom (3.8s)
✔ [5701/9243] Built Mathlib.LinearAlgebra.Matrix.Block (4.7s)
✔ [5702/9243] Built Mathlib.LinearAlgebra.AffineSpace.Matrix (3.8s)
✔ [5703/9243] Built Mathlib.LinearAlgebra.Matrix.ZPow (4.4s)
✔ [5704/9243] Built Mathlib.LinearAlgebra.Matrix.BaseChange (3.9s)
✔ [5705/9243] Built Mathlib.Topology.Algebra.UniformConvergence (6.7s)
✔ [5706/9243] Built Mathlib.LinearAlgebra.UnitaryGroup (5.6s)
✔ [5707/9243] Built Mathlib.GroupTheory.Presentation (2.7s)
✔ [5708/9243] Built Mathlib.RingTheory.Derivation.Lie (5.0s)
✔ [5709/9243] Built Mathlib.LinearAlgebra.Matrix.SchurComplement (6.0s)
✔ [5710/9243] Built Mathlib.Algebra.Lie.Free (4.5s)
✔ [5711/9243] Built Mathlib.Algebra.Lie.Abelian (6.5s)
✔ [5712/9243] Built Mathlib.CategoryTheory.Limits.Shapes.Preorder.TransfiniteCompositionOfShape (3.6s)
✔ [5713/9243] Built Mathlib.Algebra.Symmetrized (5.0s)
✔ [5714/9243] Built Mathlib.GroupTheory.Perm.MaximalSubgroups (3.5s)
✔ [5715/9243] Built Mathlib.CategoryTheory.Limits.Indization.ParallelPair (3.2s)
✔ [5716/9243] Built Mathlib.CategoryTheory.Limits.Indization.FilteredColimits (3.2s)
✔ [5717/9243] Built Mathlib.CategoryTheory.Limits.Indization.LocallySmall (2.8s)
✔ [5718/9243] Built Mathlib.LinearAlgebra.Matrix.ProjectiveSpecialLinearGroup (2.4s)
✔ [5719/9243] Built Mathlib.AlgebraicTopology.ModelCategory.Over (2.2s)
✔ [5720/9243] Built Mathlib.Algebra.Lie.Graded (6.2s)
✔ [5721/9243] Built Mathlib.LinearAlgebra.Matrix.FixedDetMatrices (3.8s)
✔ [5722/9243] Built Mathlib.Algebra.Category.ModuleCat.Presheaf.Monoidal (7.8s)
✔ [5723/9243] Built Mathlib.CategoryTheory.Limits.ConstructLimitMap (3.1s)
✔ [5724/9243] Built Mathlib.CategoryTheory.Presentable.Finite (2.6s)
✔ [5725/9243] Built Mathlib.CategoryTheory.Presentable.Retracts (2.4s)
✔ [5726/9243] Built Mathlib.CategoryTheory.Presentable.Limits (3.4s)
✔ [5727/9243] Built Mathlib.CategoryTheory.Presentable.PreservesCardinalPresentable (2.5s)
✔ [5728/9243] Built Mathlib.LinearAlgebra.Matrix.GeneralLinearGroup.Defs (5.3s)
✔ [5729/9243] Built Mathlib.CategoryTheory.Limits.MorphismProperty (4.6s)
✔ [5730/9243] Built Mathlib.CategoryTheory.Abelian.Projective.Basic (2.2s)
✔ [5731/9243] Built Mathlib.CategoryTheory.Abelian.Injective.Basic (2.1s)
✔ [5732/9243] Built Mathlib.Algebra.Category.ModuleCat.Presheaf.ColimitFunctor (7.0s)
✔ [5733/9243] Built Mathlib.AlgebraicTopology.SimplicialSet.PiZero (2.5s)
✔ [5734/9243] Built Mathlib.CategoryTheory.Abelian.GrothendieckAxioms.Basic (3.0s)
✔ [5735/9243] Built Mathlib.Algebra.Homology.ShortComplex.ConcreteCategory (3.6s)
✔ [5736/9243] Built Mathlib.CategoryTheory.Abelian.SerreClass.Localization (4.1s)
✔ [5737/9243] Built Mathlib.RingTheory.AdicCompletion.RingHom (3.5s)
✔ [5738/9243] Built CanonicalRoots.AdicChineseRemainder (4.2s)
✔ [5739/9243] Built Mathlib.AlgebraicTopology.SimplicialSet.PushoutProduct (2.3s)
✔ [5740/9243] Built Mathlib.AlgebraicTopology.SimplicialSet.RelativeMorphism (3.8s)
✔ [5741/9243] Built Mathlib.AlgebraicTopology.SimplicialCategory.Basic (2.2s)
✔ [5742/9243] Built Mathlib.AlgebraicTopology.SimplicialSet.ProdStdSimplex (4.1s)
✔ [5743/9243] Built Mathlib.CategoryTheory.Triangulated.Opposite.Subcategory (2.4s)
✔ [5744/9243] Built Mathlib.CategoryTheory.Triangulated.Yoneda (3.1s)
✔ [5745/9243] Built Mathlib.AlgebraicTopology.SimplicialSet.Path (4.2s)
✔ [5746/9243] Built Mathlib.CategoryTheory.Triangulated.Opposite.Triangulated (2.0s)
✔ [5747/9243] Built Mathlib.CategoryTheory.Generator.HomologicalComplex (2.0s)
✔ [5748/9243] Built Mathlib.Algebra.Homology.HomologicalComplexKernels (2.1s)
✔ [5749/9243] Built Mathlib.Algebra.Homology.TotalComplexSymmetry (3.0s)
✔ [5750/9243] Built Mathlib.RingTheory.AdicCompletion.Functoriality (10s)
✔ [5751/9243] Built Mathlib.CategoryTheory.Triangulated.Opposite.Functor (6.3s)
✔ [5752/9243] Built Mathlib.AlgebraicTopology.ModelCategory.RightHomotopy (3.1s)
✔ [5753/9243] Built Mathlib.Algebra.Homology.Embedding.Restriction (2.6s)
✔ [5754/9243] Built Mathlib.Algebra.Homology.HomologicalComplexBiprod (3.1s)
✔ [5755/9243] Built Mathlib.AlgebraicTopology.SimplicialSet.HornColimits (8.1s)
✔ [5756/9243] Built Mathlib.Algebra.Homology.SpectralObject.Page (12s)
✔ [5757/9243] Built Mathlib.Algebra.Homology.HomologicalComplexAbelian (2.3s)
✔ [5758/9243] Built Mathlib.Algebra.Homology.Linear (2.7s)
✔ [5759/9243] Built Mathlib.CategoryTheory.Idempotents.HomologicalComplex (3.7s)
✔ [5760/9243] Built Mathlib.Algebra.Homology.Bifunctor (6.1s)
✔ [5761/9243] Built Mathlib.CategoryTheory.Sites.LocallyFullyFaithful (2.3s)
✔ [5762/9243] Built Mathlib.AlgebraicTopology.AlternatingFaceMapComplex (3.9s)
✔ [5763/9243] Built Mathlib.CategoryTheory.Sites.LocallyBijective (2.6s)
✔ [5764/9243] Built Mathlib.CategoryTheory.Sites.InducedTopology (1.9s)
✔ [5765/9243] Built Mathlib.CategoryTheory.Sites.PreservesLimits (2.6s)
✔ [5766/9243] Built Mathlib.CategoryTheory.Triangulated.TStructure.Induced (2.8s)
✔ [5767/9243] Built Mathlib.Algebra.Azumaya.Basic (2.8s)
✔ [5768/9243] Built Mathlib.CategoryTheory.Sites.CoverLifting (4.1s)
✔ [5769/9243] Built Mathlib.RingTheory.Flat.Localization (3.5s)
✔ [5770/9243] Built Mathlib.Algebra.Homology.ShortComplex.HomologicalComplex (7.7s)
✔ [5771/9243] Built Mathlib.Algebra.Category.ModuleCat.Simple (2.0s)
✔ [5772/9243] Built Mathlib.RingTheory.Flat.FaithfullyFlat.Basic (5.0s)
✔ [5773/9243] Built Mathlib.RingTheory.Regular.RegularSequence (7.4s)
✔ [5774/9243] Built Mathlib.CategoryTheory.Triangulated.TStructure.SpectralObject (5.7s)
✔ [5775/9243] Built Mathlib.Algebra.Exact.Sequence (4.3s)
✔ [5776/9243] Built Mathlib.LinearAlgebra.AffineSpace.FiniteDimensional (6.7s)
✔ [5777/9243] Built Mathlib.RingTheory.SimpleModule.Rank (3.1s)
✔ [5778/9243] Built Mathlib.LinearAlgebra.AffineSpace.Dimension (4.2s)
✔ [5779/9243] Built Mathlib.Algebra.Module.Lattice (4.8s)
✔ [5780/9243] Built Mathlib.RingTheory.RingHom.FiniteType (3.4s)
✔ [5781/9243] Built Mathlib.LinearAlgebra.Eigenspace.Basic (9.1s)
✔ [5782/9243] Built Mathlib.RingTheory.Ideal.CotangentBaseChange (6.1s)
✔ [5783/9243] Built Mathlib.RingTheory.RingHom.EssFiniteType (3.3s)
✔ [5784/9243] Built Mathlib.LinearAlgebra.Dual.Lemmas (12s)
✔ [5785/9243] Built Mathlib.Algebra.Module.FinitePresentation (15s)
✔ [5786/9243] Built Mathlib.RingTheory.RingHom.Finite (3.5s)
✔ [5787/9243] Built Mathlib.RingTheory.RingHom.Bijective (2.5s)
✔ [5788/9243] Built Mathlib.RingTheory.RingHom.OpenImmersion (2.6s)
✔ [5789/9243] Built Mathlib.RingTheory.Support (4.3s)
✔ [5790/9243] Built Mathlib.RingTheory.LocalProperties.Reduced (2.5s)
✔ [5791/9243] Built Mathlib.RingTheory.RingHom.Surjective (2.9s)
✔ [5792/9243] Built Mathlib.RingTheory.KrullDimension.NonZeroDivisors (2.8s)
✔ [5793/9243] Built Mathlib.RingTheory.Spectrum.Maximal.Localization (3.0s)
✔ [5794/9243] Built Mathlib.RingTheory.Extension.Basic (12s)
✔ [5795/9243] Built Mathlib.FieldTheory.MvRatFunc.Rank (2.0s)
✔ [5796/9243] Built Mathlib.RingTheory.AlgebraicIndependent.Transcendental (4.3s)
✔ [5797/9243] Built CanonicalRoots.AdicCofinality (36s)
✔ [5798/9243] Built Mathlib.Topology.MetricSpace.Bilipschitz (2.6s)
✔ [5799/9243] Built Mathlib.Topology.MetricSpace.MetricSeparated (2.0s)
✔ [5800/9243] Built Mathlib.Topology.MetricSpace.Isometry (4.8s)
✔ [5801/9243] Built Mathlib.RingTheory.Kaehler.Basic (16s)
✔ [5802/9243] Built Mathlib.Topology.MetricSpace.ShrinkingLemma (2.9s)
✔ [5803/9243] Built Mathlib.Topology.Instances.Nat (2.8s)
✔ [5804/9243] Built Mathlib.RingTheory.RingHom.Locally (10s)
✔ [5805/9243] Built Mathlib.RingTheory.PowerSeries.WeierstrassPreparation (7.2s)
✔ [5806/9243] Built Mathlib.RingTheory.FractionalIdeal.Operations (10s)
✔ [5807/9243] Built Mathlib.Topology.Algebra.Ring.Real (3.0s)
✔ [5808/9243] Built Mathlib.Analysis.BoxIntegral.Partition.Basic (4.5s)
✔ [5809/9243] Built Mathlib.Topology.Algebra.Group.AddTorsor (2.3s)
✔ [5810/9243] Built Mathlib.Topology.Algebra.MetricSpace.Lipschitz (3.7s)
✔ [5811/9243] Built Mathlib.Topology.Algebra.Affine (3.5s)
✔ [5812/9243] Built Mathlib.AlgebraicGeometry.EllipticCurve.NormalForms (5.2s)
✔ [5813/9243] Built Mathlib.Algebra.Category.CommHopfAlgCat (20s)
✔ [5814/9243] Built Mathlib.Topology.Algebra.Ring.Ideal (2.0s)
✔ [5815/9243] Built Mathlib.Topology.Algebra.Group.Extension (2.1s)
✔ [5816/9243] Built Mathlib.Topology.Algebra.Group.ClosedSubgroup (2.4s)
✔ [5817/9243] Built Mathlib.Topology.Maps.Strict.Group (2.6s)
✔ [5818/9243] Built Mathlib.Topology.Algebra.InfiniteSum.NatInt (4.5s)
✔ [5819/9243] Built Mathlib.Topology.Covering.Quotient (4.7s)
✔ [5820/9243] Built Mathlib.Topology.Algebra.Module.Basic (3.4s)
✔ [5821/9243] Built Mathlib.Analysis.Calculus.TangentCone.Basic (3.4s)
✔ [5822/9243] Built Mathlib.Topology.Algebra.ProperAction.Basic (3.6s)
✔ [5823/9243] Built Mathlib.Analysis.Normed.Order.Hom.Ultra (2.4s)
✔ [5824/9243] Built Mathlib.Topology.Algebra.IsUniformGroup.Basic (6.2s)
✔ [5825/9243] Built Mathlib.Topology.Algebra.OpenSubgroup (5.3s)
✔ [5826/9243] Built Mathlib.RingTheory.PowerSeries.GaussNorm (2.9s)
✔ [5827/9243] Built Mathlib.Analysis.Normed.Group.Int (2.1s)
✔ [5828/9243] Built Mathlib.Analysis.Asymptotics.Defs (2.9s)
✔ [5829/9243] Built Mathlib.Topology.Algebra.InfiniteSum.GroupCompletion (1.8s)
✔ [5830/9243] Built Mathlib.Topology.Algebra.Equicontinuity (2.5s)
✔ [5831/9243] Built Mathlib.Topology.Instances.Matrix (3.9s)
✔ [5832/9243] Built Mathlib.Algebra.QuadraticAlgebra.Discriminant (3.0s)
✔ [5833/9243] Built Mathlib.Topology.Algebra.InfiniteSum.UniformOn (3.7s)
✔ [5834/9243] Built Mathlib.LinearAlgebra.Matrix.Charpoly.Basic (4.6s)
✔ [5835/9243] Built Mathlib.LinearAlgebra.Matrix.Hermitian (4.1s)
✔ [5836/9243] Built Mathlib.LinearAlgebra.Vandermonde (4.5s)
✔ [5837/9243] Built Mathlib.Topology.Algebra.InfiniteSum.Constructions (12s)
✔ [5838/9243] Built Mathlib.Algebra.Lie.AdjointAction.Derivation (2.5s)
✔ [5839/9243] Built Mathlib.Algebra.LieRinehartAlgebra.Defs (5.3s)
✔ [5840/9243] Built Mathlib.CategoryTheory.Limits.Indization.Equalizers (1.9s)
✔ [5841/9243] Built Mathlib.CategoryTheory.Limits.Indization.Products (1.9s)
✔ [5842/9243] Built Mathlib.Algebra.Lie.Normalizer (3.2s)
✔ [5843/9243] Built Mathlib.CategoryTheory.MorphismProperty.TransfiniteComposition (3.8s)
✔ [5844/9243] Built Mathlib.Algebra.Category.ModuleCat.Presheaf.PushforwardZeroMonoidal (3.4s)
✔ [5845/9243] Built Mathlib.GroupTheory.SpecificGroups.Alternating.MaximalSubgroups (3.9s)
✔ [5846/9243] Built Mathlib.Algebra.Lie.TensorProduct (5.2s)
✔ [5847/9243] Built Mathlib.CategoryTheory.Presentable.CardinalFilteredPresentation (2.6s)
✔ [5848/9243] Built Mathlib.LinearAlgebra.Matrix.GeneralLinearGroup.MvPolynomial (2.7s)
✔ [5849/9243] Built Mathlib.CategoryTheory.Abelian.GrothendieckAxioms.Types (1.7s)
✔ [5850/9243] Built Mathlib.CategoryTheory.Presentable.ColimitPresentation (4.3s)
✔ [5851/9243] Built Mathlib.CategoryTheory.Abelian.GrothendieckAxioms.Colim (2.5s)
✔ [5852/9243] Built Mathlib.CategoryTheory.Abelian.Yoneda (2.9s)
✔ [5853/9243] Built Mathlib.Algebra.Lie.Cochain (10s)
✔ [5854/9243] Built Mathlib.LinearAlgebra.Matrix.ToLinearEquiv (3.5s)
✔ [5855/9243] Built Mathlib.CategoryTheory.ObjectProperty.FunctorCategory.PreservesLimits (2.6s)
✔ [5856/9243] Built Mathlib.CategoryTheory.Abelian.GrothendieckAxioms.Connected (2.4s)
✔ [5857/9243] Built Mathlib.Algebra.Category.Ring.FinitePresentation (5.6s)
✔ [5858/9243] Built Mathlib.LinearAlgebra.Matrix.GeneralLinearGroup.Basic (5.6s)
✔ [5859/9243] Built Mathlib.CategoryTheory.Abelian.GrothendieckAxioms.FunctorCategory (1.8s)
✔ [5860/9243] Built Mathlib.CategoryTheory.Abelian.GrothendieckCategory.Basic (1.9s)
✔ [5861/9243] Built Mathlib.AlgebraicTopology.SimplicialCategory.SimplicialObject (2.1s)
✔ [5862/9243] Built Mathlib.AlgebraicTopology.SimplicialSet.FiniteProd (2.6s)
✔ [5863/9243] Built Mathlib.AlgebraicTopology.SimplicialSet.ProdStdSimplexOne (2.8s)
✔ [5864/9243] Built Mathlib.AlgebraicTopology.SimplicialSet.Nonsingular (2.8s)
✔ [5865/9243] Built Mathlib.AlgebraicTopology.SimplicialSet.StrictSegal (5.1s)
✔ [5866/9243] Built Mathlib.Algebra.Homology.ShortComplex.ModuleCat (5.9s)
✔ [5867/9243] Built Mathlib.CategoryTheory.Localization.OfQuotient (2.7s)
✔ [5868/9243] Built Mathlib.AlgebraicTopology.SimplicialNerve (5.9s)
✔ [5869/9243] Built Mathlib.AlgebraicTopology.ModelCategory.Homotopy (3.5s)
✔ [5870/9243] Built CanonicalRoots.AdicScalarExtension (5.6s)
✔ [5871/9243] Built Mathlib.CategoryTheory.GuitartExact.Quotient (3.6s)
✔ [5872/9243] Built Mathlib.CategoryTheory.Triangulated.Adjunction (4.6s)
✔ [5873/9243] Built Mathlib.CategoryTheory.Triangulated.LocalizingSubcategory (6.6s)
✔ [5874/9243] Built Mathlib.CategoryTheory.Sites.SheafCohomology.Cech (2.4s)
✔ [5875/9243] Built Mathlib.RingTheory.AdicCompletion.Exactness (7.4s)
✔ [5876/9243] Built Mathlib.AlgebraicTopology.DoldKan.Notations (2.4s)
✔ [5877/9243] Built Mathlib.Algebra.Homology.BifunctorFlip (3.5s)
✔ [5878/9243] Built Mathlib.Algebra.Homology.SpectralObject.Differentials (4.1s)
✔ [5879/9243] Built Mathlib.CategoryTheory.Sites.EpiMono (3.2s)
✔ [5880/9243] Built Mathlib.Algebra.Homology.Embedding.RestrictionHomology (3.4s)
✔ [5881/9243] Built Mathlib.Algebra.Homology.Refinements (2.7s)
✔ [5882/9243] Built Mathlib.Algebra.Category.ModuleCat.Sheaf (5.7s)
✔ [5883/9243] Built Mathlib.Algebra.Homology.SingleHomology (3.6s)
✔ [5884/9243] Built Mathlib.Algebra.Homology.EulerCharacteristic (3.0s)
✔ [5885/9243] Built Mathlib.Algebra.Homology.LeftResolution.Basic (4.7s)
✔ [5886/9243] Built Mathlib.RingTheory.Flat.Domain (6.0s)
✔ [5887/9243] Built Mathlib.CategoryTheory.Sites.DenseSubsite.Basic (8.0s)
✔ [5888/9243] Built Mathlib.RingTheory.SimpleRing.DivisionRing (3.2s)
✔ [5889/9243] Built Mathlib.Algebra.Category.Ring.LinearAlgebra (3.1s)
✔ [5890/9243] Built Mathlib.Algebra.Homology.SpectralSequence.Basic (3.9s)
✔ [5891/9243] Built Mathlib.RingTheory.Regular.Flat (3.6s)
✔ [5892/9243] Built Mathlib.RingTheory.TensorProduct.Nontrivial (3.9s)
✔ [5893/9243] Built Mathlib.AlgebraicTopology.SimplicialSet.Homology.Basic (5.9s)
✔ [5894/9243] Built Mathlib.Algebra.Homology.HomologySequence (6.8s)
✔ [5895/9243] Built Mathlib.Analysis.Convex.Radon (4.1s)
✔ [5896/9243] Built Mathlib.Algebra.Module.LinearMap.Index (4.0s)
✔ [5897/9243] Built Mathlib.LinearAlgebra.Eigenspace.Matrix (4.7s)
✔ [5898/9243] Built Mathlib.Algebra.Homology.Homotopy (14s)
✔ [5899/9243] Built Mathlib.Geometry.Convex.Cone.TensorProduct (5.1s)
✔ [5900/9243] Built Mathlib.LinearAlgebra.GeneralLinearGroup.AlgEquiv (4.0s)
✔ [5901/9243] Built Mathlib.Algebra.Star.LinearMap (8.8s)
✔ [5902/9243] Built Mathlib.LinearAlgebra.Matrix.Rank (7.6s)
✔ [5903/9243] Built Mathlib.Algebra.Homology.BifunctorAssociator (19s)
✔ [5904/9243] Built Mathlib.Algebra.Module.Submodule.Union (5.7s)
✔ [5905/9243] Built Mathlib.Algebra.Module.Presentation.Finite (2.0s)
✔ [5906/9243] Built Mathlib.LinearAlgebra.BilinearForm.Properties (6.7s)
✔ [5907/9243] Built Mathlib.Analysis.Convex.Between (10s)
✔ [5908/9243] Built Mathlib.LinearAlgebra.PerfectPairing.Basic (5.1s)
✔ [5909/9243] Built Mathlib.RingTheory.LocalProperties.FinitePresentation (2.8s)
✔ [5910/9243] Built Mathlib.RingTheory.Regular.Free (3.7s)
✔ [5911/9243] Built Mathlib.RingTheory.Localization.Free (3.5s)
✔ [5912/9243] Built Mathlib.RingTheory.Ideal.AssociatedPrime.Localization (3.6s)
✔ [5913/9243] Built Mathlib.LinearAlgebra.Contraction (7.3s)
✔ [5914/9243] Built Mathlib.RingTheory.LocalProperties.Injective (4.8s)
✔ [5915/9243] Built Mathlib.Topology.MetricSpace.ProperSpace.Real (1.9s)
✔ [5916/9243] Built Mathlib.Topology.MetricSpace.Dilation (3.4s)
✔ [5917/9243] Built Mathlib.RingTheory.LocalProperties.Projective (5.3s)
✔ [5918/9243] Built Mathlib.Algebra.Category.ModuleCat.Differentials.Basic (3.3s)
✔ [5919/9243] Built Mathlib.Topology.MetricSpace.Gluing (3.5s)
✔ [5920/9243] Built Mathlib.Topology.Instances.PNat (2.4s)
✔ [5921/9243] Built Mathlib.Topology.MetricSpace.IsometricSMul (6.0s)
✔ [5922/9243] Built Mathlib.Topology.EMetricSpace.Weak (3.4s)
✔ [5923/9243] Built Mathlib.Analysis.BoxIntegral.Partition.Split (2.7s)
✔ [5924/9243] Built Mathlib.RingTheory.FractionalIdeal.Inverse (3.8s)
✔ [5925/9243] Built Mathlib.RingTheory.Kaehler.Polynomial (5.3s)
✔ [5926/9243] Built Mathlib.Analysis.Subadditive (2.7s)
✔ [5927/9243] Built Mathlib.Topology.Instances.Rat (3.3s)
✔ [5928/9243] Built Mathlib.Analysis.BoxIntegral.Partition.Tagged (3.8s)
✔ [5929/9243] Built Mathlib.Analysis.Convex.Extrema (2.6s)
✔ [5930/9243] Built Mathlib.RingTheory.Extension.Generators (10s)
✔ [5931/9243] Built Mathlib.Topology.Algebra.Module.Simple (2.3s)
✔ [5932/9243] Built Mathlib.Topology.Algebra.InfiniteSum.Order (4.3s)
✔ [5933/9243] Built Mathlib.Topology.UnitInterval (5.1s)
✔ [5934/9243] Built Mathlib.Analysis.Calculus.TangentCone.Prod (2.7s)
✔ [5935/9243] Built Mathlib.Analysis.Calculus.TangentCone.Pi (2.7s)
✔ [5936/9243] Built Mathlib.Topology.Algebra.ProperAction.Torsor (2.2s)
✔ [5937/9243] Built Mathlib.Topology.Algebra.NonUnitalAlgebra (3.8s)
✔ [5938/9243] Built Mathlib.Topology.Algebra.ProperAction.CompactlyGenerated (2.1s)
✔ [5939/9243] Built Mathlib.Topology.Algebra.FilterBasis (4.5s)
✔ [5940/9243] Built Mathlib.Topology.Algebra.ClopenNhdofOne (2.2s)
✔ [5941/9243] Built Mathlib.RingTheory.Kaehler.TensorProduct (10s)
✔ [5942/9243] Built Mathlib.Topology.Algebra.IsUniformGroup.DiscreteSubgroup (2.5s)
✔ [5943/9243] Built Mathlib.Topology.Algebra.LinearTopology (3.2s)
✔ [5944/9243] Built Mathlib.Topology.Algebra.Order.ArchimedeanDiscrete (2.3s)
✔ [5945/9243] Built Mathlib.CategoryTheory.Galois.ContAction (2.9s)
✔ [5946/9243] Built Mathlib.CategoryTheory.Galois.IsFundamentalgroup (3.2s)
✔ [5947/9243] Built Mathlib.Topology.Instances.ZMultiples (2.3s)
✔ [5948/9243] Built Mathlib.CategoryTheory.Galois.EssSurj (4.5s)
✔ [5949/9243] Built Mathlib.Topology.Algebra.Nonarchimedean.Basic (2.8s)
✔ [5950/9243] Built Mathlib.Algebra.QuadraticAlgebra.Discr (2.4s)
✔ [5951/9243] Built Mathlib.Topology.UniformSpace.Matrix (2.7s)
✔ [5952/9243] Built Mathlib.Analysis.Asymptotics.Basic (4.4s)
✔ [5953/9243] Built Mathlib.Topology.Algebra.InfiniteSum.Ring (3.3s)
✔ [5954/9243] Built Mathlib.RingTheory.Polynomial.GaussNorm (6.3s)
✔ [5955/9243] Built Mathlib.Topology.Algebra.Module.ContinuousLinearMap.Basic (13s)
✔ [5956/9243] Built Mathlib.LinearAlgebra.Lagrange (5.3s)
✔ [5957/9243] Built Mathlib.LinearAlgebra.Matrix.Charpoly.Coeff (5.0s)
✔ [5958/9243] Built Mathlib.Algebra.LieRinehartAlgebra.Subalgebra (5.0s)
✔ [5959/9243] Built Mathlib.CategoryTheory.Limits.Indization.Category (4.0s)
✔ [5960/9243] Built Mathlib.Topology.Instances.AddCircle.Defs (8.5s)
✔ [5961/9243] Built Mathlib.AlgebraicTopology.RelativeCellComplex.Basic (2.7s)
✔ [5962/9243] Built Mathlib.CategoryTheory.MorphismProperty.FunctorCategory (2.4s)
✔ [5963/9243] Built Mathlib.CategoryTheory.Localization.BousfieldTransfiniteComposition (2.2s)
✔ [5964/9243] Built Mathlib.CategoryTheory.SmallObject.TransfiniteIteration (3.6s)
✔ [5965/9243] Built Mathlib.CategoryTheory.SmallObject.TransfiniteCompositionLifting (5.4s)
✔ [5966/9243] Built Mathlib.CategoryTheory.Presentable.EssentiallyLarge (2.4s)
✔ [5967/9243] Built Mathlib.CategoryTheory.Presentable.LocallyPresentable (2.3s)
✔ [5968/9243] Built Mathlib.GroupTheory.GroupAction.SubMulAction.Combination (4.6s)
✔ [5969/9243] Built Mathlib.Algebra.Lie.Matrix (3.9s)
✔ [5970/9243] Built Mathlib.CategoryTheory.Sites.Point.Basic (5.6s)
✔ [5971/9243] Built Mathlib.LinearAlgebra.Unimodular (4.1s)
✔ [5972/9243] Built CanonicalRoots.LinearEquivCoordinateMatching (4.3s)
✔ [5973/9243] Built Mathlib.CategoryTheory.Limits.Types.PreservesLimit (3.9s)
✔ [5974/9243] Built Mathlib.CategoryTheory.Abelian.GrothendieckCategory.Subobject (4.6s)
✔ [5975/9243] Built Mathlib.CategoryTheory.Abelian.GrothendieckAxioms.PresheafOfModules (3.1s)
✔ [5976/9243] Built Mathlib.Algebra.Lie.BaseChange (7.6s)
✔ [5977/9243] Built Mathlib.Algebra.Homology.GrothendieckAbelian (2.5s)
✔ [5978/9243] Built Mathlib.CategoryTheory.Abelian.GrothendieckCategory.Monomorphisms (2.5s)
✔ [5979/9243] Built Mathlib.Algebra.Category.Grp.AB (3.0s)
✔ [5980/9243] Built Mathlib.AlgebraicTopology.SimplicialSet.NonsingularColimit (2.5s)
✔ [5981/9243] Built Mathlib.AlgebraicTopology.SimplicialSet.AnodyneExtensions.PairingCore (3.5s)
✔ [5982/9243] Built Mathlib.Algebra.Category.ModuleCat.ChangeOfRingsExact (2.8s)
✔ [5983/9243] Built Mathlib.AlgebraicTopology.SimplicialSet.Homotopy (4.1s)
✔ [5984/9243] Built Mathlib.RingTheory.Flat.CategoryTheory (3.1s)
✔ [5985/9243] Built Mathlib.Algebra.Category.ModuleCat.Free (3.5s)
✔ [5986/9243] Built Mathlib.Algebra.Category.ModuleCat.Ulift (3.4s)
✔ [5987/9243] Built Mathlib.RingTheory.Regular.Category (3.1s)
✔ [5988/9243] Built Mathlib.Algebra.Category.ModuleCat.Localization (4.2s)
✔ [5989/9243] Built Mathlib.AlgebraicTopology.ModelCategory.CofibrantObjectHomotopy (4.0s)
✔ [5990/9243] Built Mathlib.AlgebraicTopology.SimplicialSet.Coskeletal (7.0s)
✔ [5991/9243] Built Mathlib.Algebra.Category.ModuleCat.Biproducts (5.1s)
✔ [5992/9243] Built Mathlib.AlgebraicTopology.ModelCategory.FibrantObjectHomotopy (3.7s)
✔ [5993/9243] Built Mathlib.Algebra.Lie.Extension (16s)
✔ [5994/9243] Built Mathlib.Algebra.Category.ModuleCat.Sheaf.Submodule (3.5s)
✔ [5995/9243] Built Mathlib.LinearAlgebra.Matrix.SesquilinearForm (16s)
✔ [5996/9243] Built Mathlib.Algebra.Category.ModuleCat.LeftResolution (2.8s)
✔ [5997/9243] Built Mathlib.Algebra.Category.ModuleCat.Sheaf.Limits (3.7s)
✔ [5998/9243] Built Mathlib.Algebra.Category.ModuleCat.Sheaf.ChangeOfRings (4.1s)
✔ [5999/9243] Built Mathlib.Algebra.Homology.SpectralObject.EpiMono (5.2s)
✔ [6000/9243] Built Mathlib.CategoryTheory.Triangulated.Opposite.OpOp (5.7s)
✔ [6001/9243] Built Mathlib.Algebra.Homology.Embedding.Connect (4.7s)
✔ [6002/9243] Built Mathlib.Algebra.Homology.LeftResolution.Transport (2.6s)
✔ [6003/9243] Built Mathlib.CategoryTheory.Sites.PreservesLocallyBijective (2.8s)
✔ [6004/9243] Built Mathlib.Topology.Sheaves.SheafCondition.Sites (3.0s)
✔ [6005/9243] Built Mathlib.RingTheory.Coalgebra.GroupLike (3.8s)
✔ [6006/9243] Built Mathlib.AlgebraicTopology.SimplicialSet.Homology.MapHomologicalComplex (2.9s)
✔ [6007/9243] Built Mathlib.AlgebraicTopology.SimplicialSet.Homology.HomologyZero (3.0s)
✔ [6008/9243] Built CanonicalRoots.AdicAlgebraFunctor (10s)
✔ [6009/9243] Built Mathlib.Algebra.Homology.ConcreteCategory (3.5s)
✔ [6010/9243] Built Mathlib.AlgebraicTopology.SimplicialSet.Homology.Relative (5.3s)
✔ [6011/9243] Built Mathlib.AlgebraicTopology.DoldKan.Homotopies (3.0s)
✔ [6012/9243] Built Mathlib.CategoryTheory.Sites.DenseSubsite.SheafEquiv (7.4s)
✔ [6013/9243] Built Mathlib.CategoryTheory.Sites.DenseSubsite.OneHypercoverDense (8.3s)
✔ [6014/9243] Built Mathlib.Algebra.Homology.BifunctorHomotopy (5.8s)
✔ [6015/9243] Built Mathlib.Algebra.Homology.QuasiIso (3.7s)
✔ [6016/9243] Built Mathlib.Algebra.Homology.HomotopyCategory (3.8s)
✔ [6017/9243] Built Mathlib.Algebra.Homology.HomotopyCofiber (7.7s)
✔ [6018/9243] Built Mathlib.LinearAlgebra.Matrix.GeneralLinearGroup.Card (3.8s)
✔ [6019/9243] Built Mathlib.Algebra.Homology.HomotopyCategory.HomComplex (8.6s)
✔ [6020/9243] Built Mathlib.Combinatorics.Configuration (4.1s)
✔ [6021/9243] Built Mathlib.LinearAlgebra.Matrix.Echelon.Pivot (3.1s)
✔ [6022/9243] Built Mathlib.AlgebraicTopology.ExtraDegeneracy (8.9s)
✔ [6023/9243] Built Mathlib.LinearAlgebra.Matrix.WithConv (5.6s)
✔ [6024/9243] Built Mathlib.AlgebraicTopology.SimplicialObject.ChainHomotopy (10s)
✔ [6025/9243] Built Mathlib.LinearAlgebra.SymplecticGroup (5.5s)
✔ [6026/9243] Built Mathlib.Geometry.Polygon.Basic (2.7s)
✔ [6027/9243] Built Mathlib.LinearAlgebra.BilinearForm.DualLattice (3.8s)
✔ [6028/9243] Built Mathlib.LinearAlgebra.Determinant (9.1s)
✔ [6029/9243] Built Mathlib.LinearAlgebra.BilinearForm.Orthogonal (4.5s)
✔ [6030/9243] Built Mathlib.Algebra.Homology.Monoidal (5.5s)
✔ [6031/9243] Built Mathlib.Analysis.Convex.BetweenList (4.8s)
✔ [6032/9243] Built Mathlib.Analysis.Convex.Visible (5.9s)
✔ [6033/9243] Built Mathlib.RingTheory.Regular.LinearMap (4.8s)
✔ [6034/9243] Built Mathlib.LinearAlgebra.PerfectPairing.Restrict (5.8s)
✔ [6035/9243] Built Mathlib.Topology.MetricSpace.Congruence (2.9s)
✔ [6036/9243] Built Mathlib.LinearAlgebra.Coevaluation (3.7s)
✔ [6037/9243] Built Mathlib.Topology.MetricSpace.DilationEquiv (3.5s)
✔ [6038/9243] Built Mathlib.LinearAlgebra.RootSystem.Defs (7.9s)
✔ [6039/9243] Built Mathlib.Analysis.Normed.Group.Rat (2.5s)
✔ [6040/9243] Built Mathlib.Topology.Metrizable.CompletelyMetrizable (3.2s)
✔ [6041/9243] Built Mathlib.Topology.UniformSpace.CompareReals (2.7s)
✔ [6042/9243] Built Mathlib.Analysis.NormedSpace.FunctionSeries (2.2s)
✔ [6043/9243] Built Mathlib.Topology.Instances.Real.Lemmas (2.9s)
✔ [6044/9243] Built Mathlib.LinearAlgebra.BilinearForm.TensorProduct (8.2s)
✔ [6045/9243] Built Mathlib.Condensed.CartesianClosed (2.8s)
✔ [6046/9243] Built Mathlib.Condensed.Light.CartesianClosed (2.7s)
✔ [6047/9243] Built Mathlib.Analysis.NormedSpace.Real (2.9s)
✔ [6048/9243] Built Mathlib.Analysis.Seminorm (2.6s)
✔ [6049/9243] Built Mathlib.Topology.Instances.ENNReal.ENatENNReal (2.5s)
✔ [6050/9243] Built Mathlib.RingTheory.Extension.Presentation.Basic (6.2s)
✔ [6051/9243] Built Mathlib.MeasureTheory.Measure.MeasureSpace (2.5s)
✔ [6052/9243] Built Mathlib.Algebra.Category.ModuleCat.Differentials.Presheaf (7.3s)
✔ [6053/9243] Built Mathlib.RepresentationTheory.Basic (10s)
✔ [6054/9243] Built Mathlib.Topology.Algebra.ProperAction.AddTorsor (2.1s)
✔ [6055/9243] Built Mathlib.Topology.Algebra.ProperAction.ProperlyDiscontinuous (1.9s)
✔ [6056/9243] Built Mathlib.Topology.Category.TopCat.Monoidal (3.7s)
✔ [6057/9243] Built Mathlib.Topology.Algebra.UniformFilterBasis (2.4s)
✔ [6058/9243] Built Mathlib.Topology.Algebra.TopologicallyNilpotent (2.5s)
✔ [6059/9243] Built Mathlib.Topology.Algebra.Nonarchimedean.TotallyDisconnected (2.3s)
✔ [6060/9243] Built Mathlib.CategoryTheory.Galois.Equivalence (3.2s)
✔ [6061/9243] Built Mathlib.RingTheory.IdealFilter.Topology (3.8s)
✔ [6062/9243] Built Mathlib.Topology.Algebra.Nonarchimedean.Bases (3.4s)
✔ [6063/9243] Built Mathlib.Topology.Homotopy.Basic (5.8s)
✔ [6064/9243] Built Mathlib.Topology.Algebra.NonUnitalStarAlgebra (5.0s)
✔ [6065/9243] Built Mathlib.Analysis.Asymptotics.Prod (3.1s)
✔ [6066/9243] Built Mathlib.Topology.Path (6.7s)
✔ [6067/9243] Built Mathlib.LinearAlgebra.Eigenspace.ContinuousLinearMap (2.8s)
✔ [6068/9243] Built Mathlib.Topology.Instances.NNReal.Lemmas (3.6s)
✔ [6069/9243] Built Mathlib.Analysis.Convex.Exposed (3.2s)
✔ [6070/9243] Built Mathlib.Topology.Algebra.Module.PerfectPairing (2.9s)
✔ [6071/9243] Built Mathlib.Topology.Algebra.Module.ContinuousLinearMap.Extend (2.5s)
✔ [6072/9243] Built Mathlib.Topology.Algebra.Module.ContinuousLinearMap.Quotient (2.6s)
✔ [6073/9243] Built Mathlib.Topology.Algebra.Module.ContinuousLinearMap.Positive (3.6s)
✔ [6074/9243] Built Mathlib.Topology.Algebra.Module.Spaces.WeakBilin (3.2s)
✔ [6075/9243] Built Mathlib.Topology.Algebra.Module.ContinuousLinearMap.RestrictScalars (3.1s)
✔ [6076/9243] Built Mathlib.Topology.Algebra.Algebra (6.4s)
✔ [6077/9243] Built Mathlib.Topology.Algebra.Module.ContinuousLinearMap.Restrict (3.3s)
✔ [6078/9243] Built Mathlib.LinearAlgebra.Matrix.Charpoly.Univ (3.1s)
✔ [6079/9243] Built Mathlib.CategoryTheory.Preadditive.Indization (2.3s)
✔ [6080/9243] Built Mathlib.Topology.Algebra.Module.ContinuousLinearMap.Idempotent (6.0s)
✔ [6081/9243] Built Mathlib.LinearAlgebra.Matrix.Charpoly.LinearMap (4.5s)
✔ [6082/9243] Built Mathlib.Topology.Algebra.SeparationQuotient.Basic (6.1s)
✔ [6083/9243] Built Mathlib.Topology.Algebra.Module.ContinuousLinearMap.PiProd (5.6s)
✔ [6084/9243] Built Mathlib.Topology.Covering.AddCircle (3.5s)
✔ [6085/9243] Built Mathlib.Topology.ContinuousMap.Algebra (10s)
✔ [6086/9243] Built Mathlib.AlgebraicTopology.SimplicialSet.Monomorphisms (3.0s)
✔ [6087/9243] Built Mathlib.CategoryTheory.Presentable.Dense (3.1s)
✔ [6088/9243] Built Mathlib.LinearAlgebra.Trace (8.1s)
✔ [6089/9243] Built Mathlib.CategoryTheory.Presentable.Adjunction (2.6s)
✔ [6090/9243] Built Mathlib.CategoryTheory.Presentable.IsDiscrete (3.1s)
✔ [6091/9243] Built Mathlib.AlgebraicTopology.SimplicialSet.Skeleton (5.3s)
✔ [6092/9243] Built Mathlib.Algebra.Module.CharacterModule (6.9s)
✔ [6093/9243] Built Mathlib.CategoryTheory.Presentable.CardinalDirectedPoset (4.6s)
✔ [6094/9243] Built Mathlib.CategoryTheory.SmallObject.IsCardinalForSmallObjectArgument (5.8s)
✔ [6095/9243] Built Mathlib.CategoryTheory.Presentable.StrongGenerator (3.5s)
✔ [6096/9243] Built Mathlib.CategoryTheory.Sites.Point.OfIsCofiltered (3.9s)
✔ [6097/9243] Built Mathlib.CategoryTheory.Sites.Point.Category (3.6s)
✔ [6098/9243] Built Mathlib.AlgebraicTopology.ModelCategory.DerivabilityStructureCofibrant (2.3s)
✔ [6099/9243] Built Mathlib.Algebra.Category.ModuleCat.AB (3.0s)
✔ [6100/9243] Built Mathlib.AlgebraicTopology.SimplicialSet.AnodyneExtensions.Rank (3.1s)
✔ [6101/9243] Built Mathlib.CategoryTheory.Abelian.GrothendieckCategory.ColimCoyoneda (4.6s)
✔ [6102/9243] Built Mathlib.CategoryTheory.Sites.Point.Skyscraper (5.5s)
✔ [6103/9243] Built Mathlib.GroupTheory.SpecificGroups.Alternating.Simple (7.1s)
✔ [6104/9243] Built Mathlib.Algebra.Lie.Solvable (5.3s)
✔ [6105/9243] Built Mathlib.AlgebraicTopology.ModelCategory.DerivabilityStructureFibrant (2.0s)
✔ [6106/9243] Built Mathlib.Algebra.Lie.Derivation.BaseChange (4.6s)
✔ [6107/9243] Built Mathlib.Algebra.Lie.SkewAdjoint (3.2s)
✔ [6108/9243] Built Mathlib.Topology.Sheaves.PUnit (2.1s)
✔ [6109/9243] Built Mathlib.AlgebraicTopology.ModelCategory.BifibrantObjectHomotopy (4.6s)
✔ [6110/9243] Built Mathlib.AlgebraicTopology.SimplicialSet.HomotopyCat (5.3s)
✔ [6111/9243] Built Mathlib.Algebra.Lie.SemiDirect (4.8s)
✔ [6112/9243] Built Mathlib.Algebra.Homology.LeftResolution.Reduced (3.4s)
✔ [6113/9243] Built Mathlib.Algebra.Homology.SpectralObject.Homology (4.6s)
✔ [6114/9243] Built Mathlib.RingTheory.Bialgebra.GroupLike (2.6s)
✔ [6115/9243] Built Mathlib.Topology.Sheaves.SheafCondition.OpensLeCover (3.1s)
✔ [6116/9243] Built Mathlib.LinearAlgebra.Matrix.BilinearForm (6.8s)
✔ [6117/9243] Built Mathlib.Topology.Sheaves.Functors (4.2s)
✔ [6118/9243] Built Mathlib.CategoryTheory.Sites.ConstantSheaf (3.2s)
✔ [6119/9243] Built Mathlib.AlgebraicTopology.DoldKan.Faces (3.3s)
✔ [6120/9243] Built Mathlib.CategoryTheory.Sites.DenseSubsite.InducedTopology (2.6s)
✔ [6121/9243] Built CanonicalRoots.AdicIdealFunctor (4.4s)
✔ [6122/9243] Built Mathlib.Algebra.Homology.HomologicalComplexLimitsEventuallyConstant (2.0s)
✔ [6123/9243] Built Mathlib.CategoryTheory.Functor.ReflectsIso.Exact (2.2s)
✔ [6124/9243] Built Mathlib.Algebra.Category.ModuleCat.Presheaf.Sheafify (8.8s)
✔ [6125/9243] Built Mathlib.Algebra.Homology.HomologySequenceLemmas (3.8s)
✔ [6126/9243] Built Mathlib.Algebra.Homology.Functor (2.5s)
✔ [6127/9243] Built Mathlib.CategoryTheory.Preadditive.Projective.Resolution (3.0s)
✔ [6128/9243] Built Mathlib.CategoryTheory.Preadditive.Injective.Resolution (2.8s)
✔ [6129/9243] Built Mathlib.Algebra.Homology.Opposite (5.1s)
✔ [6130/9243] Built Mathlib.Algebra.Homology.HomotopyCategory.HomComplexInduction (2.2s)
✔ [6131/9243] Built Mathlib.Algebra.Homology.Localization (3.6s)
✔ [6132/9243] Built Mathlib.Algebra.Homology.ModelCategory.Lifting (3.3s)
✔ [6133/9243] Built Mathlib.LinearAlgebra.Matrix.Echelon.Decomposition (2.4s)
✔ [6134/9243] Built Mathlib.CategoryTheory.Limits.FormalCoproducts.ExtraDegeneracy (2.8s)
✔ [6135/9243] Built Mathlib.AlgebraicTopology.SimplicialSet.Homology.HomotopyInvariance (2.5s)
✔ [6136/9243] Built Mathlib.Algebra.Homology.AlternatingConst (3.6s)
✔ [6137/9243] Built Mathlib.Algebra.Homology.HomotopyCategory.Shift (6.2s)
✔ [6138/9243] Built Mathlib.LinearAlgebra.Complex.Determinant (2.4s)
✔ [6139/9243] Built Mathlib.Algebra.QuadraticAlgebra.NormDeterminant (2.9s)
✔ [6140/9243] Built Mathlib.RingTheory.Polynomial.DegreeLT (3.7s)
✔ [6141/9243] Built Mathlib.LinearAlgebra.QuadraticForm.Basic (16s)
✔ [6142/9243] Built Mathlib.LinearAlgebra.FreeModule.Determinant (2.0s)
✔ [6143/9243] Built Mathlib.LinearAlgebra.FreeModule.Finite.CardQuotient (3.4s)
✔ [6144/9243] Built Mathlib.RingTheory.Norm.Defs (3.1s)
✔ [6145/9243] Built Mathlib.RingTheory.TensorProduct.IsBaseChangeHom (6.1s)
✔ [6146/9243] Built Mathlib.Algebra.Homology.HomotopyCategory.MappingCone (8.5s)
✔ [6147/9243] Built Mathlib.LinearAlgebra.Orientation (5.0s)
✔ [6148/9243] Built Mathlib.Topology.MetricSpace.Similarity (3.5s)
✔ [6149/9243] Built Mathlib.LinearAlgebra.RootSystem.OfBilinear (4.2s)
✔ [6150/9243] Built Mathlib.Algebra.Category.FGModuleCat.Basic (5.4s)
✔ [6151/9243] Built Mathlib.RepresentationTheory.Submodule (4.1s)
✔ [6152/9243] Built Mathlib.Combinatorics.Enumerative.Pentagonal.Ring (3.6s)
✔ [6153/9243] Built Mathlib.RepresentationTheory.Subrepresentation (4.2s)
✔ [6154/9243] Built Mathlib.Topology.Homotopy.Equiv (3.3s)
✔ [6155/9243] Built Mathlib.Topology.Homotopy.TopCat.Basic (3.5s)
✔ [6156/9243] Built Mathlib.RingTheory.MvPowerSeries.PiTopology (4.1s)
✔ [6157/9243] Built Mathlib.RingTheory.Extension.Presentation.Submersive (6.1s)
✔ [6158/9243] Built Mathlib.Topology.Homotopy.TopCat.Path (2.5s)
✔ [6159/9243] Built Mathlib.Topology.UniformSpace.Path (2.6s)
✔ [6160/9243] Built Mathlib.Topology.Homotopy.HSpaces (3.9s)
✔ [6161/9243] Built Mathlib.Analysis.Real.Spectrum (2.8s)
✔ [6162/9243] Built Mathlib.Topology.Connected.PathConnected (4.4s)
✔ [6163/9243] Built Mathlib.Analysis.Real.Sqrt (4.4s)
✔ [6164/9243] Built Mathlib.CategoryTheory.Generator.Indization (2.6s)
✔ [6165/9243] Built Mathlib.Topology.Instances.ENNReal.Lemmas (5.0s)
✔ [6166/9243] Built Mathlib.Topology.Algebra.Module.LinearMap (2.4s)
✔ [6167/9243] Built Mathlib.Topology.Algebra.LinearMapCompletion (4.7s)
✔ [6168/9243] Built Mathlib.Topology.Algebra.Module.Spaces.WeakDual (4.8s)
✔ [6169/9243] Built Mathlib.FieldTheory.Minpoly.Finite (2.5s)
✔ [6170/9243] Built Mathlib.Topology.Algebra.StarSubalgebra (5.5s)
✔ [6171/9243] Built Mathlib.Topology.Algebra.SeparationQuotient.FiniteDimensional (2.2s)
✔ [6172/9243] Built Mathlib.Topology.Algebra.SeparationQuotient.Hom (2.5s)
✔ [6173/9243] Built Mathlib.Topology.Algebra.SeparationQuotient.Section (2.9s)
✔ [6174/9243] Built Mathlib.Topology.Algebra.UniformRing (3.9s)
✔ [6175/9243] Built Mathlib.RingTheory.IntegralClosure.Algebra.Basic (4.0s)
✔ [6176/9243] Built Mathlib.Topology.MetricSpace.Algebra (4.4s)
✔ [6177/9243] Built Mathlib.Topology.Instances.TrivSqZeroExt (3.2s)
✔ [6178/9243] Built Mathlib.Topology.Algebra.Module.LinearMapPiProd (2.1s)
✔ [6179/9243] Built Mathlib.RingTheory.Extension.Cotangent.Basic (16s)
✔ [6180/9243] Built Mathlib.Topology.ContinuousMap.Star (2.9s)
✔ [6181/9243] Built Mathlib.Topology.Algebra.Group.CompactOpen (3.8s)
✔ [6182/9243] Built Mathlib.Topology.ContinuousMap.LocallyConstant (3.1s)
✔ [6183/9243] Built Mathlib.Topology.UniformSpace.ProdApproximation (3.8s)
✔ [6184/9243] Built Mathlib.Topology.ContinuousMap.Lattice (2.8s)
✔ [6185/9243] Built Mathlib.CategoryTheory.ObjectProperty.Ind (3.1s)
✔ [6186/9243] Built Mathlib.Topology.Algebra.Module.Multilinear.Basic (8.0s)
✔ [6187/9243] Built Mathlib.CategoryTheory.Presentable.CardinalPure (3.6s)
✔ [6188/9243] Built Mathlib.Algebra.DirectSum.LinearMap (4.4s)
✔ [6189/9243] Built Mathlib.Topology.Algebra.ContinuousAffineMap (10s)
✔ [6190/9243] Built Mathlib.LinearAlgebra.PID (3.5s)
✔ [6191/9243] Built Mathlib.AlgebraicTopology.SimplicialSet.CategoryWithFibrations (3.1s)
✔ [6192/9243] Built Mathlib.CategoryTheory.Presentable.OrthogonalReflection (4.0s)
✔ [6193/9243] Built Mathlib.Algebra.Category.Grp.LargeColimits (3.3s)
✔ [6194/9243] Built Mathlib.RingTheory.Flat.Tensor (3.5s)
✔ [6195/9243] Built Mathlib.CategoryTheory.Presentable.Presheaf (2.9s)
✔ [6196/9243] Built Mathlib.Algebra.Category.Grp.EnoughInjectives (3.2s)
✔ [6197/9243] Built Mathlib.CategoryTheory.Presentable.Type (2.8s)
✔ [6198/9243] Built Mathlib.CategoryTheory.SmallObject.Basic (2.5s)
✔ [6199/9243] Built Mathlib.CategoryTheory.Sites.Point.Map (3.6s)
✔ [6200/9243] Built Mathlib.AlgebraicTopology.SimplicialSet.AnodyneExtensions.RankNat (2.8s)
✔ [6201/9243] Built Mathlib.CategoryTheory.Presentable.SharplyLT.Basic (6.4s)
✔ [6202/9243] Built Mathlib.Topology.ContinuousMap.Periodic (14s)
✔ [6203/9243] Built Mathlib.CategoryTheory.Sites.Point.Conservative (4.2s)
✔ [6204/9243] Built Mathlib.CategoryTheory.Sites.Point.Comap (4.1s)
✔ [6205/9243] Built Mathlib.AlgebraicTopology.SimplicialSet.AnodyneExtensions.RelativeCellComplex (6.4s)
✔ [6206/9243] Built Mathlib.Algebra.Lie.Character (3.8s)
✔ [6207/9243] Built Mathlib.Algebra.Lie.Semisimple.Defs (3.9s)
✔ [6208/9243] Built Mathlib.AlgebraicTopology.ModelCategory.FundamentalLemma (2.9s)
✔ [6209/9243] Built Mathlib.AlgebraicTopology.SimplicialSet.AnodyneExtensions.UnionProd (8.2s)
✔ [6210/9243] Built Mathlib.Topology.Algebra.Module.Equiv (20s)
✔ [6211/9243] Built Mathlib.Algebra.Lie.Classical (6.8s)
✔ [6212/9243] Built Mathlib.RingTheory.HopfAlgebra.GroupLike (3.3s)
✔ [6213/9243] Built Mathlib.Algebra.Lie.Nilpotent (9.8s)
✔ [6214/9243] Built Mathlib.Topology.Sheaves.Alexandrov (4.6s)
✔ [6215/9243] Built Mathlib.CategoryTheory.Sites.Abelian (2.6s)
✔ [6216/9243] Built Mathlib.RingTheory.Trace.Defs (3.9s)
✔ [6217/9243] Built Mathlib.Topology.Sheaves.SheafCondition.PairwiseIntersections (7.0s)
✔ [6218/9243] Built Mathlib.Algebra.Homology.SpectralObject.SpectralSequence (9.8s)
✔ [6219/9243] Built Mathlib.AlgebraicTopology.DoldKan.Projections (3.5s)
✔ [6220/9243] Built Mathlib.CategoryTheory.Sites.GlobalSections (3.5s)
✔ [6221/9243] Built Mathlib.CategoryTheory.Sites.Coherent.SheafComparison (4.3s)
✔ [6222/9243] Built CanonicalRoots.AdicIdealNaturality (2.8s)
✔ [6223/9243] Built Mathlib.CategoryTheory.Sites.Equivalence (4.1s)
✔ [6224/9243] Built Mathlib.RingTheory.Bialgebra.MonoidAlgebra (12s)
✔ [6225/9243] Built CanonicalRoots.AdicAutomorphismAction (3.2s)
✔ [6226/9243] Built Mathlib.CategoryTheory.Abelian.Projective.Resolution (4.0s)
✔ [6227/9243] Built Mathlib.Algebra.Homology.Embedding.IsSupported (2.6s)
✔ [6228/9243] Built Mathlib.CategoryTheory.Abelian.Injective.Resolution (3.0s)
✔ [6229/9243] Built Mathlib.Algebra.Homology.HomotopyFiber (3.0s)
✔ [6230/9243] Built Mathlib.Tactic.Echelon.Cert (2.6s)
✔ [6231/9243] Built Mathlib.AlgebraicTopology.SimplicialSet.HoFunctorMonoidal (16s)
✔ [6232/9243] Built Mathlib.AlgebraicTopology.SimplicialSet.NerveAdjunction (16s)
✔ [6233/9243] Built Mathlib.Algebra.Category.ModuleCat.Presheaf.Sheafification (6.9s)
✔ [6234/9243] Built Mathlib.Algebra.Homology.CochainComplexOpposite (4.8s)
✔ [6235/9243] Built Mathlib.Algebra.Homology.HomotopyCategory.SingleFunctors (3.2s)
✔ [6236/9243] Built Mathlib.Algebra.Homology.HomotopyCategory.ShiftSequence (4.4s)
✔ [6237/9243] Built Mathlib.LinearAlgebra.QuadraticForm.Basis (3.8s)
✔ [6238/9243] Built Mathlib.Algebra.Homology.HomotopyCategory.HomComplexShift (6.7s)
✔ [6239/9243] Built Mathlib.LinearAlgebra.QuadraticForm.Isometry (3.8s)
✔ [6240/9243] Built Mathlib.LinearAlgebra.Complex.Orientation (2.8s)
✔ [6241/9243] Built Mathlib.LinearAlgebra.Matrix.PosDef (6.3s)
✔ [6242/9243] Built Mathlib.CategoryTheory.Abelian.Indization (46s)
✔ [6243/9243] Built Mathlib.Algebra.Category.FGModuleCat.EssentiallySmall (3.7s)
✔ [6244/9243] Built Mathlib.LinearAlgebra.Dual.BaseChange (5.6s)
✔ [6245/9243] Built Mathlib.Algebra.Category.FGModuleCat.Limits (3.5s)
✔ [6246/9243] Built Mathlib.Algebra.Homology.TotalComplexShift (8.1s)
✔ [6247/9243] Built Mathlib.RepresentationTheory.Semisimple (2.8s)
✔ [6248/9243] Built Mathlib.Algebra.Category.FGModuleCat.Colimits (3.2s)
✔ [6249/9243] Built Mathlib.LinearAlgebra.QuadraticForm.TensorProduct (8.8s)
✔ [6250/9243] Built Mathlib.RingTheory.MvPowerSeries.LinearTopology (2.0s)
✔ [6251/9243] Built Mathlib.RingTheory.Smooth.StandardSmooth (2.7s)
✔ [6252/9243] Built Mathlib.RingTheory.PowerSeries.PiTopology (2.0s)
✔ [6253/9243] Built Mathlib.Geometry.Convex.ConvexSpace.PathConnectedSpaceStdSimplex (3.2s)
✔ [6254/9243] Built Mathlib.Topology.Category.TopPair (5.3s)
✔ [6255/9243] Built Mathlib.Analysis.Convex.PathConnected (3.4s)
✔ [6256/9243] Built Mathlib.Topology.Instances.AddCircle.Real (2.8s)
✔ [6257/9243] Built Mathlib.Topology.Connected.LocallyPathConnected (3.1s)
✔ [6258/9243] Built Mathlib.Analysis.NormedSpace.OperatorNorm.Prod (2.4s)
✔ [6259/9243] Built Mathlib.Topology.Homotopy.Path (5.1s)
✔ [6260/9243] Built Mathlib.Analysis.NormedSpace.OperatorNorm.NNNorm (2.4s)
✔ [6261/9243] Built Mathlib.Analysis.Complex.Norm (3.7s)
✔ [6262/9243] Built Mathlib.Analysis.Normed.Operator.FredholmAlternative (2.3s)
✔ [6263/9243] Built Mathlib.Analysis.NormedSpace.OperatorNorm.Completeness (2.4s)
✔ [6264/9243] Built Mathlib.Analysis.NormedSpace.RCLike (2.4s)
✔ [6265/9243] Built Mathlib.Geometry.Manifold.VectorBundle.SmoothSection (2.4s)
✔ [6266/9243] Built Mathlib.Algebra.Order.Archimedean.Real.Hom (2.3s)
✔ [6267/9243] Built Mathlib.RingTheory.Extension.Presentation.Core (7.5s)
✔ [6268/9243] Built Mathlib.Algebra.Order.Star.Real (2.3s)
✔ [6269/9243] Built Mathlib.Data.Real.StarOrdered (2.1s)
✔ [6270/9243] Built Mathlib.NumberTheory.Zsqrtd.ToReal (2.5s)
✔ [6271/9243] Built Mathlib.Tactic.NormNum.RealSqrt (3.1s)
✔ [6272/9243] Built Mathlib.Data.Real.Sqrt (2.1s)
✔ [6273/9243] Built Mathlib.Algebra.Star.CHSH (3.6s)
✔ [6274/9243] Built Mathlib.Combinatorics.SimpleGraph.Extremal.ErdosStoneSimonovits (4.9s)
✔ [6275/9243] Built Mathlib.Data.Real.Hom (2.1s)
✔ [6276/9243] Built Mathlib.NumberTheory.Real.Irrational (3.6s)
✔ [6277/9243] Built Mathlib.Data.Real.CompleteField (1.9s)
✔ [6278/9243] Built Mathlib.RepresentationTheory.Intertwining (12s)
✔ [6279/9243] Built Mathlib.Data.Rat.NatSqrt.Real (1.7s)
✔ [6280/9243] Built Mathlib.Analysis.Rat.NatSqrt.Real (2.6s)
✔ [6281/9243] Built Mathlib.Topology.Algebra.Nonarchimedean.Completion (2.3s)
✔ [6282/9243] Built Mathlib.Topology.Algebra.UniformField (3.1s)
✔ [6283/9243] Built Mathlib.Topology.Algebra.Nonarchimedean.AdicTopology (3.8s)
✔ [6284/9243] Built Mathlib.RingTheory.MvPowerSeries.Evaluation (4.7s)
✔ [6285/9243] Built Mathlib.Topology.Algebra.Module.Spaces.CharacterSpace (4.7s)
✔ [6286/9243] Built Mathlib.LinearAlgebra.Eigenspace.Minpoly (3.0s)
✔ [6287/9243] Built Mathlib.Analysis.Normed.Group.Continuity (5.8s)
✔ [6288/9243] Built Mathlib.Topology.MetricSpace.Completion (3.4s)
✔ [6289/9243] Built Mathlib.RingTheory.IntegralClosure.IsIntegral.AlmostIntegral (5.0s)
✔ [6290/9243] Built Mathlib.RingTheory.IntegralClosure.Algebra.Ideal (4.5s)
✔ [6291/9243] Built Mathlib.Topology.EMetricSpace.BoundedVariation (8.7s)
✔ [6292/9243] Built Mathlib.RingTheory.Extension.Cotangent.Free (4.1s)
✔ [6293/9243] Built Mathlib.RingTheory.IntegralClosure.IsIntegralClosure.Basic (7.6s)
✔ [6294/9243] Built Mathlib.Algebra.Module.Presentation.Differentials (5.7s)
✔ [6295/9243] Built Mathlib.Topology.Algebra.InfiniteSum.ENNReal (11s)
✔ [6296/9243] Built Mathlib.AlgebraicTopology.SimplicialSet.KanComplex (3.8s)
✔ [6297/9243] Built Mathlib.CategoryTheory.MorphismProperty.Ind (4.1s)
✔ [6298/9243] Built Mathlib.Algebra.Category.Grp.Ulift (4.1s)
✔ [6299/9243] Built Mathlib.AlgebraicTopology.SimplicialSet.Presentable (2.8s)
✔ [6300/9243] Built Mathlib.Algebra.Category.ModuleCat.EnoughInjectives (2.7s)
✔ [6301/9243] Built Mathlib.RingTheory.Ideal.Pure (4.3s)
✔ [6302/9243] Built Mathlib.RingTheory.Extension.Cotangent.BaseChange (11s)
✔ [6303/9243] Built Mathlib.NumberTheory.Padics.Measure.Basic (9.1s)
✔ [6304/9243] Built Mathlib.RingTheory.Flat.EquationalCriterion (6.7s)
✔ [6305/9243] Built Mathlib.RingTheory.Kaehler.JacobiZariski (12s)
✔ [6306/9243] Built Mathlib.Topology.Sheaves.Points (2.8s)
✔ [6307/9243] Built Mathlib.RingTheory.AdicCompletion.AsTensorProduct (8.2s)
✔ [6308/9243] Built Mathlib.CategoryTheory.Presentable.SharplyLT.Lemmas (3.1s)
✔ [6309/9243] Built Mathlib.CategoryTheory.Sites.Point.Presheaf (3.3s)
✔ [6310/9243] Built Mathlib.CategoryTheory.Abelian.GrothendieckCategory.EnoughInjectives (5.8s)
✔ [6311/9243] Built Mathlib.Algebra.Lie.Semisimple.Basic (3.6s)
✔ [6312/9243] Built Mathlib.Algebra.Lie.InvariantForm (4.3s)
✔ [6313/9243] Built Mathlib.Topology.Algebra.Module.IsWeak (3.1s)
✔ [6314/9243] Built Mathlib.Analysis.Convex.ContinuousLinearEquiv (2.8s)
✔ [6315/9243] Built Mathlib.Topology.Algebra.InfiniteSum.Module (3.5s)
✔ [6316/9243] Built Mathlib.Topology.Algebra.Algebra.Equiv (4.3s)
✔ [6317/9243] Built Mathlib.Topology.Algebra.Module.LinearPMap (3.8s)
✔ [6318/9243] Built Mathlib.Analysis.CStarAlgebra.Module.Synonym (3.9s)
✔ [6319/9243] Built Mathlib.Topology.Algebra.Module.Complement (6.1s)
✔ [6320/9243] Built Mathlib.Topology.Maps.Strict.Module (2.8s)
✔ [6321/9243] Built Mathlib.Topology.Algebra.Module.TransferInstance (2.9s)
✔ [6322/9243] Built Mathlib.RingTheory.Smooth.Kaehler (17s)
✔ [6323/9243] Built Mathlib.Topology.Algebra.Module.Determinant (2.9s)
✔ [6324/9243] Built Mathlib.Topology.Algebra.Module.Star (3.8s)
✔ [6325/9243] Built Mathlib.Analysis.Fourier.Notation (3.4s)
✔ [6326/9243] Built Mathlib.Topology.Instances.RealVectorSpace (2.9s)
✔ [6327/9243] Built Mathlib.Topology.Algebra.Module.ContinuousLinearMap.Invertible (3.4s)
✔ [6328/9243] Built Mathlib.Algebra.Lie.CartanSubalgebra (2.0s)
✔ [6329/9243] Built Mathlib.Topology.Algebra.ContinuousAffineEquiv (6.9s)
✔ [6330/9243] Built Mathlib.RingTheory.Complex (2.9s)
✔ [6331/9243] Built Mathlib.RingTheory.NormTrace (2.9s)
✔ [6332/9243] Built Mathlib.Topology.Algebra.Module.ClosedSubmodule (5.6s)
✔ [6333/9243] Built Mathlib.Topology.Algebra.Module.Alternating.Basic (9.0s)
✔ [6334/9243] Built Mathlib.Topology.Sheaves.SheafCondition.UniqueGluing (3.7s)
✔ [6335/9243] Built Mathlib.Topology.Algebra.Module.ModuleTopology (5.9s)
✔ [6336/9243] Built Mathlib.Algebra.Homology.SpectralObject.FirstPage (3.3s)
✔ [6337/9243] Built Mathlib.CategoryTheory.Sites.MayerVietorisSquare (6.5s)
✔ [6338/9243] Built Mathlib.CategoryTheory.Sites.LocalSite (3.6s)
✔ [6339/9243] Built Mathlib.AlgebraicTopology.DoldKan.PInfty (3.7s)
✔ [6340/9243] Built Mathlib.CategoryTheory.Abelian.GrothendieckAxioms.Sheaf (2.7s)
✔ [6341/9243] Built Mathlib.CategoryTheory.Sites.Coherent.Equivalence (3.3s)
✔ [6342/9243] Built Mathlib.CategoryTheory.Sites.Coherent.LocallySurjective (3.4s)
✔ [6343/9243] Built Mathlib.CategoryTheory.Topos.Sheaf (4.6s)
✔ [6344/9243] Built Mathlib.Algebra.Homology.Precylinder (3.1s)
✔ [6345/9243] Built Mathlib.RingTheory.HopfAlgebra.MonoidAlgebra (5.1s)
✔ [6346/9243] Built Mathlib.Tactic.Echelon.Bareiss (3.7s)
✔ [6347/9243] Built Mathlib.Algebra.Homology.Embedding.Extend (4.9s)
✔ [6348/9243] Built Mathlib.CategoryTheory.Sites.Over (5.9s)
✔ [6349/9243] Built Mathlib.Topology.Sheaves.SheafCondition.EqualizerProducts (9.4s)
✔ [6350/9243] Built Mathlib.CategoryTheory.Abelian.LeftDerived (5.7s)
✔ [6351/9243] Built Mathlib.CategoryTheory.Category.Cat.Colimit (2.7s)
✔ [6352/9243] Built Mathlib.RingTheory.LinearDisjoint (11s)
✔ [6353/9243] Built Mathlib.CategoryTheory.Abelian.RightDerived (5.3s)
✔ [6354/9243] Built Mathlib.Algebra.Category.ModuleCat.Sheaf.Abelian (2.3s)
✔ [6355/9243] Built Mathlib.Algebra.Category.ModuleCat.Sheaf.Localization (3.6s)
✔ [6356/9243] Built Mathlib.CategoryTheory.Abelian.GrothendieckAxioms.Indization (2.2s)
✔ [6357/9243] Built Mathlib.LinearAlgebra.SesquilinearForm.Star (2.8s)
✔ [6358/9243] Built Mathlib.LinearAlgebra.QuadraticForm.IsometryEquiv (3.0s)
✔ [6359/9243] Built Mathlib.Algebra.Category.ModuleCat.Sheaf.Colimits (4.4s)
✔ [6360/9243] Built Mathlib.Algebra.Homology.HomotopyCategory.HomComplexCohomology (3.9s)
✔ [6361/9243] Built Mathlib.AlgebraicTopology.TopologicalSimplex (2.8s)
✔ [6362/9243] Built Mathlib.Algebra.Category.FGModuleCat.Abelian (3.7s)
✔ [6363/9243] Built Mathlib.LinearAlgebra.Matrix.ZMatrix (6.4s)
✔ [6364/9243] Built Mathlib.RepresentationTheory.Maschke (4.3s)
✔ [6365/9243] Built Mathlib.LinearAlgebra.Matrix.Cartan.Basic (6.4s)
✔ [6366/9243] Built Mathlib.Combinatorics.Enumerative.Pentagonal.PowerSeries (3.6s)
✔ [6367/9243] Built Mathlib.Combinatorics.Enumerative.Partition.GenFun (3.8s)
✔ [6368/9243] Built Mathlib.AlgebraicTopology.EilenbergSteenrod (4.2s)
✔ [6369/9243] Built Mathlib.Algebra.Homology.HomotopyCategory.Pretriangulated (8.7s)
✔ [6370/9243] Built Mathlib.Topology.Connected.LocPathConnected (2.2s)
✔ [6371/9243] Built Mathlib.Topology.Connected.PathComponentOne (2.5s)
✔ [6372/9243] Built Mathlib.Topology.Homotopy.Product (2.8s)
✔ [6373/9243] Built Mathlib.Geometry.Manifold.ChartedSpace (3.7s)
✔ [6374/9243] Built Mathlib.Analysis.Convex.Quasiconvex (3.9s)
✔ [6375/9243] Built Mathlib.Topology.Homotopy.Affine (2.7s)
✔ [6376/9243] Built Mathlib.Analysis.Convex.StdSimplex (4.3s)
✔ [6377/9243] Built Mathlib.Topology.Homotopy.Contractible (2.8s)
✔ [6378/9243] Built Mathlib.Analysis.Complex.Order (3.0s)
✔ [6379/9243] Built Mathlib.Topology.Instances.Irrational (3.1s)
✔ [6380/9243] Built Mathlib.NumberTheory.Rayleigh (3.5s)
✔ [6381/9243] Built Mathlib.NumberTheory.Real.GoldenRatio (3.8s)
✔ [6382/9243] Built Mathlib.AlgebraicTopology.FundamentalGroupoid.Basic (7.4s)
✔ [6383/9243] Built Mathlib.Combinatorics.SimpleGraph.LapMatrix (4.5s)
✔ [6384/9243] Built Mathlib.Topology.Instances.AddCircle.DenseSubgroup (3.8s)
✔ [6385/9243] Built Mathlib.Analysis.Complex.Exponential (6.2s)
✔ [6386/9243] Built Mathlib.NumberTheory.DiophantineApproximation.Basic (4.9s)
✔ [6387/9243] Built Mathlib.Algebra.Homology.BifunctorShift (14s)
✔ [6388/9243] Built Mathlib.RepresentationTheory.Stabilizer (2.0s)
✔ [6389/9243] Built Mathlib.Topology.Algebra.InfiniteSum.Nonarchimedean (2.7s)
✔ [6390/9243] Built Mathlib.Topology.Algebra.IsOpenUnits (3.1s)
✔ [6391/9243] Built Mathlib.RingTheory.AdicCompletion.Topology (3.1s)
✔ [6392/9243] Built Mathlib.RingTheory.PowerSeries.Evaluation (2.0s)
✔ [6393/9243] Built Mathlib.RepresentationTheory.Action (6.8s)
✔ [6394/9243] Built Mathlib.RepresentationTheory.Equiv (5.4s)
✔ [6395/9243] Built Mathlib.Topology.Order.Cadlag (4.2s)
✔ [6396/9243] Built Mathlib.Analysis.Normed.Group.Bounded (3.7s)
✔ [6397/9243] Built Mathlib.Topology.EMetricSpace.VariationOnFromTo (3.2s)
✔ [6398/9243] Built Mathlib.RingTheory.MvPowerSeries.Substitution (6.5s)
✔ [6399/9243] Built Mathlib.Topology.Algebra.InfiniteSum.Real (3.0s)
✔ [6400/9243] Built Mathlib.Analysis.SumOverResidueClass (2.9s)
✔ [6401/9243] Built Mathlib.MeasureTheory.OuterMeasure.Basic (3.2s)
✔ [6402/9243] Built Mathlib.Analysis.Normed.Group.Uniform (6.7s)
✔ [6403/9243] Built Mathlib.FieldTheory.IntermediateField.ExtendRight (5.4s)
✔ [6404/9243] Built Mathlib.RingTheory.NoetherNormalization (6.9s)
✔ [6405/9243] Built Mathlib.AlgebraicTopology.Quasicategory.Basic (2.6s)
✔ [6406/9243] Built Mathlib.AlgebraicTopology.SimplicialSet.AnodyneExtensions.Basic (2.7s)
✔ [6407/9243] Built Mathlib.CategoryTheory.Presentable.Uniformization (2.2s)
✔ [6408/9243] Built Mathlib.CategoryTheory.Abelian.GrothendieckCategory.Coseparator (2.2s)
✔ [6409/9243] Built Mathlib.RingTheory.Algebraic.Integral (9.4s)
✔ [6410/9243] Built Mathlib.Topology.Semicontinuity.Basic (6.6s)
✔ [6411/9243] Built Mathlib.RingTheory.Extension.ExtendScalars (4.2s)
✔ [6412/9243] Built Mathlib.CategoryTheory.Abelian.GrothendieckCategory.ModuleEmbedding.Opposite (4.7s)
✔ [6413/9243] Built Mathlib.Topology.Algebra.AffineSubspace (2.0s)
✔ [6414/9243] Built Mathlib.Analysis.Normed.Group.Submodule (2.9s)
✔ [6415/9243] Built Mathlib.RepresentationTheory.Continuous.Basic (17s)
✔ [6416/9243] Built Mathlib.Topology.Algebra.Star.LinearMap (3.9s)
✔ [6417/9243] Built Mathlib.MeasureTheory.VectorMeasure.Basic (4.3s)
✔ [6418/9243] Built Mathlib.Topology.Algebra.InfiniteSum.DiscreteConvolution (5.8s)
✔ [6419/9243] Built Mathlib.Topology.Sheaves.SheafOfFunctions (1.0s)
✔ [6420/9243] Built Mathlib.AlgebraicTopology.SimplicialSet.KanComplex.MulStruct (10s)
✔ [6421/9243] Built Mathlib.Analysis.Convex.Cone.Basic (3.3s)
✔ [6422/9243] Built Mathlib.RingTheory.LocalRing.Module (9.9s)
✔ [6423/9243] Built Mathlib.Topology.Sheaves.MayerVietoris (2.2s)
✔ [6424/9243] Built Mathlib.Algebra.Lie.Loop (8.8s)
✔ [6425/9243] Built Mathlib.AlgebraicTopology.DoldKan.FunctorN (2.4s)
✔ [6426/9243] Built Mathlib.AlgebraicTopology.DoldKan.Decomposition (2.7s)
✔ [6427/9243] Built Mathlib.AlgebraicTopology.DoldKan.FunctorGamma (3.5s)
✔ [6428/9243] Built Mathlib.Algebra.Homology.Embedding.Splitting (2.2s)
✔ [6429/9243] Built Mathlib.Tactic.NormRank (2.7s)
✔ [6430/9243] Built Mathlib.CategoryTheory.Sites.Coherent.SequentialLimit (3.2s)
✔ [6431/9243] Built Mathlib.Algebra.Homology.Embedding.HomEquiv (2.8s)
✔ [6432/9243] Built Mathlib.Algebra.Homology.Embedding.StupidTrunc (2.2s)
✔ [6433/9243] Built Mathlib.Algebra.Homology.Embedding.ExtendHomotopy (2.8s)
✔ [6434/9243] Built Mathlib.Topology.Sheaves.Stalks (7.2s)
✔ [6435/9243] Built Mathlib.CategoryTheory.MorphismProperty.CommaSites (2.3s)
✔ [6436/9243] Built Mathlib.CategoryTheory.Sites.Point.Over (2.5s)
✔ [6437/9243] Built Mathlib.CategoryTheory.Sites.SubcanonicalOver (2.8s)
✔ [6438/9243] Built Mathlib.CategoryTheory.Sites.CoversTop.Over (2.5s)
✔ [6439/9243] Built Mathlib.Algebra.Homology.Embedding.ExtendHomology (4.3s)
✔ [6440/9243] Built Mathlib.CategoryTheory.Sites.Descent.IsPrestack (4.1s)
✔ [6441/9243] Built Mathlib.CategoryTheory.Sites.LocalProperties (2.4s)
✔ [6442/9243] Built Mathlib.CategoryTheory.Sites.PseudofunctorSheafOver (3.0s)
✔ [6443/9243] Built Mathlib.CategoryTheory.Monoidal.Tor (2.6s)
✔ [6444/9243] Built Mathlib.Topology.Sheaves.Over (4.1s)
✔ [6445/9243] Built Mathlib.CategoryTheory.Abelian.Ext (3.2s)
✔ [6446/9243] Built Mathlib.CategoryTheory.Sites.SheafHom (4.0s)
✔ [6447/9243] Built Mathlib.CategoryTheory.Abelian.GrothendieckAxioms.SheafOfModules (3.9s)
✔ [6448/9243] Built Mathlib.Algebra.Category.ModuleCat.Topology.Basic (14s)
✔ [6449/9243] Built Mathlib.LinearAlgebra.QuadraticForm.Real (3.0s)
✔ [6450/9243] Built Mathlib.LinearAlgebra.QuadraticForm.QuadraticModuleCat (4.7s)
✔ [6451/9243] Built Mathlib.Algebra.Category.ModuleCat.Sheaf.Free (6.4s)
✔ [6452/9243] Built Mathlib.LinearAlgebra.QuadraticForm.Radical (5.6s)
✔ [6453/9243] Built Mathlib.LinearAlgebra.QuadraticForm.Prod (6.3s)
✔ [6454/9243] Built Mathlib.LinearAlgebra.CliffordAlgebra.Basic (7.5s)
✔ [6455/9243] Built Mathlib.Algebra.Homology.HomotopyCategory.HomComplexSingle (5.0s)
✔ [6456/9243] Built Mathlib.Algebra.Lie.SerreConstruction (4.1s)
✔ [6457/9243] Built Mathlib.AlgebraicTopology.SingularSet (4.5s)
✔ [6458/9243] Built Mathlib.LinearAlgebra.Matrix.Cartan (3.1s)
✔ [6459/9243] Built Mathlib.Data.Matrix.Cartan (2.9s)
✔ [6460/9243] Built Mathlib.LinearAlgebra.QuadraticForm.TensorProduct.Isometries (9.5s)
✔ [6461/9243] Built Mathlib.Geometry.Manifold.Instances.Quotient (3.1s)
✔ [6462/9243] Built Mathlib.Analysis.Convex.Contractible (3.4s)
✔ [6463/9243] Built Mathlib.Topology.Homotopy.LocallyContractible (3.2s)
✔ [6464/9243] Built Mathlib.Geometry.Manifold.HasGroupoid (4.3s)
✔ [6465/9243] Built Mathlib.Algebra.Homology.HomotopyCategory.MappingCocone (6.6s)
✔ [6466/9243] Built Mathlib.Combinatorics.Enumerative.Partition.Glaisher (7.8s)
✔ [6467/9243] Built Mathlib.Algebra.Category.ModuleCat.Sheaf.PushforwardContinuous (20s)
✔ [6468/9243] Built Mathlib.Algebra.Homology.HomotopyCategory.Triangulated (7.3s)
✔ [6469/9243] Built Mathlib.Algebra.Homology.HomotopyCategory.DegreewiseSplit (6.4s)
✔ [6470/9243] Built Mathlib.Analysis.Convex.Topology (6.1s)
✔ [6471/9243] Built Mathlib.Topology.Instances.RatLemmas (3.2s)
✔ [6472/9243] Built Mathlib.AlgebraicTopology.FundamentalGroupoid.PUnit (2.6s)
✔ [6473/9243] Built Mathlib.AlgebraicTopology.FundamentalGroupoid.Product (3.6s)
✔ [6474/9243] Built Mathlib.AlgebraicTopology.FundamentalGroupoid.FundamentalGroup (2.6s)
✔ [6475/9243] Built Mathlib.Analysis.SpecialFunctions.Log.ERealExp (2.9s)
✔ [6476/9243] Built Mathlib.NumberTheory.DiophantineApproximation.ContinuedFractions (2.8s)
✔ [6477/9243] Built Mathlib.Topology.Subpath (3.5s)
✔ [6478/9243] Built Mathlib.Analysis.ConstantSpeed (3.6s)
✔ [6479/9243] Built Mathlib.NumberTheory.Pell (6.2s)
✔ [6480/9243] Built CanonicalRoots.PowerSeriesDiagonalFixed (4.2s)
✔ [6481/9243] Built Mathlib.Analysis.Complex.Trigonometric (7.3s)
✔ [6482/9243] Built Mathlib.RingTheory.MvPowerSeries.Rename (5.4s)
✔ [6483/9243] Built Mathlib.MeasureTheory.OuterMeasure.AE (4.7s)
✔ [6484/9243] Built Mathlib.MeasureTheory.OuterMeasure.Operations (4.9s)
✔ [6485/9243] Built Mathlib.Analysis.Normed.Order.Lattice (3.9s)
✔ [6486/9243] Built Mathlib.Analysis.Normed.Group.InfiniteSum (2.6s)
✔ [6487/9243] Built Mathlib.Combinatorics.Additive.VerySmallDoubling (12s)
✔ [6488/9243] Built Mathlib.Analysis.Normed.Group.Completion (2.4s)
✔ [6489/9243] Built Mathlib.AlgebraicTopology.Quasicategory.StrictBicategory (2.2s)
✔ [6490/9243] Built Mathlib.Analysis.Normed.Group.BallSphere (2.8s)
✔ [6491/9243] Built Mathlib.RingTheory.PowerSeries.Substitution (9.5s)
✔ [6492/9243] Built Mathlib.AlgebraicTopology.Quasicategory.TwoTruncatedQuasicategory (2.0s)
✔ [6493/9243] Built Mathlib.Analysis.Normed.Group.Ultra (4.2s)
✔ [6494/9243] Built Mathlib.AlgebraicTopology.Quasicategory.InnerFibration (2.6s)
✔ [6495/9243] Built Mathlib.Analysis.Normed.Group.Hom (6.1s)
✔ [6496/9243] Built Mathlib.AlgebraicTopology.SimplicialSet.AnodyneExtensions.PushoutProduct (2.8s)
✔ [6497/9243] Built Mathlib.AlgebraicTopology.Quasicategory.StrictSegal (3.2s)
✔ [6498/9243] Built Mathlib.CategoryTheory.Abelian.GrothendieckCategory.ModuleEmbedding.GabrielPopescu (4.5s)
✔ [6499/9243] Built Mathlib.RingTheory.Algebraic.Denominator (3.2s)
✔ [6500/9243] Built Mathlib.FieldTheory.Minpoly.Field (4.7s)
✔ [6501/9243] Built Mathlib.FieldTheory.IntermediateField.Algebraic (5.4s)
✔ [6502/9243] Built Mathlib.Topology.Semicontinuity.Lindelof (3.8s)
✔ [6503/9243] Built Mathlib.CategoryTheory.Presentable.Comma (7.8s)
✔ [6504/9243] Built Mathlib.Topology.Instances.EReal.Lemmas (5.1s)
✔ [6505/9243] Built Mathlib.CategoryTheory.Abelian.FreydMitchell (3.9s)
✔ [6506/9243] Built Mathlib.Analysis.Normed.Group.AddTorsor (4.1s)
✔ [6507/9243] Built Mathlib.RingTheory.Localization.Integral (7.2s)
✔ [6508/9243] Built Mathlib.AlgebraicTopology.DoldKan.NReflectsIso (2.9s)
✔ [6509/9243] Built Mathlib.AlgebraicTopology.DoldKan.Normalized (3.4s)
✔ [6510/9243] Built Mathlib.Algebra.Module.SpanRankOperations (4.8s)
✔ [6511/9243] Built Mathlib.AlgebraicTopology.DoldKan.Degeneracies (3.4s)
✔ [6512/9243] Built Mathlib.Topology.Sheaves.LocalPredicate (3.9s)
✔ [6513/9243] Built Mathlib.Algebra.Homology.Embedding.TruncGE (5.2s)
✔ [6514/9243] Built Mathlib.Topology.Sheaves.EtaleSpace (3.8s)
✔ [6515/9243] Built Mathlib.Topology.Sheaves.Skyscraper (5.9s)
✔ [6516/9243] Built Mathlib.Topology.Sheaves.LocallySurjective (2.9s)
✔ [6517/9243] Built Mathlib.Geometry.RingedSpace.Stalks (4.8s)
✔ [6518/9243] Built Mathlib.Topology.Sheaves.CommRingCat (7.7s)
✔ [6519/9243] Built Mathlib.Analysis.Normed.Ring.Basic (13s)
✔ [6520/9243] Built Mathlib.FieldTheory.RatFunc.Basic (18s)
✔ [6521/9243] Built Mathlib.Algebra.Homology.LocalCohomology (3.7s)
✔ [6522/9243] Built Mathlib.CategoryTheory.Sites.Monoidal (3.4s)
✔ [6523/9243] Built Mathlib.LinearAlgebra.CliffordAlgebra.CategoryTheory (2.7s)
✔ [6524/9243] Built Mathlib.RepresentationTheory.Rep.Basic (32s)
✔ [6525/9243] Built Mathlib.Algebra.Category.ModuleCat.Topology.Homology (4.8s)
✔ [6526/9243] Built Mathlib.LinearAlgebra.QuadraticForm.Signature (4.6s)
✔ [6527/9243] Built Mathlib.Algebra.Category.ModuleCat.Stalk (12s)
✔ [6528/9243] Built Mathlib.AlgebraicTopology.SingularHomology.Basic (3.4s)
✔ [6529/9243] Built Mathlib.LinearAlgebra.QuadraticForm.Dual (6.7s)
✔ [6530/9243] Built Mathlib.AlgebraicTopology.SimplicialSet.TopAdj (3.9s)
✔ [6531/9243] Built Mathlib.LinearAlgebra.ExteriorAlgebra.Basic (6.9s)
✔ [6532/9243] Built Mathlib.RepresentationTheory.Continuous.TopRep (10s)
✔ [6533/9243] Built Mathlib.Analysis.Normed.Operator.LinearIsometry (22s)
✔ [6534/9243] Built Mathlib.Geometry.Manifold.LocalInvariantProperties (4.8s)
✔ [6535/9243] Built Mathlib.LinearAlgebra.CliffordAlgebra.Grading (7.6s)
✔ [6536/9243] Built Mathlib.Algebra.Homology.HomotopyCategory.SpectralObject (3.2s)
✔ [6537/9243] Built Mathlib.Topology.Sheaves.Module (3.9s)
✔ [6538/9243] Built Mathlib.Algebra.Homology.HomotopyCategory.ChainComplex (2.8s)
✔ [6539/9243] Built Mathlib.Algebra.Homology.HomotopyCategory.HomologicalFunctor (2.0s)
✔ [6540/9243] Built Mathlib.Algebra.Category.ModuleCat.Sheaf.Generators (5.4s)
✔ [6541/9243] Built Mathlib.LinearAlgebra.QuadraticForm.QuadraticModuleCat.Monoidal (8.7s)
✔ [6542/9243] Built Mathlib.Topology.Algebra.Module.LocallyConvex (3.8s)
✔ [6543/9243] Built Mathlib.Topology.Algebra.AsymptoticCone (5.6s)
✔ [6544/9243] Built Mathlib.Analysis.ODE.DiscreteGronwall (4.2s)
✔ [6545/9243] Built Mathlib.AlgebraicTopology.FundamentalGroupoid.InducedMaps (4.9s)
✔ [6546/9243] Built Mathlib.MeasureTheory.OuterMeasure.BorelCantelli (3.2s)
✔ [6547/9243] Built Mathlib.Analysis.SpecialFunctions.Trigonometric.Chebyshev.Basic (4.1s)
✔ [6548/9243] Built Mathlib.Algebra.Category.ModuleCat.Sheaf.PullbackContinuous (10s)
✔ [6549/9243] Built CanonicalRoots.PowerSeriesInvariantCotangent (5.3s)
✔ [6550/9243] Built Mathlib.Topology.UniformSpace.Dini (3.4s)
✔ [6551/9243] Built Mathlib.Analysis.Normed.Group.FunctionSeries (3.6s)
✔ [6552/9243] Built Mathlib.Analysis.Asymptotics.Completion (2.8s)
✔ [6553/9243] Built Mathlib.Topology.Homotopy.HomotopyGroup (7.5s)
✔ [6554/9243] Built Mathlib.AlgebraicTopology.SimplicialSet.AnodyneExtensions.Inner.Basic (3.1s)
✔ [6555/9243] Built Mathlib.RingTheory.PowerSeries.Derivative (4.1s)
✔ [6556/9243] Built Mathlib.CategoryTheory.Sites.Descent.DescentData (25s)
✔ [6557/9243] Built Mathlib.AlgebraicTopology.Quasicategory.Nerve (2.5s)
✔ [6558/9243] Built Mathlib.NumberTheory.ArithmeticFunction.LFunction (5.4s)
✔ [6559/9243] Built Mathlib.Analysis.Normed.Group.SeparationQuotient (3.2s)
✔ [6560/9243] Built Mathlib.Analysis.Normed.Group.HomCompletion (3.4s)
✔ [6561/9243] Built Mathlib.Analysis.Normed.Group.SemiNormedGrp (4.5s)
✔ [6562/9243] Built Mathlib.Algebra.Polynomial.Module.FiniteDimensional (2.7s)
✔ [6563/9243] Built Mathlib.RingTheory.MvPowerSeries.Equiv (7.6s)
✔ [6564/9243] Built Mathlib.RingTheory.Valuation.Minpoly (2.5s)
✔ [6565/9243] Built Mathlib.LinearAlgebra.AnnihilatingPolynomial (2.7s)
✔ [6566/9243] Built Mathlib.CategoryTheory.Presentable.SolutionSetCondition (1.0s)
✔ [6567/9243] Built Mathlib.FieldTheory.Normal.Defs (4.6s)
✔ [6568/9243] Built Mathlib.LinearAlgebra.Charpoly.Basic (3.5s)
✔ [6569/9243] Built Mathlib.RingTheory.PowerBasis (5.1s)
✔ [6570/9243] Built Mathlib.Analysis.Normed.Affine.Simplex (3.7s)
✔ [6571/9243] Built Mathlib.Analysis.SpecificLimits.Basic (4.9s)
✔ [6572/9243] Built Mathlib.AlgebraicTopology.DoldKan.HomotopyEquivalence (3.1s)
✔ [6573/9243] Built Mathlib.RingTheory.RingHom.Integral (3.0s)
✔ [6574/9243] Built Mathlib.FieldTheory.IntermediateField.Adjoin.Algebra (6.4s)
✔ [6575/9243] Built Mathlib.Topology.Sion (5.6s)
✔ [6576/9243] Built Mathlib.RingTheory.Ideal.GoingUp (4.9s)
✔ [6577/9243] Built Mathlib.RingTheory.IntegralClosure.IntegrallyClosed (5.4s)
✔ [6578/9243] Built Mathlib.Topology.Sheaves.Sheafify (2.7s)
✔ [6579/9243] Built Mathlib.Algebra.Homology.Embedding.TruncGEHomology (3.7s)
✔ [6580/9243] Built Mathlib.RingTheory.FormalGroup.Basic (13s)
✔ [6581/9243] Built Mathlib.Algebra.Homology.Embedding.TruncLE (3.9s)
✔ [6582/9243] Built Mathlib.Analysis.Normed.Group.Tannery (2.9s)
✔ [6583/9243] Built Mathlib.Topology.Algebra.InfiniteSum.Field (2.3s)
✔ [6584/9243] Built Mathlib.Geometry.RingedSpace.SheafedSpace (3.7s)
✔ [6585/9243] Built Mathlib.Analysis.Normed.Ring.Finite (2.1s)
✔ [6586/9243] Built Mathlib.Analysis.Normed.Ring.TransferInstance (2.2s)
✔ [6587/9243] Built Mathlib.Analysis.Normed.Ring.Lemmas (4.1s)
✔ [6588/9243] Built Mathlib.Analysis.Normed.Ring.Ultra (2.3s)
✔ [6589/9243] Built Mathlib.Analysis.Asymptotics.Arith (3.9s)
✔ [6590/9243] Built Mathlib.CategoryTheory.Sites.Point.Monoidal (3.0s)
✔ [6591/9243] Built Mathlib.Topology.Sheaves.Abelian (6.6s)
✔ [6592/9243] Built Mathlib.Analysis.Normed.Field.Basic (4.2s)
✔ [6593/9243] Built Mathlib.Topology.Homotopy.TopCat.ToSSet (2.4s)
✔ [6594/9243] Built Mathlib.RepresentationTheory.Rep.Res (3.6s)
✔ [6595/9243] Built Mathlib.Topology.Homotopy.TopCat.ZerothHomotopy (2.8s)
✔ [6596/9243] Built Mathlib.RepresentationTheory.Rep.Iso (4.3s)
✔ [6597/9243] Built Mathlib.Geometry.Manifold.Sheaf.Basic (2.2s)
✔ [6598/9243] Built Mathlib.LinearAlgebra.ExteriorAlgebra.Grading (3.4s)
✔ [6599/9243] Built Mathlib.Algebra.Homology.HomotopyCategory.Acyclic (2.3s)
✔ [6600/9243] Built Mathlib.LinearAlgebra.QuadraticForm.QuadraticModuleCat.Symmetric (3.0s)
✔ [6601/9243] Built Mathlib.Topology.ContinuousMap.LocallyConvex (2.6s)
✔ [6602/9243] Built Mathlib.LinearAlgebra.CliffordAlgebra.Prod (4.6s)
✔ [6603/9243] Built Mathlib.LinearAlgebra.CliffordAlgebra.Conjugation (4.5s)
✔ [6604/9243] Built Mathlib.Analysis.Convex.TotallyBounded (3.0s)
✔ [6605/9243] Built Mathlib.RepresentationTheory.Homological.ContCohomology.Basic (5.8s)
✔ [6606/9243] Built Mathlib.Algebra.Homology.HomotopyCategory.ShortExact (4.9s)
✔ [6607/9243] Built Mathlib.AlgebraicTopology.FundamentalGroupoid.SimplyConnected (3.4s)
✔ [6608/9243] Built Mathlib.AlgebraicTopology.SimplicialSet.AnodyneExtensions.Inner.PushoutProduct (2.3s)
✔ [6609/9243] Built Mathlib.CategoryTheory.Sites.Descent.IsStack (2.0s)
✔ [6610/9243] Built Mathlib.Algebra.Category.ModuleCat.Sheaf.PullbackFree (4.2s)
✔ [6611/9243] Built Mathlib.RingTheory.PowerSeries.Exp (3.1s)
✔ [6612/9243] Built Mathlib.Analysis.Normed.Group.SemiNormedGrp.Completion (2.7s)
✔ [6613/9243] Built Mathlib.LinearAlgebra.Charpoly.ToMatrix (3.0s)
✔ [6614/9243] Built Mathlib.LinearAlgebra.Matrix.Charpoly.Minpoly (2.6s)
✔ [6615/9243] Built Mathlib.Analysis.Normed.Group.Completeness (2.5s)
✔ [6616/9243] Built Mathlib.MeasureTheory.OuterMeasure.OfFunction (3.2s)
✔ [6617/9243] Built Mathlib.RingTheory.Conductor (4.4s)
✔ [6618/9243] Built Mathlib.Analysis.BoxIntegral.Box.SubboxInduction (3.1s)
✔ [6619/9243] Built Mathlib.FieldTheory.Separable (4.7s)
✔ [6620/9243] Built Mathlib.RingTheory.Adjoin.PowerBasis (4.2s)
✔ [6621/9243] Built Mathlib.RingTheory.AdicCompletion.Completeness (6.9s)
✔ [6622/9243] Built Mathlib.Analysis.SpecialFunctions.ArithmeticGeometricMean (3.3s)
✔ [6623/9243] Built Mathlib.Analysis.SpecificLimits.ArithmeticGeometric (3.2s)
✔ [6624/9243] Built Mathlib.Topology.MetricSpace.Contracting (3.6s)
✔ [6625/9243] Built Mathlib.Analysis.Real.Cardinality (3.5s)
✔ [6626/9243] Built Mathlib.Analysis.Hofer (3.7s)
✔ [6627/9243] Built Mathlib.Dynamics.Circle.RotationNumber.TranslationNumber (5.8s)
✔ [6628/9243] Built Mathlib.Analysis.Asymptotics.LinearGrowth (5.0s)
✔ [6629/9243] Built Mathlib.Topology.Baire.CompleteMetrizable (3.1s)
✔ [6630/9243] Built Mathlib.CategoryTheory.Sites.Descent.DescentDataPrime (12s)
✔ [6631/9243] Built Mathlib.Topology.MetricSpace.HausdorffDistance (4.7s)
✔ [6632/9243] Built Mathlib.AlgebraicTopology.DoldKan.SplitSimplicialObject (4.4s)
✔ [6633/9243] Built Mathlib.RingTheory.Flat.FaithfullyFlat.Algebra (3.0s)
✔ [6634/9243] Built Mathlib.RingTheory.AlgebraicIndependent.Adjoin (5.1s)
✔ [6635/9243] Built Mathlib.Algebra.GCDMonoid.IntegrallyClosed (3.5s)
✔ [6636/9243] Built Mathlib.RingTheory.Valuation.Integral (4.1s)
✔ [6637/9243] Built Mathlib.RingTheory.Jacobson.Ring (6.8s)
✔ [6638/9243] Built Mathlib.RingTheory.AlgebraicIndependent.TranscendenceBasis (8.4s)
✔ [6639/9243] Built Mathlib.RingTheory.LocalProperties.IntegrallyClosed (5.1s)
✔ [6640/9243] Built Mathlib.Algebra.Homology.Embedding.TruncLEHomology (4.1s)
✔ [6641/9243] Built Mathlib.RingTheory.Polynomial.RationalRoot (4.6s)
✔ [6642/9243] Built Mathlib.Geometry.RingedSpace.Basic (4.6s)
✔ [6643/9243] Built Mathlib.RingTheory.AdjoinRoot (19s)
✔ [6644/9243] Built Mathlib.Algebra.Category.ModuleCat.Sheaf.Quasicoherent (25s)
✔ [6645/9243] Built Mathlib.RingTheory.Spectrum.Prime.Topology (9.5s)
✔ [6646/9243] Built Mathlib.Analysis.Normed.Ring.Int (2.6s)
✔ [6647/9243] Built Mathlib.CategoryTheory.Sites.Point.IsMonoidalW (2.4s)
✔ [6648/9243] Built Mathlib.Topology.Bornology.BoundedOperation (3.6s)
✔ [6649/9243] Built Mathlib.Analysis.Normed.Ring.InfiniteSum (4.6s)
✔ [6650/9243] Built Mathlib.Analysis.Normed.Ring.WithAbs (5.4s)
✔ [6651/9243] Built Mathlib.AlgebraicTopology.SingularHomology.HomotopyInvariance (2.8s)
✔ [6652/9243] Built Mathlib.Topology.Sheaves.AddCommGrpCat (3.9s)
✔ [6653/9243] Built Mathlib.Analysis.Calculus.TangentCone.DimOne (2.6s)
✔ [6654/9243] Built Mathlib.Analysis.Asymptotics.Ring (3.8s)
✔ [6655/9243] Built Mathlib.Analysis.Calculus.TangentCone.Real (3.2s)
✔ [6656/9243] Built Mathlib.Topology.Algebra.Polynomial (3.7s)
✔ [6657/9243] Built Mathlib.RingTheory.MvPowerSeries.Restricted (3.3s)
✔ [6658/9243] Built Mathlib.Analysis.Normed.Field.TransferInstance (2.8s)
✔ [6659/9243] Built Mathlib.Analysis.Polynomial.CauchyBound (4.0s)
✔ [6660/9243] Built Mathlib.NumberTheory.DirichletCharacter.Bounds (2.0s)
✔ [6661/9243] Built Mathlib.LinearAlgebra.Matrix.Gershgorin (3.5s)
✔ [6662/9243] Built Mathlib.Analysis.Normed.Field.Instances (3.1s)
✔ [6663/9243] Built Mathlib.Analysis.Normed.Field.Ultra (2.9s)
✔ [6664/9243] Built Mathlib.Topology.MetricSpace.CauSeqFilter (2.5s)
✔ [6665/9243] Built Mathlib.Analysis.Normed.MulAction (4.0s)
✔ [6666/9243] Built Mathlib.AlgebraicTopology.SingularHomology.HomologyZero (3.2s)
✔ [6667/9243] Built Mathlib.LinearAlgebra.CliffordAlgebra.Star (3.0s)
✔ [6668/9243] Built Mathlib.Algebra.Homology.DerivedCategory.Basic (4.4s)
✔ [6669/9243] Built Mathlib.LinearAlgebra.ExteriorAlgebra.Product (5.5s)
✔ [6670/9243] Built Mathlib.LinearAlgebra.CliffordAlgebra.Fold (5.4s)
✔ [6671/9243] Built Mathlib.LinearAlgebra.CliffordAlgebra.BaseChange (6.1s)
✔ [6672/9243] Built Mathlib.RingTheory.PowerSeries.Log (3.7s)
✔ [6673/9243] Built Mathlib.RepresentationTheory.Coinduced (11s)
✔ [6674/9243] Built Mathlib.LinearAlgebra.Eigenspace.Zero (4.6s)
✔ [6675/9243] Built Mathlib.Topology.Homotopy.Lifting (7.6s)
✔ [6676/9243] Built Mathlib.LinearAlgebra.Charpoly.BaseChange (3.3s)
✔ [6677/9243] Built Mathlib.RepresentationTheory.Coinvariants (13s)
✔ [6678/9243] Built Mathlib.Algebra.Module.LinearMap.Polynomial (6.6s)
✔ [6679/9243] Built Mathlib.CategoryTheory.Sites.Descent.Precoverage (8.1s)
✔ [6680/9243] Built Mathlib.MeasureTheory.OuterMeasure.Caratheodory (2.9s)
✔ [6681/9243] Built Mathlib.RepresentationTheory.Homological.ContCohomology.LowDegree (11s)
✔ [6682/9243] Built Mathlib.RepresentationTheory.Homological.ContCohomology.Functoriality (11s)
✔ [6683/9243] Built Mathlib.Analysis.BoxIntegral.Partition.SubboxInduction (2.7s)
✔ [6684/9243] Built Mathlib.RingTheory.Polynomial.SeparableDegree (2.4s)
✔ [6685/9243] Built Mathlib.RepresentationTheory.Homological.Resolution (15s)
✔ [6686/9243] Built Mathlib.Analysis.Complex.Cardinality (2.3s)
✔ [6687/9243] Built Mathlib.FieldTheory.Fixed (5.5s)
✔ [6688/9243] Built Mathlib.Analysis.Normed.Group.Lemmas (2.8s)
✔ [6689/9243] Built Mathlib.RingTheory.LocalRing.ResidueField.Instances (4.8s)
✔ [6690/9243] Built Mathlib.Topology.MetricSpace.Closeds (3.3s)
✔ [6691/9243] Built Mathlib.RingTheory.AdicCompletion.LocalRing (4.4s)
✔ [6692/9243] Built Mathlib.RingTheory.Derivation.MapCoeffs (5.5s)
✔ [6693/9243] Built Mathlib.AlgebraicTopology.DoldKan.GammaCompN (3.7s)
✔ [6694/9243] Built Mathlib.Topology.MetricSpace.PiNat (5.6s)
✔ [6695/9243] Built Mathlib.Topology.MetricSpace.Thickening (4.6s)
✔ [6696/9243] Built Mathlib.AlgebraicTopology.SimplicialSet.Homology.Nondegenerate (4.2s)
✔ [6697/9243] Built Mathlib.RingTheory.DedekindDomain.Basic (3.0s)
✔ [6698/9243] Built Mathlib.Algebra.Homology.Embedding.AreComplementary (3.3s)
✔ [6699/9243] Built Mathlib.RingTheory.LocalRing.Length (3.0s)
✔ [6700/9243] Built Mathlib.RingTheory.Finiteness.ModuleFinitePresentation (2.0s)
✔ [6701/9243] Built Mathlib.RingTheory.TensorProduct.IncludeLeftSubRight (4.3s)
✔ [6702/9243] Built Mathlib.Geometry.RingedSpace.LocallyRingedSpace (4.9s)
✔ [6703/9243] Built Mathlib.LinearAlgebra.FreeModule.Norm (3.0s)
✔ [6704/9243] Built Mathlib.RingTheory.Localization.Away.AdjoinRoot (2.7s)
✔ [6705/9243] Built Mathlib.FieldTheory.KummerPolynomial (2.9s)
✔ [6706/9243] Built Mathlib.RingTheory.Adjoin.Field (4.1s)
✔ [6707/9243] Built Mathlib.RingTheory.KrullDimension.Zero (2.7s)
✔ [6708/9243] Built Mathlib.Algebra.Category.ModuleCat.Sheaf.LocallyFree (3.6s)
✔ [6709/9243] Built Mathlib.RingTheory.Ideal.GoingDown (3.1s)
✔ [6710/9243] Built Mathlib.RingTheory.Spectrum.Prime.Noetherian (2.6s)
✔ [6711/9243] Built Mathlib.RingTheory.LocalIso (3.8s)
✔ [6712/9243] Built Mathlib.RingTheory.Spectrum.Maximal.Topology (2.5s)
✔ [6713/9243] Built Mathlib.RingTheory.Spectrum.Prime.IsOpenComapC (2.7s)
✔ [6714/9243] Built Mathlib.RingTheory.Ideal.Height (3.7s)
✔ [6715/9243] Built Mathlib.RingTheory.Spectrum.Prime.Module (2.9s)
✔ [6716/9243] Built Mathlib.RingTheory.Ideal.HasGoingUp (2.6s)
✔ [6717/9243] Built Mathlib.AlgebraicTopology.SingularHomology.HomotopyInvarianceTopCat (2.4s)
✔ [6718/9243] Built Mathlib.RingTheory.Spectrum.Prime.TensorProduct (2.9s)
✔ [6719/9243] Built Mathlib.RingTheory.Spectrum.Prime.ConstructibleSet (5.0s)
✔ [6720/9243] Built Mathlib.RingTheory.Polynomial.IsIntegral (10s)
✔ [6721/9243] Built Mathlib.RingTheory.Valuation.ValuationSubring (8.1s)
✔ [6722/9243] Built Mathlib.Topology.ContinuousMap.Polynomial (3.4s)
✔ [6723/9243] Built Mathlib.RingTheory.PowerSeries.Restricted (2.7s)
✔ [6724/9243] Built Mathlib.Analysis.Normed.Operator.ContinuousLinearMap (3.6s)
✔ [6725/9243] Built Mathlib.Topology.ContinuousMap.Bounded.Basic (6.6s)
✔ [6726/9243] Built Mathlib.Analysis.Normed.Field.Lemmas (4.2s)
✔ [6727/9243] Built Mathlib.Analysis.Normed.Group.NullSubmodule (3.1s)
✔ [6728/9243] Built Mathlib.Topology.Sheaves.Flasque (7.3s)
✔ [6729/9243] Built Mathlib.Algebra.Homology.DerivedCategory.ShortExact (3.6s)
✔ [6730/9243] Built Mathlib.Topology.Algebra.InfiniteSum.ConditionalInt (3.9s)
✔ [6731/9243] Built Mathlib.Algebra.Homology.DerivedCategory.Linear (2.5s)
✔ [6732/9243] Built Mathlib.LinearAlgebra.CliffordAlgebra.Equivs (4.9s)
✔ [6733/9243] Built Mathlib.Algebra.Homology.DerivedCategory.SmallShiftedHom (2.8s)
✔ [6734/9243] Built Mathlib.Analysis.Asymptotics.Lemmas (8.0s)
✔ [6735/9243] Built Mathlib.Algebra.Homology.DerivedCategory.HomologySequence (4.1s)
✔ [6736/9243] Built Mathlib.LinearAlgebra.ExteriorAlgebra.OfAlternating (3.3s)
✔ [6737/9243] Built Mathlib.LinearAlgebra.CliffordAlgebra.Even (5.0s)
✔ [6738/9243] Built Mathlib.LinearAlgebra.Transvection.Basic (6.7s)
✔ [6739/9243] Built Mathlib.LinearAlgebra.CliffordAlgebra.Contraction (7.6s)
✔ [6740/9243] Built Mathlib.Analysis.BoxIntegral.Partition.Filter (4.0s)
✔ [6741/9243] Built Mathlib.RingTheory.Spectrum.Prime.Polynomial (6.4s)
✔ [6742/9243] Built Mathlib.MeasureTheory.OuterMeasure.Induced (4.7s)
✔ [6743/9243] Built Mathlib.RepresentationTheory.Homological.FiniteCyclic (6.8s)
✔ [6744/9243] Built Mathlib.LinearAlgebra.Complex.FiniteDimensional (2.5s)
✔ [6745/9243] Built Mathlib.AlgebraicGeometry.StructureSheaf (23s)
✔ [6746/9243] Built Mathlib.LinearAlgebra.SpecialLinearGroup (9.6s)
✔ [6747/9243] Built Mathlib.AlgebraicTopology.DoldKan.NCompGamma (3.3s)
✔ [6748/9243] Built Mathlib.RepresentationTheory.Homological.GroupHomology.Basic (6.4s)
✔ [6749/9243] Built CanonicalRoots.AdicCompleteLift (4.6s)
✔ [6750/9243] Built Mathlib.Topology.MetricSpace.Polish (3.5s)
✔ [6751/9243] Built Mathlib.Algebra.Polynomial.Bivariate (5.8s)
✔ [6752/9243] Built Mathlib.Topology.MetricSpace.Cover (3.1s)
✔ [6753/9243] Built Mathlib.RingTheory.Invariant.Basic (7.5s)
✔ [6754/9243] Built Mathlib.Topology.MetricSpace.CantorScheme (2.9s)
✔ [6755/9243] Built Mathlib.Analysis.Normed.Group.Pointwise (4.9s)
✔ [6756/9243] Built Mathlib.RingTheory.DedekindDomain.Ideal.Basic (5.2s)
✔ [6757/9243] Built Mathlib.RepresentationTheory.Homological.GroupCohomology.Basic (10s)
✔ [6758/9243] Built Mathlib.Geometry.RingedSpace.LocallyRingedSpace.ResidueField (3.7s)
✔ [6759/9243] Built Mathlib.RepresentationTheory.Induced (16s)
✔ [6760/9243] Built Mathlib.RingTheory.Unramified.Basic (5.0s)
✔ [6761/9243] Built Mathlib.RingTheory.DiscreteValuationRing.TFAE (3.0s)
✔ [6762/9243] Built Mathlib.RingTheory.KrullDimension.LocalRing (3.0s)
✔ [6763/9243] Built Mathlib.FieldTheory.Perfect (4.6s)
✔ [6764/9243] Built Mathlib.RingTheory.Localization.Pi (3.4s)
✔ [6765/9243] Built Mathlib.RingTheory.Finiteness.FinitePresentationLocal (6.8s)
✔ [6766/9243] Built Mathlib.RingTheory.Algebraic.StronglyTranscendental (4.6s)
✔ [6767/9243] Built Mathlib.RingTheory.Spectrum.Prime.Jacobson (3.2s)
✔ [6768/9243] Built Mathlib.FieldTheory.SplittingField.IsSplittingField (4.2s)
✔ [6769/9243] Built Mathlib.RingTheory.KrullDimension.PID (3.4s)
✔ [6770/9243] Built Mathlib.RingTheory.HopkinsLevitzki (4.4s)
✔ [6771/9243] Built Mathlib.RingTheory.KrullDimension.Module (3.8s)
✔ [6772/9243] Built Mathlib.RingTheory.RingHom.Flat (5.6s)
✔ [6773/9243] Built CanonicalRoots.IntegralDimension (3.9s)
✔ [6774/9243] Built Mathlib.NumberTheory.FLT.Polynomial (3.6s)
✔ [6775/9243] Built Mathlib.RingTheory.Valuation.AlgebraInstances (3.4s)
✔ [6776/9243] Built Mathlib.AlgebraicGeometry.ProjectiveSpectrum.StructureSheaf (14s)
✔ [6777/9243] Built Mathlib.RingTheory.Valuation.RamificationGroup (3.2s)
✔ [6778/9243] Built Mathlib.RingTheory.Valuation.LocalSubring (6.6s)
✔ [6779/9243] Built Mathlib.RingTheory.Valuation.Discrete.Basic (6.4s)
✔ [6780/9243] Built Mathlib.Topology.ContinuousMap.Bounded.ArzelaAscoli (3.5s)
✔ [6781/9243] Built Mathlib.Topology.MetricSpace.ThickenedIndicator (4.1s)
✔ [6782/9243] Built Mathlib.Algebra.Homology.Embedding.CochainComplex (5.2s)
✔ [6783/9243] Built Mathlib.RingTheory.Valuation.Extension (6.7s)
✔ [6784/9243] Built Mathlib.Geometry.RingedSpace.OpenImmersion (20s)
✔ [6785/9243] Built Mathlib.Topology.Algebra.Valued.ValuationTopology (7.9s)
✔ [6786/9243] Built Mathlib.Analysis.LocallyConvex.Polar (5.1s)
✔ [6787/9243] Built Mathlib.RingTheory.LocalRing.ResidueField.Fiber (13s)
✔ [6788/9243] Built Mathlib.Analysis.Normed.Field.ProperSpace (3.8s)
✔ [6789/9243] Built Mathlib.Analysis.LocallyConvex.Basic (5.9s)
✔ [6790/9243] Built Mathlib.Algebra.Homology.DerivedCategory.SingleTriangle (4.3s)
✔ [6791/9243] Built Mathlib.Order.Filter.ZeroAndBoundedAtFilter (3.4s)
✔ [6792/9243] Built Mathlib.NumberTheory.Padics.PadicNumbers (8.7s)
✔ [6793/9243] Built Mathlib.Analysis.Asymptotics.SuperpolynomialDecay (4.3s)
✔ [6794/9243] Built Mathlib.Tactic.ComputeAsymptotics.Lemmas (3.3s)
✔ [6795/9243] Built Mathlib.Algebra.Order.Ring.StandardPart (15s)
✔ [6796/9243] Built Mathlib.Analysis.Normed.Field.UnitBall (7.4s)
✔ [6797/9243] Built Mathlib.Analysis.Normed.Module.Basic (9.4s)
✔ [6798/9243] Built Mathlib.LinearAlgebra.Transvection (2.5s)
✔ [6799/9243] Built Mathlib.Algebra.Homology.DerivedCategory.ExactFunctor (7.4s)
✔ [6800/9243] Built Mathlib.Analysis.Normed.Field.WithAbs (8.9s)
✔ [6801/9243] Built Mathlib.LinearAlgebra.CliffordAlgebra.Inversion (3.7s)
✔ [6802/9243] Built Mathlib.LinearAlgebra.Center (5.2s)
✔ [6803/9243] Built Mathlib.MeasureTheory.Measure.MeasureSpaceDef (4.7s)
✔ [6804/9243] Built Mathlib.AlgebraicTopology.DoldKan.EquivalenceAdditive (3.3s)
✔ [6805/9243] Built Mathlib.LinearAlgebra.CliffordAlgebra.EvenEquiv (7.0s)
✔ [6806/9243] Built CanonicalRoots.AdicCompleteExt (4.4s)
✔ [6807/9243] Built Mathlib.LinearAlgebra.ExteriorPower.Basic (9.8s)
✔ [6808/9243] Built Mathlib.MeasureTheory.Measure.AddContent (7.3s)
✔ [6809/9243] Built Mathlib.RingTheory.Adjoin.Polynomial.Bivariate (4.6s)
✔ [6810/9243] Built Mathlib.Analysis.AperiodicOrder.Delone.Basic (3.0s)
✔ [6811/9243] Built Mathlib.Topology.MetricSpace.CoveringNumbers (4.1s)
✔ [6812/9243] Built Mathlib.Topology.MetricSpace.Perfect (3.4s)
✔ [6813/9243] Built Mathlib.AlgebraicGeometry.EllipticCurve.Affine.Basic (5.3s)
✔ [6814/9243] Built Mathlib.Analysis.Normed.Order.UpperLower (4.4s)
✔ [6815/9243] Built Mathlib.RingTheory.IsGaloisGroup.Basic (6.4s)
✔ [6816/9243] Built Mathlib.RepresentationTheory.Homological.GroupHomology.Shapiro (4.9s)
✔ [6817/9243] Built Mathlib.RepresentationTheory.Homological.GroupCohomology.Shapiro (5.3s)
✔ [6818/9243] Built Mathlib.AlgebraicGeometry.Spec (13s)
✔ [6819/9243] Built Mathlib.RingTheory.ClassGroup.Basic (8.9s)
✔ [6820/9243] Built Mathlib.RingTheory.Unramified.Pi (5.2s)
✔ [6821/9243] Built Mathlib.RingTheory.DedekindDomain.Dvr (4.0s)
✔ [6822/9243] Built Mathlib.RingTheory.Unramified.Finite (6.8s)
✔ [6823/9243] Built Mathlib.RingTheory.Ideal.Quotient.HasFiniteQuotients.Basic (4.0s)
✔ [6824/9243] Built Mathlib.RingTheory.Smooth.Basic (11s)
✔ [6825/9243] Built Mathlib.FieldTheory.Finite.Basic (6.0s)
✔ [6826/9243] Built Mathlib.RingTheory.RingHom.FinitePresentation (3.4s)
✔ [6827/9243] Built Mathlib.RepresentationTheory.FiniteIndex (12s)
✔ [6828/9243] Built Mathlib.RingTheory.LocalRing.ResidueField.Separable (3.9s)
✔ [6829/9243] Built Mathlib.RingTheory.Spectrum.Prime.ChevalleyComplexity (22s)
✔ [6830/9243] Built Mathlib.RingTheory.DedekindDomain.Ideal.Lemmas (15s)
✔ [6831/9243] Built Mathlib.FieldTheory.PerfectClosure (5.9s)
✔ [6832/9243] Built Mathlib.LinearAlgebra.Semisimple (9.3s)
✔ [6833/9243] Built Mathlib.RingTheory.AdicCompletion.Noetherian (2.9s)
✔ [6834/9243] Built Mathlib.RingTheory.Jacobson.Artinian (2.8s)
✔ [6835/9243] Built Mathlib.RingTheory.OrderOfVanishing.Basic (3.7s)
✔ [6836/9243] Built Mathlib.RingTheory.RingHom.FaithfullyFlat (2.9s)
✔ [6837/9243] Built Mathlib.FieldTheory.SplittingField.Construction (4.7s)
✔ [6838/9243] Built Mathlib.Algebra.Homology.DerivedCategory.Fractions (3.9s)
✔ [6839/9243] Built Mathlib.RingTheory.Ideal.KrullsHeightTheorem (5.4s)
✔ [6840/9243] Built Mathlib.CategoryTheory.Abelian.Projective.Extend (3.5s)
✔ [6841/9243] Built Mathlib.CategoryTheory.Abelian.Injective.Extend (3.7s)
✔ [6842/9243] Built Mathlib.Algebra.Category.Ring.Under.Limits (6.9s)
✔ [6843/9243] Built Mathlib.Algebra.Homology.Factorizations.CM5b (4.7s)
✔ [6844/9243] Built Mathlib.Algebra.Homology.CochainComplexPlus (3.9s)
✔ [6845/9243] Built Mathlib.Algebra.Homology.HomotopyCategory.KInjective (4.6s)
✔ [6846/9243] Built Mathlib.Topology.Algebra.Valued.WithZeroMulInt (3.2s)
✔ [6847/9243] Built Mathlib.Geometry.RingedSpace.LocallyRingedSpace.HasColimits (6.0s)
✔ [6848/9243] Built Mathlib.NumberTheory.Harmonic.Int (3.3s)
✔ [6849/9243] Built Mathlib.Analysis.LocallyConvex.BalancedCoreHull (4.6s)
✔ [6850/9243] Built Mathlib.Topology.Algebra.ValuativeRel.ValuativeTopology (7.1s)
✔ [6851/9243] Built Mathlib.FieldTheory.IntermediateField.Adjoin.Basic (13s)
✔ [6852/9243] Built Mathlib.RingTheory.Spectrum.Prime.FreeLocus (7.4s)
✔ [6853/9243] Built Mathlib.Analysis.Real.Hyperreal (5.4s)
✔ [6854/9243] Built Mathlib.NumberTheory.Padics.PadicIntegers (8.0s)
✔ [6855/9243] Built Mathlib.Analysis.Normed.Algebra.Ultra (3.3s)
✔ [6856/9243] Built Mathlib.Analysis.Asymptotics.Theta (5.3s)
✔ [6857/9243] Built Mathlib.Analysis.Normed.Module.Span (4.3s)
✔ [6858/9243] Built Mathlib.Analysis.Normed.Module.Ball.Action (6.8s)
✔ [6859/9243] Built Mathlib.Analysis.Normed.Module.TransferInstance (3.2s)
✔ [6860/9243] Built Mathlib.Analysis.Convex.MetricSpace (6.2s)
✔ [6861/9243] Built Mathlib.Analysis.CStarAlgebra.Basic (5.1s)
✔ [6862/9243] Built Mathlib.Analysis.Convex.Body (5.4s)
✔ [6863/9243] Built Mathlib.Analysis.Normed.Module.Ball.RadialEquiv (4.6s)
✔ [6864/9243] Built Mathlib.Analysis.Normed.Affine.AddTorsor (5.8s)
✔ [6865/9243] Built Mathlib.Topology.Algebra.Valued.ValuedField (16s)
✔ [6866/9243] Built Mathlib.Analysis.Normed.Module.RCLike.Real (3.4s)
✔ [6867/9243] Built Mathlib.Analysis.Normed.Operator.Conformal (3.6s)
✔ [6868/9243] Built Mathlib.Analysis.SpecificLimits.Normed (11s)
✔ [6869/9243] Built Mathlib.Analysis.Normed.Module.Seminorm.Basic (17s)
✔ [6870/9243] Built Mathlib.MeasureTheory.Measure.AEDisjoint (2.9s)
✔ [6871/9243] Built Mathlib.MeasureTheory.Measure.Doubling (3.2s)
✔ [6872/9243] Built Mathlib.MeasureTheory.Function.AEMeasurableSequence (2.9s)
✔ [6873/9243] Built Mathlib.LinearAlgebra.CliffordAlgebra.SpinGroup (5.0s)
✔ [6874/9243] Built Mathlib.AlgebraicTopology.DoldKan.EquivalencePseudoabelian (3.3s)
✔ [6875/9243] Built Mathlib.LinearAlgebra.Transvection.Generation (5.5s)
✔ [6876/9243] Built Mathlib.Analysis.Normed.Group.Quotient (6.4s)
✔ [6877/9243] Built Mathlib.LinearAlgebra.ExteriorPower.Pairing (3.9s)
✔ [6878/9243] Built Mathlib.Analysis.Normed.Affine.Isometry (13s)
✔ [6879/9243] Built Mathlib.Algebra.Category.ModuleCat.ExteriorPower (3.4s)
✔ [6880/9243] Built Mathlib.RingTheory.ClassGroup (2.2s)
✔ [6881/9243] Built Mathlib.RingTheory.UniqueFactorizationDomain.ClassGroup (3.0s)
✔ [6882/9243] Built Mathlib.RingTheory.Flat.TorsionFree (3.8s)
✔ [6883/9243] Built Mathlib.RingTheory.Etale.Basic (4.6s)
✔ [6884/9243] Built Mathlib.AlgebraicGeometry.EllipticCurve.Projective.Basic (7.3s)
✔ [6885/9243] Built Mathlib.RingTheory.Smooth.Local (5.4s)
✔ [6886/9243] Built Mathlib.AlgebraicGeometry.EllipticCurve.Jacobian.Basic (7.8s)
✔ [6887/9243] Built Mathlib.RingTheory.Smooth.AdicCompletion (4.2s)
✔ [6888/9243] Built Mathlib.RingTheory.Smooth.Pi (5.5s)
✔ [6889/9243] Built Mathlib.AlgebraicGeometry.EllipticCurve.Affine.Formula (8.0s)
✔ [6890/9243] Built Mathlib.RingTheory.ZMod.Torsion (2.4s)
✔ [6891/9243] Built Mathlib.RingTheory.ZMod.UnitsCyclic (4.2s)
✔ [6892/9243] Built Mathlib.RingTheory.MvPolynomial.Expand (3.3s)
✔ [6893/9243] Built Mathlib.NumberTheory.Wilson (3.4s)
✔ [6894/9243] Built Mathlib.FieldTheory.Finite.Polynomial (4.2s)
✔ [6895/9243] Built Mathlib.NumberTheory.LegendreSymbol.QuadraticChar.Basic (4.2s)
✔ [6896/9243] Built Mathlib.NumberTheory.PowModTotient (2.9s)
✔ [6897/9243] Built Mathlib.NumberTheory.FermatPsp (4.4s)
✔ [6898/9243] Built Mathlib.LinearAlgebra.Matrix.Charpoly.FiniteField (3.3s)
✔ [6899/9243] Built Mathlib.AlgebraicGeometry.Scheme (12s)
✔ [6900/9243] Built Mathlib.NumberTheory.Bernoulli (8.3s)
✔ [6901/9243] Built Mathlib.NumberTheory.SumFourSquares (5.0s)
✔ [6902/9243] Built Mathlib.FieldTheory.Finite.Valuation (2.0s)
✔ [6903/9243] Built Mathlib.FieldTheory.ChevalleyWarning (3.7s)
✔ [6904/9243] Built Mathlib.Algebra.Module.DedekindDomain (2.6s)
✔ [6905/9243] Built Mathlib.RingTheory.DedekindDomain.PID (3.6s)
✔ [6906/9243] Built Mathlib.GroupTheory.SpecificGroups.ZGroup (4.9s)
✔ [6907/9243] Built Mathlib.RingTheory.Spectrum.Prime.Chevalley (4.6s)
✔ [6908/9243] Built Mathlib.Algebra.Lie.AdjointAction.Basic (3.1s)
✔ [6909/9243] Built Mathlib.LinearAlgebra.JordanChevalley (3.9s)
✔ [6910/9243] Built Mathlib.NumberTheory.RamificationInertia.Ramification (4.9s)
✔ [6911/9243] Built Mathlib.Algebra.Category.Ring.EqualizerPushout (3.3s)
✔ [6912/9243] Built Mathlib.RingTheory.Finiteness.Descent (3.7s)
✔ [6913/9243] Built Mathlib.RingTheory.FractionalIdeal.Extended (5.2s)
✔ [6914/9243] Built Mathlib.Algebra.Category.ModuleCat.Descent (3.3s)
✔ [6915/9243] Built Mathlib.RingTheory.Flat.FaithfullyFlat.Descent (3.3s)
✔ [6916/9243] Built Mathlib.RingTheory.Polynomial.GaussLemma (3.7s)
✔ [6917/9243] Built Mathlib.Algebra.Homology.DerivedCategory.FullyFaithful (2.7s)
✔ [6918/9243] Built Mathlib.Algebra.Homology.DerivedCategory.TStructure (3.7s)
✔ [6919/9243] Built Mathlib.RingTheory.KrullDimension.Polynomial (3.0s)
✔ [6920/9243] Built Mathlib.RingTheory.Ideal.UFD (3.0s)
✔ [6921/9243] Built Mathlib.RingTheory.Spectrum.Prime.LTSeries (4.1s)
✔ [6922/9243] Built Mathlib.RingTheory.RegularLocalRing.Defs (4.8s)
✔ [6923/9243] Built Mathlib.Algebra.Homology.DerivedCategory.KInjective (3.8s)
✔ [6924/9243] Built Mathlib.Algebra.Homology.HomotopyCategory.KProjective (3.8s)
✔ [6925/9243] Built Mathlib.Algebra.Category.Ring.Under.Property (7.0s)
✔ [6926/9243] Built Mathlib.FieldTheory.FinTrdeg (4.9s)
✔ [6927/9243] Built Mathlib.Topology.Algebra.Valued.ValuativeRel (5.1s)
✔ [6928/9243] Built Mathlib.Algebra.Homology.HomotopyCategory.Plus (7.4s)
✔ [6929/9243] Built Mathlib.RingTheory.AlgebraicIndependent.RankAndCardinality (4.7s)
✔ [6930/9243] Built Mathlib.RingTheory.QuasiFinite.Basic (17s)
✔ [6931/9243] Built Mathlib.FieldTheory.Extension (9.9s)
✔ [6932/9243] Built Mathlib.FieldTheory.Relrank (8.8s)
✔ [6933/9243] Built Mathlib.RingTheory.Flat.Rank (6.5s)
✔ [6934/9243] Built Mathlib.RingTheory.Polynomial.Resultant.Basic (17s)
✔ [6935/9243] Built Mathlib.RingTheory.Flat.LocallyFree (5.9s)
✔ [6936/9243] Built Mathlib.RingTheory.Grassmannian (7.3s)
✔ [6937/9243] Built Mathlib.RingTheory.DividedPowers.Padic (4.1s)
✔ [6938/9243] Built Mathlib.Analysis.Normed.Module.Shrink (3.2s)
✔ [6939/9243] Built Mathlib.NumberTheory.Padics.RingHoms (6.9s)
✔ [6940/9243] Built Mathlib.Analysis.Asymptotics.AsymptoticEquivalent (5.0s)
✔ [6941/9243] Built Mathlib.Analysis.CStarAlgebra.Unitary.Maps (4.6s)
✔ [6942/9243] Built Mathlib.Topology.UrysohnsLemma (5.0s)
✔ [6943/9243] Built Mathlib.Analysis.Normed.Affine.Ceva (3.7s)
✔ [6944/9243] Built Mathlib.Geometry.RingedSpace.PresheafedSpace.Gluing (16s)
✔ [6945/9243] Built Mathlib.Analysis.Normed.Module.Ray (3.7s)
✔ [6946/9243] Built Mathlib.Analysis.Normed.Module.Convex (5.3s)
✔ [6947/9243] Built Mathlib.Analysis.Normed.Module.Ball.Pointwise (5.3s)
✔ [6948/9243] Built Mathlib.Topology.Algebra.Module.EmbeddingOfLocal (4.0s)
✔ [6949/9243] Built Mathlib.Analysis.Calculus.TangentCone.Seq (4.7s)
✔ [6950/9243] Built Mathlib.Analysis.Real.OfDigits (4.5s)
✔ [6951/9243] Built Mathlib.NumberTheory.EulerProduct.Basic (5.2s)
✔ [6952/9243] Built Mathlib.Analysis.Normed.Group.ControlledClosure (4.4s)
✔ [6953/9243] Built Mathlib.Topology.Algebra.Module.Cardinality (3.9s)
✔ [6954/9243] Built Mathlib.InformationTheory.Coding.KraftMcMillan (5.4s)
✔ [6955/9243] Built Mathlib.NumberTheory.TsumDivisorsAntidiagonal (4.5s)
✔ [6956/9243] Built Mathlib.NumberTheory.Padics.Hensel (19s)
✔ [6957/9243] Built Mathlib.Topology.Algebra.Module.PerfectSpace (3.3s)
✔ [6958/9243] Built Mathlib.Analysis.RCLike.Basic (14s)
✔ [6959/9243] Built Mathlib.Analysis.SpecificLimits.Fibonacci (4.2s)
✔ [6960/9243] Built Mathlib.Analysis.Normed.Module.Seminorm.Norm (2.9s)
✔ [6961/9243] Built Mathlib.Analysis.Normed.Ring.Units (4.4s)
✔ [6962/9243] Built Mathlib.AlgebraicTopology.DoldKan.Equivalence (2.8s)
✔ [6963/9243] Built Mathlib.MeasureTheory.Measure.NullMeasurable (3.0s)
✔ [6964/9243] Built Mathlib.Topology.CWComplex.Classical.Basic (12s)
✔ [6965/9243] Built Mathlib.Analysis.Normed.Group.SemiNormedGrp.Kernels (4.1s)
✔ [6966/9243] Built Mathlib.Analysis.Normed.Affine.MazurUlam (3.8s)
✔ [6967/9243] Built Mathlib.LinearAlgebra.ExteriorPower.Basis (4.6s)
✔ [6968/9243] Built Mathlib.RingTheory.Etale.Pi (3.7s)
✔ [6969/9243] Built Mathlib.RingTheory.Smooth.StandardSmoothCotangent (6.1s)
✔ [6970/9243] Built Mathlib.LinearAlgebra.RootSystem.IsValuedIn (7.3s)
✔ [6971/9243] Built Mathlib.NumberTheory.ArithmeticFunction.Carmichael (4.4s)
✔ [6972/9243] Built Mathlib.RingTheory.MvPowerSeries.Expand (4.6s)
✔ [6973/9243] Built Mathlib.RingTheory.WittVector.StructurePolynomial (5.2s)
✔ [6974/9243] Built Mathlib.RingTheory.Etale.StandardEtale (15s)
✔ [6975/9243] Built Mathlib.NumberTheory.LegendreSymbol.Basic (4.5s)
✔ [6976/9243] Built Mathlib.AlgebraicGeometry.Modules.Presheaf (3.7s)
✔ [6977/9243] Built Mathlib.AlgebraicGeometry.EllipticCurve.Affine.Point (13s)
✔ [6978/9243] Built Mathlib.AlgebraicGeometry.EllipticCurve.Jacobian.Formula (14s)
✔ [6979/9243] Built Mathlib.AlgebraicGeometry.Over (3.4s)
✔ [6980/9243] Built Mathlib.RingTheory.Valuation.FiniteField (2.9s)
✔ [6981/9243] Built Mathlib.RingTheory.PicardGroup (19s)
✔ [6982/9243] Built Mathlib.NumberTheory.BernoulliPolynomials (4.8s)
✔ [6983/9243] Built Mathlib.Combinatorics.Additive.ErdosGinzburgZiv (4.6s)
✔ [6984/9243] Built Mathlib.RingTheory.LocalProperties.Semilocal (3.7s)
✔ [6985/9243] Built Mathlib.AlgebraicGeometry.OpenImmersion (11s)
✔ [6986/9243] Built Mathlib.Algebra.Module.PID (5.4s)
✔ [6987/9243] Built Mathlib.RingTheory.Etale.Kaehler (21s)
✔ [6988/9243] Built Mathlib.Algebra.Lie.AdjointAction.JordanChevalley (3.4s)
✔ [6989/9243] Built Mathlib.Algebra.Lie.Engel (5.1s)
✔ [6990/9243] Built Mathlib.RingTheory.ClassGroup.ExtendedHom (4.2s)
✔ [6991/9243] Built Mathlib.RingTheory.RegularLocalRing.Polynomial (3.9s)
✔ [6992/9243] Built Mathlib.RingTheory.KrullDimension.Regular (4.3s)
✔ [6993/9243] Built Mathlib.FieldTheory.Minpoly.IsIntegrallyClosed (5.6s)
✔ [6994/9243] Built Mathlib.Algebra.Homology.DerivedCategory.KProjective (3.5s)
✔ [6995/9243] Built Mathlib.RingTheory.DedekindDomain.Instances (10s)
✔ [6996/9243] Built Mathlib.Algebra.Homology.DerivedCategory.Ext.Basic (7.3s)
✔ [6997/9243] Built Mathlib.Algebra.Homology.DerivedCategory.Plus (5.1s)
✔ [6998/9243] Built Mathlib.FieldTheory.Minpoly.IsConjRoot (4.5s)
✔ [6999/9243] Built Mathlib.Algebra.Homology.Factorizations.CM5a (10s)
✔ [7000/9243] Built Mathlib.LinearAlgebra.Matrix.Charpoly.Disc (3.6s)
✔ [7001/9243] Built Mathlib.NumberTheory.Padics.ProperSpace (3.4s)
✔ [7002/9243] Built Mathlib.RingTheory.RingHom.QuasiFinite (7.2s)
✔ [7003/9243] Built Mathlib.FieldTheory.IsAlgClosed.Basic (7.4s)
✔ [7004/9243] Built Mathlib.Analysis.SpecialFunctions.Choose (2.9s)
✔ [7005/9243] Built Mathlib.Topology.Metrizable.Urysohn (3.1s)
✔ [7006/9243] Built Mathlib.RingTheory.QuasiFinite.Weakly (9.4s)
✔ [7007/9243] Built Mathlib.Combinatorics.SimpleGraph.Extremal.TuranDensity (3.4s)
✔ [7008/9243] Built Mathlib.AlgebraicGeometry.EllipticCurve.Projective.Formula (34s)
✔ [7009/9243] Built Mathlib.Topology.Category.CompHaus.Basic (3.2s)
✔ [7010/9243] Built Mathlib.Topology.PartitionOfUnity (4.4s)
✔ [7011/9243] Built Mathlib.Topology.UrysohnsBounded (2.3s)
✔ [7012/9243] Built Mathlib.FieldTheory.Normal.Basic (9.0s)
✔ [7013/9243] Built Mathlib.Analysis.Normed.Module.Extr (2.5s)
✔ [7014/9243] Built Mathlib.Topology.Separation.PerfectlyNormal (4.1s)
✔ [7015/9243] Built Mathlib.Topology.Separation.CompletelyRegular (4.7s)
✔ [7016/9243] Built Mathlib.Analysis.Convex.StrictConvexSpace (3.3s)
✔ [7017/9243] Built Mathlib.Analysis.Normed.Group.AddCircle (3.5s)
✔ [7018/9243] Built Mathlib.InformationTheory.Coding.Kraft (2.4s)
✔ [7019/9243] Built Mathlib.Analysis.Normed.Module.Ball.Homeomorph (3.7s)
✔ [7020/9243] Built Mathlib.Topology.Instances.CantorSet (3.7s)
✔ [7021/9243] Built Mathlib.Analysis.Normed.Module.Connected (4.0s)
✔ [7022/9243] Built Mathlib.RingTheory.HahnSeries.HahnEmbedding (3.4s)
✔ [7023/9243] Built Mathlib.Analysis.SpecificLimits.RCLike (2.6s)
✔ [7024/9243] Built Mathlib.Dynamics.BirkhoffSum.NormedSpace (2.8s)
✔ [7025/9243] Built Mathlib.Analysis.RCLike.TangentCone (2.5s)
✔ [7026/9243] Built Mathlib.Analysis.Normed.Module.Normalize (2.5s)
✔ [7027/9243] Built Mathlib.Analysis.RCLike.Extend (5.1s)
✔ [7028/9243] Built Mathlib.Analysis.Calculus.TangentCone.ProperSpace (2.5s)
✔ [7029/9243] Built Mathlib.Analysis.Complex.Basic (6.9s)
✔ [7030/9243] Built Mathlib.Analysis.Convex.Side (9.8s)
✔ [7031/9243] Built Mathlib.Topology.ContinuousMap.Units (2.0s)
✔ [7032/9243] Built Mathlib.Topology.CWComplex.Classical.Graph (2.5s)
✔ [7033/9243] Built Mathlib.MeasureTheory.Measure.Basic (3.5s)
✔ [7034/9243] Built Mathlib.Analysis.Convex.EGauge (4.5s)
✔ [7035/9243] Built Mathlib.Analysis.LocallyConvex.Bounded (5.1s)
✔ [7036/9243] Built Mathlib.LinearAlgebra.ExteriorAlgebra.Basis (2.8s)
✔ [7037/9243] Built Mathlib.LinearAlgebra.ExteriorPower.BilinForm (2.9s)
✔ [7038/9243] Built Mathlib.Topology.CWComplex.Classical.Finite (3.4s)
✔ [7039/9243] Built Mathlib.NumberTheory.CarmichaelNumber (3.0s)
✔ [7040/9243] Built Mathlib.RingTheory.PowerSeries.Expand (2.7s)
✔ [7041/9243] Built Mathlib.LinearAlgebra.RootSystem.BaseChange (3.0s)
✔ [7042/9243] Built Mathlib.NumberTheory.Zsqrtd.QuadraticReciprocity (3.3s)
✔ [7043/9243] Built Mathlib.LinearAlgebra.RootSystem.Reduced (4.2s)
✔ [7044/9243] Built Mathlib.RingTheory.WittVector.Defs (3.8s)
✔ [7045/9243] Built Mathlib.LinearAlgebra.RootSystem.RootPositive (4.8s)
✔ [7046/9243] Built Mathlib.RingTheory.Extension.Cotangent.LocalizationAway (6.7s)
✔ [7047/9243] Built Mathlib.NumberTheory.LegendreSymbol.GaussEisensteinLemmas (4.7s)
✔ [7048/9243] Built Mathlib.Algebra.Module.StablyFree.FreeOfInvertible (4.3s)
✔ [7049/9243] Built Mathlib.AlgebraicGeometry.Sites.MorphismProperty (3.0s)
✔ [7050/9243] Built Mathlib.AlgebraicGeometry.EllipticCurve.DivisionPolynomial.Basic (5.4s)
✔ [7051/9243] Built Mathlib.GroupTheory.FiniteAbelian.Basic (4.9s)
✔ [7052/9243] Built Mathlib.RingTheory.Smooth.Locus (4.0s)
✔ [7053/9243] Built Mathlib.AlgebraicGeometry.EllipticCurve.Jacobian.Point (6.4s)
✔ [7054/9243] Built Mathlib.RingTheory.RootsOfUnity.Minpoly (3.3s)
✔ [7055/9243] Built Mathlib.RingTheory.Unramified.Locus (4.1s)
✔ [7056/9243] Built Mathlib.Algebra.Lie.EngelSubalgebra (3.7s)
✔ [7057/9243] Built Mathlib.Algebra.Homology.DerivedCategory.Ext.TStructure (2.6s)
✔ [7058/9243] Built Mathlib.RingTheory.IntegralClosure.GoingDown (4.3s)
✔ [7059/9243] Built Mathlib.Algebra.Homology.DerivedCategory.Ext.Linear (3.6s)
✔ [7060/9243] Built Mathlib.FieldTheory.Minpoly.ConjRootClass (3.0s)
✔ [7061/9243] Built Mathlib.Algebra.Homology.DerivedCategory.Ext.ExtClass (3.6s)
✔ [7062/9243] Built Mathlib.RingTheory.IsAdjoinRoot (6.7s)
✔ [7063/9243] Built Mathlib.Algebra.Homology.ModelCategory.Injective (4.4s)
✔ [7064/9243] Built Mathlib.LinearAlgebra.QuadraticForm.AlgClosed (3.0s)
✔ [7065/9243] Built Mathlib.LinearAlgebra.Matrix.GeneralLinearGroup.FinTwo (4.8s)
✔ [7066/9243] Built Mathlib.RingTheory.Nullstellensatz (3.9s)
✔ [7067/9243] Built Mathlib.LinearAlgebra.Matrix.Charpoly.Eigs (3.1s)
✔ [7068/9243] Built Mathlib.FieldTheory.IsAlgClosed.Spectrum (3.6s)
✔ [7069/9243] Built Mathlib.FieldTheory.IsAlgClosed.Classification (3.0s)
✔ [7070/9243] Built Mathlib.RingTheory.SimpleModule.IsAlgClosed (2.6s)
✔ [7071/9243] Built Mathlib.RepresentationTheory.AlgebraRepresentation.Basic (3.0s)
✔ [7072/9243] Built Mathlib.LinearAlgebra.Matrix.GeneralLinearGroup.Projective (4.4s)
✔ [7073/9243] Built Mathlib.Topology.Category.CompHaus.Frm (2.8s)
✔ [7074/9243] Built Mathlib.FieldTheory.IsAlgClosed.AlgebraicClosure (6.3s)
✔ [7075/9243] Built Mathlib.AlgebraicGeometry.EllipticCurve.Projective.Point (5.2s)
✔ [7076/9243] Built Mathlib.Topology.Category.CompHaus.Projective (3.0s)
✔ [7077/9243] Built Mathlib.Topology.Category.Profinite.Basic (4.1s)
✔ [7078/9243] Built Mathlib.FieldTheory.PrimitiveElement (6.2s)
✔ [7079/9243] Built Mathlib.Topology.Compactness.CompactlyGeneratedSpace (3.9s)
✔ [7080/9243] Built Mathlib.Topology.Category.CompHaus.Limits (2.7s)
✔ [7081/9243] Built Mathlib.AlgebraicGeometry.EllipticCurve.Affine.AddSubMap (22s)
✔ [7082/9243] Built Mathlib.Analysis.Convex.PartitionOfUnity (2.8s)
✔ [7083/9243] Built Mathlib.Topology.Separation.Lemmas (2.0s)
✔ [7084/9243] Built Mathlib.Topology.UniformSpace.Uniformizable (3.1s)
✔ [7085/9243] Built Mathlib.Analysis.Convex.LinearIsometry (3.6s)
✔ [7086/9243] Built Mathlib.Analysis.Convex.Strict.Extreme (3.4s)
✔ [7087/9243] Built Mathlib.Analysis.Convex.StrictConvexBetween (3.7s)
✔ [7088/9243] Built Mathlib.RingTheory.Polynomial.UniversalFactorizationRing (31s)
✔ [7089/9243] Built Mathlib.Analysis.Convex.Uniform (3.6s)
✔ [7090/9243] Built Mathlib.Topology.MetricSpace.HausdorffAlexandroff (2.8s)
✔ [7091/9243] Built Mathlib.Analysis.Convex.AmpleSet (3.1s)
✔ [7092/9243] Built Mathlib.Analysis.Complex.Spectrum (2.8s)
✔ [7093/9243] Built Mathlib.Analysis.Convex.StrictCombination (5.3s)
✔ [7094/9243] Built Mathlib.FieldTheory.Normal.Closure (7.6s)
✔ [7095/9243] Built Mathlib.Topology.Instances.Complex (3.7s)
✔ [7096/9243] Built Mathlib.Analysis.Complex.HalfPlane (2.7s)
✔ [7097/9243] Built Mathlib.Analysis.Complex.UpperHalfPlane.Basic (4.5s)
✔ [7098/9243] Built Mathlib.Analysis.Complex.ReImTopology (3.5s)
✔ [7099/9243] Built Mathlib.Analysis.Complex.Asymptotics (3.0s)
✔ [7100/9243] Built Mathlib.MeasureTheory.Measure.OuterMeasure (2.8s)
✔ [7101/9243] Built Mathlib.Analysis.Complex.AbelLimit (5.1s)
✔ [7102/9243] Built Mathlib.MeasureTheory.Measure.Continuity (3.4s)
✔ [7103/9243] Built Mathlib.Topology.Algebra.Module.Multilinear.Bounded (4.0s)
✔ [7104/9243] Built Mathlib.Analysis.LocallyConvex.AbsConvex (4.6s)
✔ [7105/9243] Built Mathlib.Topology.Algebra.Module.UniformConvergence (3.7s)
✔ [7106/9243] Built Mathlib.Analysis.LocallyConvex.ContinuousOfBounded (4.5s)
✔ [7107/9243] Built Mathlib.Analysis.Convex.Gauge (7.7s)
✔ [7108/9243] Built Mathlib.Topology.CWComplex.Classical.Subcomplex (3.9s)
✔ [7109/9243] Built Mathlib.Analysis.CStarAlgebra.Classes (13s)
✔ [7110/9243] Built Mathlib.NumberTheory.SumTwoSquares (5.1s)
✔ [7111/9243] Built Mathlib.RingTheory.WittVector.Basic (5.9s)
✔ [7112/9243] Built Mathlib.Analysis.Asymptotics.TVS (14s)
✔ [7113/9243] Built Mathlib.LinearAlgebra.RootSystem.Finite.CanonicalBilinear (8.5s)
✔ [7114/9243] Built Mathlib.Topology.Algebra.Module.FiniteDimension (14s)
✔ [7115/9243] Built Mathlib.AlgebraicGeometry.Cover.MorphismProperty (5.6s)
✔ [7116/9243] Built Mathlib.Analysis.LocallyConvex.WithSeminorms (12s)
✔ [7117/9243] Built Mathlib.RingTheory.RingHom.Smooth (4.2s)
✔ [7118/9243] Built Mathlib.AlgebraicGeometry.EllipticCurve.DivisionPolynomial.Degree (5.5s)
✔ [7119/9243] Built Mathlib.GroupTheory.FiniteAbelian.Duality (5.7s)
✔ [7120/9243] Built Mathlib.RingTheory.Etale.Locus (4.1s)
✔ [7121/9243] Built Mathlib.RingTheory.RingHom.Unramified (3.7s)
✔ [7122/9243] Built Mathlib.RingTheory.Frobenius (4.8s)
✔ [7123/9243] Built CanonicalRoots.FormalEtaleCompletion (99s)
✔ [7124/9243] Built Mathlib.Algebra.Lie.Rank (5.5s)
✔ [7125/9243] Built Mathlib.CategoryTheory.Abelian.Projective.Ext (5.0s)
✔ [7126/9243] Built Mathlib.CategoryTheory.Abelian.Injective.Ext (6.2s)
✔ [7127/9243] Built Mathlib.Algebra.Homology.DerivedCategory.Ext.Map (6.6s)
✔ [7128/9243] Built Mathlib.NumberTheory.KummerDedekind (7.3s)
✔ [7129/9243] Built Mathlib.Topology.Algebra.Group.Matrix (4.5s)
✔ [7130/9243] Built Mathlib.LinearAlgebra.Eigenspace.Charpoly (3.5s)
✔ [7131/9243] Built Mathlib.ModelTheory.Algebra.Ring.Definability (3.7s)
✔ [7132/9243] Built Mathlib.Algebra.Homology.DerivedCategory.Ext.ExactSequences (7.5s)
✔ [7133/9243] Built Mathlib.Algebra.Homology.DerivedCategory.DerivabilityStructureInjectives (6.6s)
✔ [7134/9243] Built Mathlib.RingTheory.Extension.Cotangent.Basis (17s)
✔ [7135/9243] Built Mathlib.CategoryTheory.Preadditive.Schur (3.5s)
✔ [7136/9243] Built Mathlib.LinearAlgebra.Eigenspace.Triangularizable (4.5s)
✔ [7137/9243] Built Mathlib.RepresentationTheory.Irreducible (2.9s)
✔ [7138/9243] Built Mathlib.Topology.Category.Locale (2.7s)
✔ [7139/9243] Built Mathlib.ModelTheory.Algebra.Field.IsAlgClosed (3.0s)
✔ [7140/9243] Built Mathlib.RingTheory.Nilpotent.GeometricallyReduced (3.1s)
✔ [7141/9243] Built Mathlib.Topology.Category.Stonean.Basic (3.0s)
✔ [7142/9243] Built Mathlib.Topology.Category.Compactum (3.3s)
✔ [7143/9243] Built Mathlib.Topology.Category.Profinite.Projective (2.6s)
✔ [7144/9243] Built Mathlib.Topology.Category.Profinite.Product (2.0s)
✔ [7145/9243] Built Mathlib.Topology.Category.Profinite.AsLimit (2.7s)
✔ [7146/9243] Built Mathlib.LinearAlgebra.Projectivization.Action (5.0s)
✔ [7147/9243] Built Mathlib.Topology.Category.Profinite.CofilteredLimit (3.3s)
✔ [7148/9243] Built Mathlib.Topology.Category.Profinite.Limits (2.4s)
✔ [7149/9243] Built Mathlib.FieldTheory.Minpoly.MinpolyDiv (3.3s)
✔ [7150/9243] Built Mathlib.Topology.Category.CompactlyGenerated (2.6s)
✔ [7151/9243] Built Mathlib.RingTheory.Norm.Basic (3.7s)
✔ [7152/9243] Built Mathlib.FieldTheory.Differential.Basic (3.0s)
✔ [7153/9243] Built Mathlib.Topology.Category.CompHaus.EffectiveEpi (2.8s)
✔ [7154/9243] Built Mathlib.FieldTheory.Isaacs (3.7s)
✔ [7155/9243] Built Mathlib.Topology.MetricSpace.PartitionOfUnity (2.8s)
✔ [7156/9243] Built Mathlib.FieldTheory.AlgebraicClosure (3.0s)
✔ [7157/9243] Built Mathlib.Topology.Algebra.Category.ProfiniteGrp.Basic (8.8s)
✔ [7158/9243] Built Mathlib.Analysis.Complex.IntegerCompl (2.7s)
✔ [7159/9243] Built Mathlib.MeasureTheory.Measure.Interval (2.8s)
✔ [7160/9243] Built Mathlib.Analysis.Complex.Convex (3.0s)
✔ [7161/9243] Built Mathlib.MeasureTheory.Measure.Module (4.1s)
✔ [7162/9243] Built Mathlib.Analysis.SpecialFunctions.Exp (4.3s)
✔ [7163/9243] Built Mathlib.Topology.Semicontinuity.Michael (4.2s)
✔ [7164/9243] Built Mathlib.Analysis.Complex.UpperHalfPlane.MoebiusAction (6.4s)
✔ [7165/9243] Built Mathlib.Analysis.Convex.GaugeRescale (3.8s)
✔ [7166/9243] Built Mathlib.RingTheory.WittVector.Teichmuller (2.7s)
✔ [7167/9243] Built Mathlib.Analysis.Calculus.FDeriv.Defs (3.5s)
✔ [7168/9243] Built Mathlib.Analysis.SpecialFunctions.Bernstein (6.7s)
✔ [7169/9243] Built Mathlib.RingTheory.WittVector.IsPoly (6.4s)
✔ [7170/9243] Built Mathlib.Analysis.Normed.Operator.Perturbation.StrictByFinite (5.5s)
✔ [7171/9243] Built Mathlib.FieldTheory.SeparableDegree (13s)
✔ [7172/9243] Built Mathlib.Analysis.LocallyConvex.Separation (6.7s)
✔ [7173/9243] Built Mathlib.Analysis.LocallyConvex.AbsConvexOpen (4.7s)
✔ [7174/9243] Built Mathlib.LinearAlgebra.RootSystem.Finite.Nondegenerate (6.1s)
✔ [7175/9243] Built Mathlib.Topology.Compactness.DeltaGeneratedSpace (3.2s)
✔ [7176/9243] Built Mathlib.Analysis.LocallyConvex.WeakDual (5.1s)
✔ [7177/9243] Built Mathlib.Topology.Algebra.Module.Spaces.UniformConvergenceCLM (11s)
✔ [7178/9243] Built Mathlib.AlgebraicGeometry.Cover.Open (7.5s)
✔ [7179/9243] Built Mathlib.Analysis.LocallyConvex.Barrelled (3.8s)
✔ [7180/9243] Built Mathlib.Algebra.Homology.DerivedCategory.Ext.EnoughInjectives (3.4s)
✔ [7181/9243] Built Mathlib.Algebra.Homology.DerivedCategory.Ext.MapAdjunction (4.7s)
✔ [7182/9243] Built Mathlib.Algebra.Homology.DerivedCategory.Ext.EnoughProjectives (3.3s)
✔ [7183/9243] Built Mathlib.Analysis.InnerProductSpace.Defs (7.4s)
✔ [7184/9243] Built Mathlib.NumberTheory.ModularForms.ArithmeticSubgroups (5.8s)
✔ [7185/9243] Built Mathlib.Algebra.Homology.DerivedCategory.RightDerivedFunctorPlus (4.0s)
✔ [7186/9243] Built Mathlib.LinearAlgebra.Eigenspace.Semisimple (3.4s)
✔ [7187/9243] Built Mathlib.Algebra.Lie.CartanExists (8.1s)
✔ [7188/9243] Built Mathlib.RingTheory.Smooth.StandardSmoothOfFree (6.1s)
✔ [7189/9243] Built Mathlib.Topology.Category.Stonean.Limits (2.6s)
✔ [7190/9243] Built Mathlib.Topology.Order.Category.FrameAdjunction (3.9s)
✔ [7191/9243] Built Mathlib.RingTheory.Smooth.Quotient (9.3s)
✔ [7192/9243] Built Mathlib.LinearAlgebra.Eigenspace.Pi (4.4s)
✔ [7193/9243] Built Mathlib.RepresentationTheory.FDRep (6.6s)
✔ [7194/9243] Built Mathlib.FieldTheory.AxGrothendieck (3.9s)
✔ [7195/9243] Built Mathlib.Topology.Category.Stonean.Adjunctions (2.9s)
✔ [7196/9243] Built Mathlib.LinearAlgebra.Projectivization.PSL.Stabilizer (4.3s)
✔ [7197/9243] Built Mathlib.Condensed.Basic (3.3s)
✔ [7198/9243] Built Mathlib.Topology.Category.Profinite.EffectiveEpi (3.5s)
✔ [7199/9243] Built Mathlib.Topology.Category.Profinite.Nobeling.Basic (5.5s)
✔ [7200/9243] Built Mathlib.Topology.Category.Profinite.Extend (4.5s)
✔ [7201/9243] Built Mathlib.Topology.Compactification.OnePoint.ProjectiveLine (5.9s)
✔ [7202/9243] Built Mathlib.Topology.Category.LightProfinite.Basic (5.6s)
✔ [7203/9243] Built Mathlib.RingTheory.Ideal.Norm.AbsNorm (6.2s)
✔ [7204/9243] Built Mathlib.RingTheory.AlgebraicIndependent.AlgebraicClosure (5.9s)
✔ [7205/9243] Built Mathlib.MeasureTheory.Measure.Dirac.Def (2.0s)
✔ [7206/9243] Built Mathlib.Analysis.SpecialFunctions.PolynomialExp (3.2s)
✔ [7207/9243] Built Mathlib.Topology.Algebra.Category.ProfiniteGrp.Limits (6.4s)
✔ [7208/9243] Built Mathlib.MeasureTheory.Measure.CompleteLattice (3.0s)
✔ [7209/9243] Built Mathlib.Analysis.Complex.UpperHalfPlane.Topology (4.3s)
✔ [7210/9243] Built Mathlib.RingTheory.WittVector.Verschiebung (3.6s)
✔ [7211/9243] Built Mathlib.Analysis.SpecialFunctions.Log.Basic (6.1s)
✔ [7212/9243] Built Mathlib.RingTheory.WittVector.MulP (3.2s)
✔ [7213/9243] Built Mathlib.NumberTheory.ModularForms.SlashActions (5.6s)
✔ [7214/9243] Built Mathlib.RingTheory.WittVector.InitTail (4.8s)
✔ [7215/9243] Built Mathlib.Analysis.Complex.UpperHalfPlane.FixedPoints (5.6s)
✔ [7216/9243] Built Mathlib.Analysis.SpecialFunctions.Trigonometric.Basic (8.4s)
✔ [7217/9243] Built Mathlib.RingTheory.WittVector.Frobenius (5.3s)
✔ [7218/9243] Built Mathlib.Topology.Category.DeltaGenerated (2.7s)
✔ [7219/9243] Built Mathlib.Analysis.Convex.KreinMilman (3.3s)
✔ [7220/9243] Built Mathlib.LinearAlgebra.RootSystem.Basic (4.5s)
✔ [7221/9243] Built Mathlib.Analysis.Convex.Cone.Dual (4.9s)
✔ [7222/9243] Built Mathlib.CategoryTheory.Abelian.GrothendieckCategory.HasExt (2.7s)
✔ [7223/9243] Built Mathlib.CategoryTheory.Abelian.Injective.Dimension (3.6s)
✔ [7224/9243] Built Mathlib.Topology.Algebra.Module.Spaces.CompactConvergenceCLM (5.4s)
✔ [7225/9243] Built Mathlib.CategoryTheory.Abelian.Projective.Dimension (3.6s)
✔ [7226/9243] Built Mathlib.Analysis.Normed.Operator.Fredholm.Basic (9.9s)
✔ [7227/9243] Built Mathlib.Algebra.Category.ModuleCat.Ext.HasExt (2.0s)
✔ [7228/9243] Built Mathlib.Algebra.Homology.DerivedCategory.Ext.MapBijective (5.3s)
✔ [7229/9243] Built Mathlib.Topology.Category.Stonean.EffectiveEpi (2.0s)
✔ [7230/9243] Built Mathlib.NumberTheory.ModularForms.CongruenceSubgroups (4.9s)
✔ [7231/9243] Built Mathlib.AlgebraicGeometry.Restrict (10s)
✔ [7232/9243] Built Mathlib.LinearAlgebra.Projectivization.PSL.PSL2 (3.2s)
✔ [7233/9243] Built Mathlib.RepresentationTheory.Invariants (6.7s)
✔ [7234/9243] Built Mathlib.Condensed.TopComparison (3.0s)
✔ [7235/9243] Built Mathlib.Analysis.InnerProductSpace.Basic (10s)
✔ [7236/9243] Built Mathlib.Condensed.Module (3.1s)
✔ [7237/9243] Built Mathlib.RepresentationTheory.Tannaka (6.1s)
✔ [7238/9243] Built Mathlib.Topology.Algebra.Module.Spaces.ContinuousLinearMap (15s)
✔ [7239/9243] Built Mathlib.Algebra.Lie.Weights.Basic (9.3s)
✔ [7240/9243] Built Mathlib.Topology.Category.Profinite.Nobeling.Span (3.5s)
✔ [7241/9243] Built Mathlib.Topology.Category.LightProfinite.Cartesian (2.3s)
✔ [7242/9243] Built Mathlib.Topology.Category.LightProfinite.Limits (2.5s)
✔ [7243/9243] Built Mathlib.Topology.Category.Profinite.Nobeling.ZeroLimit (3.2s)
✔ [7244/9243] Built Mathlib.Topology.Category.LightProfinite.Sequence (2.4s)
✔ [7245/9243] Built Mathlib.Topology.Category.LightProfinite.AsLimit (2.7s)
✔ [7246/9243] Built Mathlib.RingTheory.Smooth.NoetherianDescent (12s)
✔ [7247/9243] Built Mathlib.RingTheory.Ideal.Quotient.HasFiniteQuotients.Norm (2.3s)
✔ [7248/9243] Built Mathlib.RingTheory.Ideal.Int (2.6s)
✔ [7249/9243] Built Mathlib.Topology.Category.Profinite.Nobeling.Successor (6.2s)
✔ [7250/9243] Built Mathlib.MeasureTheory.Measure.Sum (2.8s)
✔ [7251/9243] Built Mathlib.MeasureTheory.Measure.Filter (2.9s)
✔ [7252/9243] Built Mathlib.RingTheory.RamificationInertia.Inertia (5.3s)
✔ [7253/9243] Built Mathlib.MeasureTheory.Measure.Map (3.3s)
✔ [7254/9243] Built Mathlib.Analysis.Complex.UpperHalfPlane.FunctionsBoundedAtInfty (3.1s)
✔ [7255/9243] Built Mathlib.Topology.Algebra.Category.ProfiniteGrp.Completion (4.7s)
✔ [7256/9243] Built Mathlib.NumberTheory.ArithmeticFunction.VonMangoldt (3.3s)
✔ [7257/9243] Built Mathlib.Analysis.SpecialFunctions.Artanh (4.1s)
✔ [7258/9243] Built Mathlib.FieldTheory.SeparableClosure (8.0s)
✔ [7259/9243] Built Mathlib.RingTheory.WittVector.Truncated (4.9s)
✔ [7260/9243] Built Mathlib.NumberTheory.ModularForms.SlashInvariantForms (5.6s)
✔ [7261/9243] Built Mathlib.Analysis.SpecialFunctions.Trigonometric.Chebyshev.Extremal (5.0s)
✔ [7262/9243] Built Mathlib.NumberTheory.Niven (5.4s)
✔ [7263/9243] Built Mathlib.RingTheory.WittVector.Identities (3.3s)
✔ [7264/9243] Built Mathlib.Analysis.Complex.Circle (5.6s)
✔ [7265/9243] Built Mathlib.Analysis.SpecialFunctions.Trigonometric.Inverse (5.3s)
✔ [7266/9243] Built Mathlib.Algebra.Category.ModuleCat.InjectiveDimension (3.6s)
✔ [7267/9243] Built Mathlib.RingTheory.LocalProperties.InjectiveDimension (4.1s)
✔ [7268/9243] Built Mathlib.RingTheory.Invariant.Profinite (14s)
✔ [7269/9243] Built Mathlib.RingTheory.LocalProperties.ProjectiveDimension (3.7s)
✔ [7270/9243] Built Mathlib.Algebra.Category.ModuleCat.Ext.DimensionShifting (3.0s)
✔ [7271/9243] Built Mathlib.Analysis.SpecialFunctions.Trigonometric.Angle (8.8s)
✔ [7272/9243] Built Mathlib.Condensed.Equivalence (3.3s)
✔ [7273/9243] Built Mathlib.Algebra.Category.ModuleCat.Ext.Basic (4.2s)
✔ [7274/9243] Built Mathlib.NumberTheory.Modular (15s)
✔ [7275/9243] Built Mathlib.Algebra.Category.ModuleCat.Ext.Baer (7.0s)
✔ [7276/9243] Built Mathlib.NumberTheory.ModularForms.Cusps (6.0s)
✔ [7277/9243] Built Mathlib.RepresentationTheory.Character (4.6s)
✔ [7278/9243] Built Mathlib.LinearAlgebra.RootSystem.Hom (12s)
✔ [7279/9243] Built CanonicalRoots.CompletionInvariants (4.8s)
✔ [7280/9243] Built Mathlib.Analysis.InnerProductSpace.Convex (2.9s)
✔ [7281/9243] Built Mathlib.Condensed.TopCatAdjunction (4.9s)
✔ [7282/9243] Built Mathlib.AlgebraicGeometry.Gluing (11s)
✔ [7283/9243] Built Mathlib.Analysis.InnerProductSpace.Affine (3.1s)
✔ [7284/9243] Built Mathlib.Analysis.Convex.Strong (4.5s)
✔ [7285/9243] Built Mathlib.Geometry.Euclidean.Inversion.Basic (3.9s)
✔ [7286/9243] Built Mathlib.Analysis.Convex.Approximation (9.4s)
✔ [7287/9243] Built Mathlib.Condensed.Limits (3.4s)
✔ [7288/9243] Built Mathlib.RepresentationTheory.Homological.GroupCohomology.LowDegree (14s)
✔ [7289/9243] Built Mathlib.Analysis.InnerProductSpace.Projection.Minimal (5.5s)
✔ [7290/9243] Built Mathlib.AlgebraicGeometry.GammaSpecAdjunction (17s)
✔ [7291/9243] Built Mathlib.Topology.Algebra.Module.TopDualPairing (3.7s)
✔ [7292/9243] Built Mathlib.Topology.Algebra.Module.FiniteDimensionBilinear (4.4s)
✔ [7293/9243] Built Mathlib.Analysis.LocallyConvex.SeparatingDual (7.8s)
✔ [7294/9243] Built Mathlib.RepresentationTheory.Homological.GroupHomology.LowDegree (18s)
✔ [7295/9243] Built Mathlib.NumberTheory.Padics.Measure.Topology (2.7s)
✔ [7296/9243] Built Mathlib.Topology.Algebra.Module.StrongTopology (2.6s)
✔ [7297/9243] Built Mathlib.Analysis.Normed.Operator.Compact.Basic (5.3s)
✔ [7298/9243] Built Mathlib.Analysis.LocallyConvex.StrongTopology (3.1s)
✔ [7299/9243] Built Mathlib.Analysis.Normed.Operator.Basic (10s)
✔ [7300/9243] Built Mathlib.Topology.Algebra.ContinuousAffineMap.Topology (6.4s)
✔ [7301/9243] Built Mathlib.Algebra.Lie.Sl2 (4.2s)
✔ [7302/9243] Built Mathlib.Topology.Algebra.Module.Multilinear.Topology (10s)
✔ [7303/9243] Built Mathlib.Topology.Category.LightProfinite.EffectiveEpi (3.2s)
✔ [7304/9243] Built Mathlib.Topology.Algebra.Module.Spaces.PointwiseConvergenceCLM (7.2s)
✔ [7305/9243] Built Mathlib.Algebra.Lie.Weights.Cartan (6.8s)
✔ [7306/9243] Built Mathlib.Topology.Category.LightProfinite.Injective (4.3s)
✔ [7307/9243] Built Mathlib.RingTheory.Ideal.Quotient.HasFiniteQuotients (2.5s)
✔ [7308/9243] Built Mathlib.Algebra.Lie.Weights.Linear (6.4s)
✔ [7309/9243] Built Mathlib.Topology.Category.LightProfinite.Extend (3.8s)
✔ [7310/9243] Built Mathlib.RingTheory.Smooth.Flat (3.5s)
✔ [7311/9243] Built Mathlib.Topology.Category.Profinite.Nobeling.Induction (3.1s)
✔ [7312/9243] Built Mathlib.Algebra.Lie.LieTheorem (8.0s)
✔ [7313/9243] Built Mathlib.MeasureTheory.Measure.AbsolutelyContinuous (3.2s)
✔ [7314/9243] Built Mathlib.CategoryTheory.Sites.SheafCohomology.Basic (65s)
✔ [7315/9243] Built Mathlib.MeasureTheory.Measure.Comap (3.4s)
✔ [7316/9243] Built Mathlib.NumberTheory.RamificationInertia.Inertia (4.0s)
✔ [7317/9243] Built Mathlib.NumberTheory.ModularForms.EisensteinSeries.Defs (4.2s)
✔ [7318/9243] Built Mathlib.RingTheory.WittVector.Compare (4.1s)
✔ [7319/9243] Built Mathlib.RingTheory.WittVector.MulCoeff (5.3s)
✔ [7320/9243] Built Mathlib.RingTheory.WittVector.Domain (3.5s)
✔ [7321/9243] Built Mathlib.Analysis.Complex.Isometry (4.5s)
✔ [7322/9243] Built Mathlib.Algebra.Category.ModuleCat.ProjectiveDimension (4.1s)
✔ [7323/9243] Built Mathlib.FieldTheory.SeparablyGenerated (8.0s)
✔ [7324/9243] Built Mathlib.Algebra.Category.ModuleCat.Ext.Finite (4.2s)
✔ [7325/9243] Built Mathlib.Condensed.Explicit (3.7s)
✔ [7326/9243] Built Mathlib.Condensed.Epi (4.2s)
✔ [7327/9243] Built Mathlib.Analysis.SpecialFunctions.Complex.Arg (5.6s)
✔ [7328/9243] Built Mathlib.Analysis.Complex.UnitDisc.Basic (8.5s)
✔ [7329/9243] Built Mathlib.NumberTheory.ModularForms.Identities (4.1s)
✔ [7330/9243] Built Mathlib.LinearAlgebra.RootSystem.RootPairingCat (3.1s)
⚠ [7331/9243] Built CanonicalRoots.PrincipalExt (5.7s)
warning: CanonicalRoots/PrincipalExt.lean:16:10: `ext` did not consume the patterns `x`

Note: This linter can be disabled with `set_option linter.unusedRCasesPattern false`
warning: CanonicalRoots/PrincipalExt.lean:17:38: This simp argument is unused:
  Ideal.Quotient.eq_zero_iff_mem

Hint: Omit it from the simp argument list.
  [apply] simp [Ideal.Quotient.mkₐ_eq_mk]

Note: This linter can be disabled with `set_option linter.unusedSimpArgs false`
✔ [7332/9243] Built Mathlib.FieldTheory.Galois.Basic (14s)
✔ [7333/9243] Built Mathlib.RepresentationTheory.FinGroupCharZero (4.0s)
✔ [7334/9243] Built Mathlib.RingTheory.Depth.Rees (7.2s)
✔ [7335/9243] Built Mathlib.LinearAlgebra.RootSystem.WeylGroup (3.9s)
✔ [7336/9243] Built Mathlib.NumberTheory.ModularForms.BoundedAtCusp (5.8s)
✔ [7337/9243] Built Mathlib.Condensed.AB (5.1s)
✔ [7338/9243] Built Mathlib.Analysis.Convex.Cone.TensorProduct (3.9s)
✔ [7339/9243] Built Mathlib.RepresentationTheory.Homological.GroupCohomology.FiniteCyclic (5.7s)
✔ [7340/9243] Built Mathlib.Analysis.LocallyConvex.WeakSpace (4.8s)
✔ [7341/9243] Built Mathlib.Analysis.Normed.Operator.Compact (2.0s)
✔ [7342/9243] Built Mathlib.AlgebraicGeometry.Modules.Sheaf (53s)
✔ [7343/9243] Built Mathlib.Analysis.Normed.Operator.Compact.FiniteDimension (3.2s)
✔ [7344/9243] Built Mathlib.RepresentationTheory.Homological.GroupHomology.FiniteCyclic (7.2s)
✔ [7345/9243] Built Mathlib.Analysis.InnerProductSpace.OfNorm (13s)
✔ [7346/9243] Built Mathlib.Analysis.Normed.Operator.Asymptotics (4.0s)
✔ [7347/9243] Built Mathlib.Analysis.LocallyConvex.WeakOperatorTopology (15s)
✔ [7348/9243] Built Mathlib.Analysis.Normed.Operator.NNNorm (6.5s)
✔ [7349/9243] Built Mathlib.RepresentationTheory.Homological.GroupCohomology.Functoriality (17s)
✔ [7350/9243] Built Mathlib.Condensed.Light.Instances (4.1s)
✔ [7351/9243] Built Mathlib.AlgebraicGeometry.AffineScheme (16s)
✔ [7352/9243] Built Mathlib.Topology.ContinuousMap.Bounded.Normed (11s)
✔ [7353/9243] Built Mathlib.Condensed.Light.Basic (2.9s)
✔ [7354/9243] Built Mathlib.Analysis.LocallyConvex.PointwiseConvergence (5.6s)
✔ [7355/9243] Built Mathlib.Analysis.Normed.Operator.Extend (13s)
✔ [7356/9243] Built Mathlib.Topology.Algebra.Module.Alternating.Topology (11s)
✔ [7357/9243] Built Mathlib.Algebra.Lie.Weights.Chain (7.1s)
✔ [7358/9243] Built Mathlib.Algebra.Lie.Semisimple.Lemmas (5.2s)
✔ [7359/9243] Built Mathlib.AlgebraicGeometry.ProjectiveSpectrum.Scheme (24s)
✔ [7360/9243] Built Mathlib.MeasureTheory.Measure.QuasiMeasurePreserving (4.1s)
✔ [7361/9243] Built Mathlib.MeasureTheory.Covering.VitaliFamily (4.3s)
✔ [7362/9243] Built Mathlib.RingTheory.Etale.Weakly (7.8s)
✔ [7363/9243] Built Mathlib.RingTheory.WittVector.DiscreteValuationRing (3.5s)
✔ [7364/9243] Built Mathlib.Algebra.Lie.Basis.Basic (12s)
✔ [7365/9243] Built Mathlib.RingTheory.WittVector.Complete (3.6s)
✔ [7366/9243] Built Mathlib.Condensed.Functors (3.9s)
✔ [7367/9243] Built Mathlib.FieldTheory.TranscendentalSeparable (4.6s)
✔ [7368/9243] Built Mathlib.Algebra.Lie.TraceForm (14s)
✔ [7369/9243] Built Mathlib.Analysis.Complex.Arg (3.7s)
✔ [7370/9243] Built Mathlib.RepresentationTheory.Homological.GroupHomology.Functoriality (28s)
✔ [7371/9243] Built Mathlib.Analysis.SpecialFunctions.Complex.Log (4.3s)
✔ [7372/9243] Built Mathlib.NumberTheory.RamificationInertia.Basic (10s)
⚠ [7373/9243] Built CanonicalRoots.PrincipalExtScalars (6.8s)
warning: CanonicalRoots/PrincipalExtScalars.lean:11:0: automatically included section variable(s) unused in theorem `CanonicalRoots.principalExt_smul_algebraMap`:
  [IsDomain R]
consider restructuring your `variable` declarations so that the variables are not in scope or explicitly omit them:
  omit [IsDomain R] in theorem ...

Note: This linter can be disabled with `set_option linter.unusedSectionVars false`
✔ [7374/9243] Built Mathlib.FieldTheory.Differential.Liouville (6.0s)
✔ [7375/9243] Built Mathlib.RingTheory.Norm.Transitivity (7.4s)
✔ [7376/9243] Built Mathlib.RingTheory.Regular.ProjectiveDimension (10s)
✔ [7377/9243] Built Mathlib.FieldTheory.Galois.NormalBasis (6.6s)
✔ [7378/9243] Built Mathlib.FieldTheory.KrullTopology (3.0s)
✔ [7379/9243] Built Mathlib.FieldTheory.Galois.GaloisClosure (7.6s)
✔ [7380/9243] Built Mathlib.FieldTheory.KummerExtension (10s)
✔ [7381/9243] Built Mathlib.FieldTheory.IsSepClosed (4.8s)
✔ [7382/9243] Built Mathlib.FieldTheory.PolynomialGaloisGroup (5.7s)
✔ [7383/9243] Built Mathlib.LinearAlgebra.RootSystem.Irreducible (6.2s)
✔ [7384/9243] Built Mathlib.RepresentationTheory.Homological.GroupCohomology.LongExactSequence (5.8s)
✔ [7385/9243] Built Mathlib.Topology.ContinuousMap.Bounded.Star (3.8s)
✔ [7386/9243] Built Mathlib.FieldTheory.LinearDisjoint (15s)
✔ [7387/9243] Built Mathlib.Topology.MetricSpace.GromovHausdorffRealized (4.7s)
✔ [7388/9243] Built Mathlib.Topology.ContinuousMap.BoundedCompactlySupported (3.6s)
✔ [7389/9243] Built Mathlib.Topology.TietzeExtension (5.4s)
✔ [7390/9243] Built Mathlib.Condensed.Discrete.Basic (3.2s)
✔ [7391/9243] Built Mathlib.Analysis.Calculus.FDeriv.Basic (14s)
✔ [7392/9243] Built Mathlib.Condensed.Light.Module (4.0s)
✔ [7393/9243] Built Mathlib.Condensed.Light.TopComparison (2.7s)
✔ [7394/9243] Built Mathlib.Dynamics.BirkhoffSum.QuasiMeasurePreserving (2.6s)
✔ [7395/9243] Built Mathlib.AlgebraicGeometry.Pullbacks (15s)
✔ [7396/9243] Built Mathlib.RingTheory.WittVector.FrobeniusFractionField (5.1s)
✔ [7397/9243] Built Mathlib.RingTheory.WittVector.TeichmullerSeries (4.1s)
✔ [7398/9243] Built Mathlib.MeasureTheory.Measure.Restrict (7.1s)
✔ [7399/9243] Built Mathlib.Analysis.Normed.Operator.Bilinear (18s)
✔ [7400/9243] Built Mathlib.Condensed.EffectiveEpi (3.1s)
✔ [7401/9243] Built Mathlib.Condensed.Solid (3.6s)
✔ [7402/9243] Built Mathlib.Algebra.Lie.Killing (4.0s)
✔ [7403/9243] Built Mathlib.RepresentationTheory.Homological.GroupHomology.LongExactSequence (5.6s)
✔ [7404/9243] Built Mathlib.RingTheory.RootsOfUnity.Complex (4.5s)
✔ [7405/9243] Built Mathlib.Analysis.SpecialFunctions.Complex.CircleMap (4.1s)
✔ [7406/9243] Built Mathlib.Algebra.Lie.Basis.Prod (12s)
✔ [7407/9243] Built Mathlib.AlgebraicGeometry.ProjectiveSpectrum.Basic (15s)
✔ [7408/9243] Built Mathlib.Analysis.SpecialFunctions.Complex.Circle (6.2s)
✔ [7409/9243] Built Mathlib.Analysis.SpecialFunctions.Pow.Complex (4.9s)
⚠ [7410/9243] Built CanonicalRoots.PrincipalExtQuotient (4.2s)
warning: CanonicalRoots/PrincipalExtQuotient.lean:9:0: Definition `CanonicalRoots.principalExtQuotientModule` of class type is semireducible. Most type class instances should be instance-reducible, so consider marking this
definition with `@[instance_reducible]`. If it is intentionally semireducible, this warning can be disabled with `set_option warn.classDefReducibility false`.
warning: CanonicalRoots/PrincipalExtQuotient.lean:23:2: Try this: 
  letI̵

The goal is a proposition, so `let` is preferred over `letI`.
The difference between `let` and `letI` is that `letI` inlines the value.
But this is not relevant for proofs because of proof irrelevance.

Note: This linter can be disabled with `set_option linter.style.haveILetI false`
warning: CanonicalRoots/PrincipalExtQuotient.lean:32:2: Try this: 
  letI̵

The goal is a proposition, so `let` is preferred over `letI`.
The difference between `let` and `letI` is that `letI` inlines the value.
But this is not relevant for proofs because of proof irrelevance.

Note: This linter can be disabled with `set_option linter.style.haveILetI false`
✔ [7411/9243] Built Mathlib.FieldTheory.Finite.GaloisField (4.7s)
✔ [7412/9243] Built Mathlib.FieldTheory.AbsoluteGaloisGroup (4.3s)
✔ [7413/9243] Built Mathlib.NumberTheory.Cyclotomic.CyclotomicCharacter (5.1s)
✔ [7414/9243] Built Mathlib.RingTheory.RootsOfUnity.Lemmas (3.4s)
✔ [7415/9243] Built Mathlib.FieldTheory.AbelRuffini (4.9s)
✔ [7416/9243] Built Mathlib.AlgebraicGeometry.EllipticCurve.IsomOfJ (6.4s)
✔ [7417/9243] Built Mathlib.FieldTheory.Galois.Infinite (9.1s)
✔ [7418/9243] Built Mathlib.FieldTheory.Galois.Profinite (9.8s)
✔ [7419/9243] Built Mathlib.FieldTheory.PurelyInseparable.Basic (9.8s)
✔ [7420/9243] Built Mathlib.Analysis.RCLike.BoundedContinuous (5.7s)
✔ [7421/9243] Built Mathlib.Analysis.Fourier.BoundedContinuousFunctionChar (5.0s)
✔ [7422/9243] Built Mathlib.Analysis.Calculus.FDeriv.Affine (3.1s)
✔ [7423/9243] Built Mathlib.LinearAlgebra.RootSystem.Finite.Lemmas (12s)
✔ [7424/9243] Built Mathlib.Topology.ContinuousMap.Compact (7.5s)
✔ [7425/9243] Built Mathlib.Analysis.Calculus.FDeriv.OfCompLeft (4.1s)
✔ [7426/9243] Built Mathlib.Topology.ContinuousMap.ZeroAtInfty (9.5s)
✔ [7427/9243] Built Mathlib.LinearAlgebra.Matrix.Cartan.Realisation (15s)
✔ [7428/9243] Built Mathlib.Condensed.Discrete.LocallyConstant (6.7s)
✔ [7429/9243] Built Mathlib.Analysis.Calculus.FDeriv.RestrictScalars (3.8s)
✔ [7430/9243] Built Mathlib.Condensed.Light.Explicit (2.7s)
✔ [7431/9243] Built Mathlib.Analysis.Calculus.FDeriv.Congr (4.1s)
✔ [7432/9243] Built Mathlib.Analysis.Calculus.FDeriv.Comp (4.8s)
✔ [7433/9243] Built Mathlib.Condensed.Light.Limits (2.5s)
✔ [7434/9243] Built Mathlib.Condensed.Light.Small (3.5s)
✔ [7435/9243] Built Mathlib.Condensed.Light.Monoidal (4.8s)
✔ [7436/9243] Built Mathlib.MeasureTheory.Measure.Typeclasses.NullSingletonClass (2.4s)
✔ [7437/9243] Built Mathlib.Condensed.Light.TopCatAdjunction (3.9s)
✔ [7438/9243] Built Mathlib.MeasureTheory.Measure.MutuallySingular (2.8s)
✔ [7439/9243] Built Mathlib.MeasureTheory.Measure.Typeclasses.Finite (4.4s)
✔ [7440/9243] Built Mathlib.RingTheory.WittVector.Isocrystal (6.9s)
✔ [7441/9243] Built Mathlib.Analysis.Normed.Operator.Completeness (4.3s)
✔ [7442/9243] Built Mathlib.Analysis.Normed.Operator.Prod (6.8s)
✔ [7443/9243] Built Mathlib.AlgebraicGeometry.Limits (10s)
✔ [7444/9243] Built Mathlib.Algebra.Lie.Derivation.Killing (4.0s)
✔ [7445/9243] Built Mathlib.Analysis.Normed.Operator.NormedSpace (8.0s)
✔ [7446/9243] Built Mathlib.NumberTheory.MulChar.Lemmas (3.1s)
✔ [7447/9243] Built Mathlib.RepresentationTheory.Homological.TateCohomology.Basic (5.3s)
✔ [7448/9243] Built Mathlib.AlgebraicGeometry.Modules.Tilde (59s)
✔ [7449/9243] Built Mathlib.Topology.Algebra.PontryaginDual (3.9s)
✔ [7450/9243] Built Mathlib.Algebra.Lie.CartanCriterion (9.8s)
✔ [7451/9243] Built Mathlib.Analysis.SpecialFunctions.Trigonometric.Complex (4.8s)
✔ [7452/9243] Built Mathlib.CategoryTheory.Sites.SheafCohomology.ExactSequences (81s)
✔ [7453/9243] Built Mathlib.FieldTheory.Cardinality (3.3s)
✔ [7454/9243] Built Mathlib.FieldTheory.Finite.Extension (4.3s)
✔ [7455/9243] Built Mathlib.FieldTheory.Galois.Abelian (4.3s)
✔ [7456/9243] Built Mathlib.RingTheory.Spectrum.Prime.Homeomorph (4.3s)
✔ [7457/9243] Built Mathlib.Analysis.SpecialFunctions.Pow.Real (7.6s)
✔ [7458/9243] Built Mathlib.FieldTheory.JacobsonNoether (5.7s)
✔ [7459/9243] Built Mathlib.FieldTheory.PurelyInseparable.Exponent (4.6s)
✔ [7460/9243] Built Mathlib.FieldTheory.PurelyInseparable.AdjoinPthRoots (3.6s)
✔ [7461/9243] Built Mathlib.FieldTheory.PurelyInseparable.PerfectClosure (6.3s)
✔ [7462/9243] Built Mathlib.RingTheory.Trace.Basic (8.4s)
✔ [7463/9243] Built Mathlib.RingTheory.RingHom.PurelyInseparable (3.0s)
✔ [7464/9243] Built Mathlib.Topology.ContinuousMap.Weierstrass (3.2s)
✔ [7465/9243] Built Mathlib.FieldTheory.IsPerfectClosure (6.2s)
✔ [7466/9243] Built Mathlib.Analysis.Normed.Module.Multilinear.Basic (25s)
✔ [7467/9243] Built Mathlib.RingTheory.Unramified.Field (5.3s)
✔ [7468/9243] Built Mathlib.Analysis.RCLike.ContinuousMap (3.9s)
✔ [7469/9243] Built Mathlib.CategoryTheory.Sites.SheafCohomology.MayerVietoris (96s)
✔ [7470/9243] Built Mathlib.Topology.MetricSpace.Ultra.ContinuousMaps (3.3s)
✔ [7471/9243] Built Mathlib.LinearAlgebra.RootSystem.Chain (8.7s)
✔ [7472/9243] Built Mathlib.Topology.MetricSpace.UniformConvergence (6.8s)
✔ [7473/9243] Built Mathlib.Topology.ContinuousMap.Ideals (6.4s)
✔ [7474/9243] Built Mathlib.Analysis.Normed.Group.ZeroAtInfty (3.1s)
✔ [7475/9243] Built Mathlib.Topology.ContinuousMap.ContinuousMapZero (9.4s)
✔ [7476/9243] Built Mathlib.Analysis.CStarAlgebra.ContinuousMap (7.7s)
✔ [7477/9243] Built Mathlib.MeasureTheory.Topology (2.3s)
✔ [7478/9243] Built Mathlib.Topology.ContinuousMap.ZeroAtInftyUnitization (8.4s)
✔ [7479/9243] Built Mathlib.FieldTheory.CardinalEmb (15s)
✔ [7480/9243] Built Mathlib.Analysis.Calculus.FDeriv.Const (4.8s)
✔ [7481/9243] Built Mathlib.Condensed.Light.Functors (2.6s)
✔ [7482/9243] Built Mathlib.MeasureTheory.Measure.Sub (2.3s)
✔ [7483/9243] Built Mathlib.MeasureTheory.Measure.MeasuredSets (3.2s)
✔ [7484/9243] Built Mathlib.MeasureTheory.Measure.Typeclasses.Probability (2.9s)
✔ [7485/9243] Built Mathlib.MeasureTheory.Measure.Decomposition.Hahn (3.1s)
✔ [7486/9243] Built Mathlib.Condensed.Discrete.Module (8.4s)
✔ [7487/9243] Built Mathlib.Topology.ContinuousMap.CompactlySupported (9.8s)
✔ [7488/9243] Built Mathlib.MeasureTheory.Measure.Typeclasses.SFinite (4.3s)
✔ [7489/9243] Built Mathlib.Analysis.Normed.Module.RCLike.Basic (4.1s)
✔ [7490/9243] Built Mathlib.AlgebraicGeometry.Morphisms.Basic (5.2s)
✔ [7491/9243] Built Mathlib.Analysis.Complex.OperatorNorm (4.3s)
✔ [7492/9243] Built Mathlib.AlgebraicGeometry.Properties (6.2s)
✔ [7493/9243] Built Mathlib.Analysis.Normed.Affine.ContinuousAffineMap (7.4s)
✔ [7494/9243] Built Mathlib.Analysis.Normed.Module.Completion (4.7s)
✔ [7495/9243] Built Mathlib.Analysis.Normed.Operator.BanachSteinhaus (4.2s)
✔ [7496/9243] Built Mathlib.NumberTheory.MulChar.Duality (5.6s)
✔ [7497/9243] Built Mathlib.Analysis.SpecialFunctions.Trigonometric.Arctan (6.3s)
✔ [7498/9243] Built Mathlib.Algebra.Lie.Weights.Killing (12s)
✔ [7499/9243] Built Mathlib.Analysis.SpecialFunctions.Log.PosLog (4.5s)
✔ [7500/9243] Built Mathlib.Condensed.Discrete.Colimit (20s)
✔ [7501/9243] Built Mathlib.Analysis.RCLike.Sqrt (6.0s)
✔ [7502/9243] Built Mathlib.Analysis.Normed.Unbundled.RingSeminorm (5.6s)
✔ [7503/9243] Built Mathlib.Analysis.Normed.Operator.Mul (11s)
✔ [7504/9243] Built Mathlib.Analysis.AbsoluteValue.Equivalence (7.0s)
✔ [7505/9243] Built Mathlib.NumberTheory.ClassNumber.AdmissibleCardPowDegree (4.8s)
✔ [7506/9243] Built Mathlib.Analysis.Convex.SpecificFunctions.Basic (4.8s)
✔ [7507/9243] Built Mathlib.Analysis.Normed.Operator.Banach (16s)
✔ [7508/9243] Built Mathlib.Analysis.SpecificLimits.FloorPow (7.4s)
✔ [7509/9243] Built Mathlib.Combinatorics.SimpleGraph.Regularity.Bound (6.8s)
✔ [7510/9243] Built Mathlib.Analysis.SpecialFunctions.Log.Base (6.2s)
✔ [7511/9243] Built Mathlib.RingTheory.Valuation.RankOne (5.2s)
✔ [7512/9243] Built Mathlib.Tactic.NormNum.Irrational (5.9s)
✔ [7513/9243] Built Mathlib.Analysis.SpecialFunctions.Log.RpowTendsto (5.9s)
✔ [7514/9243] Built Mathlib.RingTheory.Discriminant (5.3s)
✔ [7515/9243] Built Mathlib.RingTheory.DedekindDomain.IntegralClosure (4.2s)
✔ [7516/9243] Built Mathlib.FieldTheory.Finite.Trace (3.5s)
✔ [7517/9243] Built Mathlib.FieldTheory.PurelyInseparable.Tower (7.1s)
✔ [7518/9243] Built Mathlib.Analysis.SpecialFunctions.Pow.NNReal (7.7s)
✔ [7519/9243] Built Mathlib.Analysis.Normed.Operator.CompleteCodomain (3.4s)
✔ [7520/9243] Built Mathlib.FieldTheory.NormalizedTrace (6.2s)
✔ [7521/9243] Built Mathlib.AlgebraicGeometry.ProjectiveSpectrum.Functor (54s)
✔ [7522/9243] Built Mathlib.RingTheory.Unramified.Dedekind (3.1s)
✔ [7523/9243] Built Mathlib.Tactic.ComputeAsymptotics.Multiseries.Corecursion (5.6s)
✔ [7524/9243] Built Mathlib.NumberTheory.Padics.MahlerBasis (6.8s)
✔ [7525/9243] Built Mathlib.RingTheory.Unramified.LocalRing (7.0s)
✔ [7526/9243] Built Mathlib.Analysis.Normed.Module.PiTensorProduct.ProjectiveSeminorm (8.8s)
✔ [7527/9243] Built Mathlib.Topology.ContinuousMap.StarOrdered (5.3s)
✔ [7528/9243] Built Mathlib.RingTheory.Etale.Field (9.6s)
✔ [7529/9243] Built Mathlib.LinearAlgebra.RootSystem.Base (8.2s)
✔ [7530/9243] Built Mathlib.MeasureTheory.Constructions.Projective (3.2s)
✔ [7531/9243] Built Mathlib.Probability.ConditionalProbability (3.7s)
✔ [7532/9243] Built Mathlib.Topology.ContinuousMap.StoneWeierstrass (8.0s)
✔ [7533/9243] Built Mathlib.Analysis.Normed.Module.Alternating.Basic (14s)
✔ [7534/9243] Built Mathlib.MeasureTheory.Measure.Real (4.3s)
✔ [7535/9243] Built Mathlib.Condensed.Light.Epi (5.0s)
✔ [7536/9243] Built Mathlib.MeasureTheory.Measure.Dirac.Basic (3.9s)
✔ [7537/9243] Built Mathlib.MeasureTheory.Measure.Decomposition.Exhaustion (3.2s)
✔ [7538/9243] Built Mathlib.MeasureTheory.Measure.Trim (2.9s)
✔ [7539/9243] Built Mathlib.AlgebraicGeometry.Morphisms.LocalClosure (3.4s)
✔ [7540/9243] Built Mathlib.AlgebraicGeometry.Cover.Sigma (3.2s)
✔ [7541/9243] Built Mathlib.Analysis.Normed.Module.RieszLemma (3.2s)
✔ [7542/9243] Built Mathlib.AlgebraicGeometry.LimitsOver (4.7s)
✔ [7543/9243] Built Mathlib.Analysis.Calculus.Deriv.Basic (9.3s)
✔ [7544/9243] Built Mathlib.NumberTheory.DirichletCharacter.Orthogonality (3.1s)
✔ [7545/9243] Built Mathlib.AlgebraicGeometry.FunctionField (4.3s)
✔ [7546/9243] Built Mathlib.AlgebraicGeometry.Morphisms.Constructors (5.2s)
✔ [7547/9243] Built Mathlib.Analysis.Normed.Module.Multilinear.Curry (18s)
✔ [7548/9243] Built Mathlib.Analysis.Normed.Module.Bases (5.1s)
✔ [7549/9243] Built Mathlib.Analysis.Polynomial.Norm (3.3s)
✔ [7550/9243] Built Mathlib.NumberTheory.Height.Basic (5.6s)
✔ [7551/9243] Built Mathlib.Analysis.Normed.Unbundled.SeminormFromBounded (3.8s)
✔ [7552/9243] Built Mathlib.Analysis.Normed.Field.Approximation (4.5s)
✔ [7553/9243] Built Mathlib.Analysis.Normed.Unbundled.AlgebraNorm (5.0s)
✔ [7554/9243] Built Mathlib.Analysis.Complex.ValueDistribution.SecondMainTheorem (7.3s)
✔ [7555/9243] Built Mathlib.Analysis.BoxIntegral.Partition.Additive (4.6s)
✔ [7556/9243] Built Mathlib.Condensed.Discrete.Characterization (7.3s)
✔ [7557/9243] Built Mathlib.Algebra.Lie.Weights.RootSystem (10s)
✔ [7558/9243] Built Mathlib.Analysis.Normed.Module.ContinuousInverse (4.2s)
✔ [7559/9243] Built Mathlib.Analysis.Normed.Module.Complemented (4.4s)
✔ [7560/9243] Built Mathlib.Analysis.Normed.Module.RCLike.Extend (5.1s)
✔ [7561/9243] Built Mathlib.Analysis.Normed.Operator.BoundedLinearMaps (8.9s)
✔ [7562/9243] Built Mathlib.Analysis.Normed.Algebra.Unitization (6.7s)
✔ [7563/9243] Built Mathlib.NumberTheory.Padics.ValuativeRel (3.5s)
✔ [7564/9243] Built Mathlib.RingTheory.Valuation.DiscreteValuativeRel (3.2s)
✔ [7565/9243] Built Mathlib.Computability.AkraBazzi.GrowsPolynomially (6.2s)
✔ [7566/9243] Built Mathlib.RingTheory.Valuation.Discrete.RankOne (4.4s)
✔ [7567/9243] Built Mathlib.RingTheory.Localization.NormTrace (3.6s)
✔ [7568/9243] Built Mathlib.Analysis.Calculus.InverseFunctionTheorem.ApproximatesLinearOn (7.4s)
✔ [7569/9243] Built Mathlib.Topology.Algebra.Valued.NormedValued (5.6s)
✔ [7570/9243] Built Mathlib.Analysis.Convex.SpecificFunctions.Pow (2.9s)
✔ [7571/9243] Built Mathlib.NumberTheory.ClassNumber.Finite (6.5s)
✔ [7572/9243] Built Mathlib.Topology.MetricSpace.CoveringExponent (3.1s)
✔ [7573/9243] Built Mathlib.NumberTheory.NumberField.Basic (6.6s)
✔ [7574/9243] Built Mathlib.Analysis.SpecialFunctions.Log.ENNRealLog (3.2s)
✔ [7575/9243] Built Mathlib.Analysis.MeanInequalitiesPow (5.2s)
✔ [7576/9243] Built Mathlib.Analysis.SpecialFunctions.Pow.Asymptotics (4.3s)
✔ [7577/9243] Built Mathlib.Analysis.MeanInequalities (7.4s)
✔ [7578/9243] Built Mathlib.Combinatorics.SimpleGraph.Regularity.Chunk (14s)
✔ [7579/9243] Built Mathlib.RingTheory.LocalRing.Etale (4.1s)
✔ [7580/9243] Built Mathlib.NumberTheory.Padics.AddChar (4.5s)
✔ [7581/9243] Built Mathlib.NumberTheory.Padics.Measure.AmiceTransform (5.7s)
✔ [7582/9243] Built Mathlib.Topology.ContinuousMap.ContinuousSqrt (2.9s)
✔ [7583/9243] Built Mathlib.RingTheory.Perfection (10s)
✔ [7584/9243] Built Mathlib.RingTheory.RamificationInertia.Ramification (6.3s)
✔ [7585/9243] Built Mathlib.RingTheory.NormalClosure (13s)
✔ [7586/9243] Built Mathlib.RingTheory.Smooth.Field (3.4s)
✔ [7587/9243] Built Mathlib.Analysis.Normed.Module.PiTensorProduct.InjectiveSeminorm (7.5s)
✔ [7588/9243] Built Mathlib.RingTheory.TotallySplit (4.7s)
✔ [7589/9243] Built Mathlib.MeasureTheory.Constructions.ProjectiveFamilyContent (3.1s)
✔ [7590/9243] Built Mathlib.Condensed.Light.AB (4.0s)
✔ [7591/9243] Built Mathlib.Condensed.Light.EffectiveEpi (3.4s)
✔ [7592/9243] Built Mathlib.MeasureTheory.VectorMeasure.Operations (4.0s)
✔ [7593/9243] Built Mathlib.MeasureTheory.Measure.Dirac (2.8s)
✔ [7594/9243] Built Mathlib.LinearAlgebra.RootSystem.CartanMatrix (7.8s)
✔ [7595/9243] Built Mathlib.Condensed.Light.InternallyProjective (4.9s)
✔ [7596/9243] Built Mathlib.LinearAlgebra.RootSystem.BaseExists (8.5s)
✔ [7597/9243] Built Mathlib.Probability.ProbabilityMassFunction.Basic (3.6s)
✔ [7598/9243] Built Mathlib.MeasureTheory.Measure.WithDensityFinite (2.9s)
✔ [7599/9243] Built Mathlib.MeasureTheory.Measure.Count (3.2s)
✔ [7600/9243] Built Mathlib.MeasureTheory.OuterMeasure.OfAddContent (2.7s)
✔ [7601/9243] Built Mathlib.Analysis.CStarAlgebra.ContinuousFunctionalCalculus.Unital (12s)
✔ [7602/9243] Built Mathlib.RingTheory.Smooth.Fiber (12s)
✔ [7603/9243] Built Mathlib.AlgebraicGeometry.Morphisms.LocalIso (3.0s)
✔ [7604/9243] Built Mathlib.MeasureTheory.Measure.AEMeasurable (3.6s)
✔ [7605/9243] Built Mathlib.Analysis.ODE.Basic (2.0s)
✔ [7606/9243] Built Mathlib.Analysis.Calculus.Deriv.Support (2.9s)
✔ [7607/9243] Built Mathlib.Analysis.Normed.Module.Alternating.Curry (3.9s)
✔ [7608/9243] Built Mathlib.AlgebraicGeometry.Morphisms.UnderlyingMap (4.2s)
✔ [7609/9243] Built Mathlib.NumberTheory.Height.Projectivization (3.4s)
✔ [7610/9243] Built Mathlib.NumberTheory.Height.Northcott (2.7s)
✔ [7611/9243] Built Mathlib.LinearAlgebra.RootSystem.Finite.G2 (15s)
✔ [7612/9243] Built Mathlib.Analysis.Normed.Module.FiniteDimension (9.3s)
✔ [7613/9243] Built Mathlib.Analysis.Normed.Unbundled.SeminormFromConst (4.2s)
✔ [7614/9243] Built Mathlib.Analysis.Calculus.Deriv.Comp (8.4s)
✔ [7615/9243] Built Mathlib.Analysis.LocallyConvex.HahnBanach (4.8s)
✔ [7616/9243] Built Mathlib.Analysis.Calculus.FDeriv.Linear (4.3s)
✔ [7617/9243] Built Mathlib.NumberTheory.Height.MvPolynomial (8.2s)
✔ [7618/9243] Built Mathlib.AlgebraicGeometry.Morphisms.RingHomProperties (9.7s)
✔ [7619/9243] Built Mathlib.Analysis.Calculus.FormalMultilinearSeries (10s)
✔ [7620/9243] Built Mathlib.Analysis.InnerProductSpace.Continuous (3.9s)
✔ [7621/9243] Built Mathlib.Analysis.Normed.Operator.Fredholm.Open (4.3s)
✔ [7622/9243] Built Mathlib.Analysis.Normed.Operator.Compact.FredholmAlternative (7.7s)
✔ [7623/9243] Built Mathlib.Algebra.Lie.Weights.IsSimple (10s)
✔ [7624/9243] Built Mathlib.NumberTheory.NumberField.DirichletDensity (3.8s)
✔ [7625/9243] Built Mathlib.Analysis.Calculus.InverseFunctionTheorem.FDeriv (4.5s)
✔ [7626/9243] Built Mathlib.RingTheory.FractionalIdeal.Norm (4.0s)
✔ [7627/9243] Built Mathlib.Analysis.CStarAlgebra.Unitization (6.7s)
✔ [7628/9243] Built Mathlib.Topology.Algebra.Valued.LocallyCompact (5.9s)
✔ [7629/9243] Built Mathlib.NumberTheory.NumberField.Discriminant.Defs (3.2s)
✔ [7630/9243] Built Mathlib.Tactic.ComputeAsymptotics.Multiseries.Majorized (3.0s)
✔ [7631/9243] Built Mathlib.NumberTheory.NumberField.Norm (4.1s)
✔ [7632/9243] Built Mathlib.Topology.VectorBundle.Basic (11s)
✔ [7633/9243] Built Mathlib.Topology.MetricSpace.Snowflaking (4.8s)
✔ [7634/9243] Built Mathlib.Analysis.Normed.Lp.Finsupp (4.2s)
✔ [7635/9243] Built Mathlib.Analysis.SpecialFunctions.Pow.Continuity (6.1s)
✔ [7636/9243] Built Mathlib.Topology.Algebra.Valued.WithVal (10s)
✔ [7637/9243] Built Mathlib.FieldTheory.Galois.IsGaloisGroup (11s)
✔ [7638/9243] Built Mathlib.Combinatorics.SimpleGraph.Regularity.Increment (5.4s)
✔ [7639/9243] Built Mathlib.RingTheory.Teichmuller (5.1s)
✔ [7640/9243] Built Mathlib.NumberTheory.RamificationInertia.Unramified (4.3s)
✔ [7641/9243] Built Mathlib.RingTheory.Localization.AtPrime.Extension (5.1s)
✔ [7642/9243] Built Mathlib.NumberTheory.NumberField.Ideal.KummerDedekind (6.2s)
✔ [7643/9243] Built Mathlib.MeasureTheory.Measure.PreVariation (3.5s)
✔ [7644/9243] Built Mathlib.RingTheory.IntegralClosure.IntegralRestrict (16s)
✔ [7645/9243] Built Mathlib.MeasureTheory.VectorMeasure.Relations (3.2s)
✔ [7646/9243] Built Mathlib.MeasureTheory.VectorMeasure.Order (3.8s)
✔ [7647/9243] Built Mathlib.RingTheory.Etale.Finite (6.8s)
✔ [7648/9243] Built Mathlib.Analysis.Normed.Lp.ProdLp (12s)
✔ [7649/9243] Built Mathlib.Probability.ProbabilityMassFunction.Monad (3.9s)
✔ [7650/9243] Built Mathlib.Analysis.CStarAlgebra.ContinuousFunctionalCalculus.Unitary (3.7s)
✔ [7651/9243] Built Mathlib.RingTheory.RingHom.Etale (4.1s)
✔ [7652/9243] Built Mathlib.Dynamics.Ergodic.MeasurePreserving (3.8s)
✔ [7653/9243] Built Mathlib.MeasureTheory.Order.Lattice (3.8s)
✔ [7654/9243] Built Mathlib.RingTheory.DedekindDomain.Factorization (13s)
✔ [7655/9243] Built Mathlib.LinearAlgebra.RootSystem.GeckConstruction.Basic (11s)
✔ [7656/9243] Built Mathlib.Condensed.Light.Sequence (12s)
✔ [7657/9243] Built Mathlib.AlgebraicGeometry.Morphisms.OpenImmersion (5.5s)
✔ [7658/9243] Built Mathlib.MeasureTheory.Group.Arithmetic (9.7s)
✔ [7659/9243] Built Mathlib.Algebra.Lie.Basis.Base (14s)
✔ [7660/9243] Built Mathlib.Analysis.Calculus.InverseFunctionTheorem.FiniteDimensional (3.8s)
✔ [7661/9243] Built Mathlib.AlgebraicGeometry.Cover.Over (8.9s)
✔ [7662/9243] Built Mathlib.Analysis.Normed.Module.Alternating.Uncurry.Fin (10s)
✔ [7663/9243] Built Mathlib.AlgebraicGeometry.Morphisms.QuasiCompact (6.9s)
✔ [7664/9243] Built Mathlib.Analysis.LocallyConvex.Montel (4.9s)
✔ [7665/9243] Built Mathlib.Analysis.Normed.Affine.AsymptoticCone (4.2s)
✔ [7666/9243] Built Mathlib.Analysis.Normed.Affine.AddTorsorBases (4.1s)
✔ [7667/9243] Built Mathlib.LinearAlgebra.RootSystem.GeckConstruction.Lemmas (8.4s)
✔ [7668/9243] Built Mathlib.Analysis.RCLike.Lemmas (4.1s)
✔ [7669/9243] Built Mathlib.Analysis.Calculus.Deriv.Linear (3.8s)
✔ [7670/9243] Built Mathlib.Analysis.Normed.Module.HahnBanach (4.6s)
✔ [7671/9243] Built Mathlib.AlgebraicGeometry.Morphisms.FiniteType (4.1s)
✔ [7672/9243] Built Mathlib.Analysis.CStarAlgebra.ContinuousFunctionalCalculus.NonUnital (20s)
✔ [7673/9243] Built Mathlib.NumberTheory.Height.EllipticCurve (4.9s)
✔ [7674/9243] Built Mathlib.NumberTheory.NumberField.FractionalIdeal (3.8s)
✔ [7675/9243] Built Mathlib.Analysis.InnerProductSpace.Completion (4.7s)
✔ [7676/9243] Built Mathlib.NumberTheory.LocalField.Basic (5.1s)
✔ [7677/9243] Built Mathlib.AlgebraicGeometry.Morphisms.SurjectiveOnStalks (9.3s)
✔ [7678/9243] Built Mathlib.Topology.VectorBundle.Constructions (4.0s)
✔ [7679/9243] Built Mathlib.Tactic.ComputeAsymptotics.Multiseries.Defs (6.3s)
✔ [7680/9243] Built Mathlib.Topology.VectorBundle.FiniteDimensional (2.5s)
✔ [7681/9243] Built Mathlib.Analysis.InnerProductSpace.LinearMap (10s)
✔ [7682/9243] Built Mathlib.Analysis.Analytic.ConvergenceRadius (10s)
✔ [7683/9243] Built Mathlib.Analysis.Calculus.FDeriv.Add (15s)
✔ [7684/9243] Built Mathlib.Analysis.Normed.Unbundled.IsPowMulFaithful (2.6s)
✔ [7685/9243] Built Mathlib.Analysis.Calculus.FDeriv.Prod (16s)
✔ [7686/9243] Built Mathlib.Topology.VectorBundle.ContinuousAlternatingMap (9.1s)
✔ [7687/9243] Built Mathlib.NumberTheory.Ostrowski (4.6s)
✔ [7688/9243] Built Mathlib.Analysis.Asymptotics.SpecificAsymptotics (4.4s)
✔ [7689/9243] Built Mathlib.Analysis.Normed.Unbundled.SmoothingSeminorm (5.3s)
✔ [7690/9243] Built Mathlib.Topology.MetricSpace.Holder (4.8s)
✔ [7691/9243] Built Mathlib.RingTheory.Perfectoid.Untilt (2.0s)
✔ [7692/9243] Built Mathlib.Combinatorics.SimpleGraph.Regularity.Lemma (3.2s)
✔ [7693/9243] Built Mathlib.MeasureTheory.VectorMeasure.Variation.Defs (2.5s)
✔ [7694/9243] Built Mathlib.NumberTheory.Padics.WithVal (6.4s)
✔ [7695/9243] Built Mathlib.Analysis.CStarAlgebra.Multiplier (16s)
✔ [7696/9243] Built Mathlib.RingTheory.RamificationInertia.Basic (6.4s)
✔ [7697/9243] Built Mathlib.RepresentationTheory.Homological.GroupCohomology.Hilbert90 (3.0s)
✔ [7698/9243] Built Mathlib.MeasureTheory.Measure.Complex (3.6s)
✔ [7699/9243] Built Mathlib.RingTheory.Invariant.Galois (4.1s)
✔ [7700/9243] Built Mathlib.RingTheory.Trace.Quotient (4.8s)
✔ [7701/9243] Built Mathlib.MeasureTheory.VectorMeasure.Decomposition.Hahn (4.3s)
✔ [7702/9243] Built Mathlib.Topology.VectorBundle.Hom (14s)
✔ [7703/9243] Built Mathlib.Dynamics.Ergodic.Ergodic (3.1s)
✔ [7704/9243] Built Mathlib.Analysis.Normed.Algebra.UnitizationL1 (5.2s)
✔ [7705/9243] Built Mathlib.RingTheory.Etale.Descent (4.0s)
✔ [7706/9243] Built Mathlib.Topology.Algebra.Ring.Compact (4.1s)
✔ [7707/9243] Built Mathlib.RingTheory.RingHom.StandardSmooth (6.9s)
✔ [7708/9243] Built Mathlib.Analysis.Normed.Lp.lpSpace (19s)
✔ [7709/9243] Built Mathlib.MeasureTheory.Order.Group.Lattice (4.1s)
✔ [7710/9243] Built Mathlib.AlgebraicGeometry.Morphisms.IsIso (4.5s)
✔ [7711/9243] Built Mathlib.MeasureTheory.Group.Pointwise (4.1s)
✔ [7712/9243] Built Mathlib.RingTheory.DedekindDomain.AdicValuation (16s)
✔ [7713/9243] Built Mathlib.Algebra.Module.Torsion.PrimaryComponent (7.9s)
✔ [7714/9243] Built Mathlib.MeasureTheory.Group.Defs (4.2s)
✔ [7715/9243] Built Mathlib.Algebra.Lie.Basis (3.2s)
✔ [7716/9243] Built Mathlib.MeasureTheory.Group.MeasurableEquiv (6.0s)
✔ [7717/9243] Built Mathlib.Analysis.Normed.Affine.Convex (5.5s)
✔ [7718/9243] Built Mathlib.MeasureTheory.Constructions.BorelSpace.Basic (6.9s)
✔ [7719/9243] Built Mathlib.Analysis.Normed.Lp.PiLp (17s)
✔ [7720/9243] Built Mathlib.Analysis.Normed.Module.Dual (5.2s)
✔ [7721/9243] Built Mathlib.Analysis.Convex.Intrinsic (7.1s)
✔ [7722/9243] Built Mathlib.LinearAlgebra.RootSystem.GeckConstruction.Semisimple (16s)
✔ [7723/9243] Built Mathlib.AlgebraicGeometry.Morphisms.QuasiSeparated (10s)
✔ [7724/9243] Built Mathlib.Analysis.Complex.Tietze (6.2s)
✔ [7725/9243] Built Mathlib.Analysis.CStarAlgebra.ContinuousFunctionalCalculus.Projection (4.1s)
✔ [7726/9243] Built Mathlib.LinearAlgebra.RootSystem.GeckConstruction.Relations (10s)
✔ [7727/9243] Built Mathlib.Analysis.CStarAlgebra.ContinuousFunctionalCalculus.Transfer (7.2s)
✔ [7728/9243] Built Mathlib.NumberTheory.Padics.LocalField (3.6s)
✔ [7729/9243] Built Mathlib.AlgebraicGeometry.Morphisms.Preimmersion (4.0s)
✔ [7730/9243] Built Mathlib.AlgebraicGeometry.IdealSheaf.Basic (14s)
✔ [7731/9243] Built Mathlib.Tactic.ComputeAsymptotics.Multiseries.Basis (4.1s)
✔ [7732/9243] Built Mathlib.Tactic.ComputeAsymptotics.Multiseries.Trimming (3.3s)
✔ [7733/9243] Built Mathlib.Analysis.Analytic.RadiusLiminf (3.2s)
✔ [7734/9243] Built Mathlib.Analysis.CStarAlgebra.ContinuousFunctionalCalculus.Restrict (9.9s)
✔ [7735/9243] Built Mathlib.Analysis.CStarAlgebra.ContinuousFunctionalCalculus.Unique (10s)
✔ [7736/9243] Built Mathlib.Analysis.InnerProductSpace.ConformalLinearMap (2.8s)
✔ [7737/9243] Built Mathlib.Analysis.Analytic.OfScalars (4.8s)
✔ [7738/9243] Built Mathlib.Analysis.Calculus.Conformal.NormedSpace (3.2s)
✔ [7739/9243] Built Mathlib.Analysis.InnerProductSpace.Orthonormal (5.6s)
✔ [7740/9243] Built Mathlib.Analysis.Calculus.Deriv.Add (5.5s)
✔ [7741/9243] Built Mathlib.Analysis.Calculus.LagrangeMultipliers (3.9s)
✔ [7742/9243] Built Mathlib.Analysis.Calculus.Deriv.Prod (4.7s)
✔ [7743/9243] Built Mathlib.Analysis.Calculus.FDeriv.Pi (2.9s)
✔ [7744/9243] Built Mathlib.Analysis.SpecialFunctions.CompareExp (2.9s)
✔ [7745/9243] Built Mathlib.Analysis.Calculus.Implicit (7.8s)
✔ [7746/9243] Built Mathlib.Analysis.Calculus.FDeriv.Bilinear (4.8s)
✔ [7747/9243] Built Mathlib.Analysis.Polynomial.Basic (4.2s)
✔ [7748/9243] Built Mathlib.Topology.MetricSpace.HolderNorm (3.6s)
✔ [7749/9243] Built Mathlib.Analysis.Normed.Unbundled.FiniteExtension (4.2s)
✔ [7750/9243] Built Mathlib.Analysis.PSeries (5.2s)
✔ [7751/9243] Built Mathlib.Analysis.Calculus.FDeriv.Equiv (11s)
✔ [7752/9243] Built Mathlib.RingTheory.Perfectoid.FontaineTheta (4.7s)
✔ [7753/9243] Built Mathlib.MeasureTheory.VectorMeasure.Decomposition.Jordan (4.3s)
✔ [7754/9243] Built Mathlib.Combinatorics.SimpleGraph.Triangle.Removal (6.3s)
✔ [7755/9243] Built Mathlib.RingTheory.RingHom.LocallyStandardSmooth (4.0s)
✔ [7756/9243] Built Mathlib.MeasureTheory.VectorMeasure.Variation.Basic (7.2s)
✔ [7757/9243] Built Mathlib.NumberTheory.RamificationInertia.Galois (7.4s)
✔ [7758/9243] Built Mathlib.Topology.MetricSpace.Kuratowski (3.7s)
✔ [7759/9243] Built Mathlib.Analysis.CStarAlgebra.lpSpace (6.5s)
✔ [7760/9243] Built Mathlib.Analysis.Analytic.Basic (20s)
✔ [7761/9243] Built Mathlib.AlgebraicGeometry.Group.Affine (26s)
✔ [7762/9243] Built Mathlib.NumberTheory.RamificationInertia.Valuation (5.8s)
✔ [7763/9243] Built Mathlib.FieldTheory.RatFunc.AsPolynomial (6.0s)
✔ [7764/9243] Built Mathlib.NumberTheory.Padics.HeightOneSpectrum (7.8s)
✔ [7765/9243] Built Mathlib.RingTheory.DedekindDomain.SInteger (4.4s)
✔ [7766/9243] Built Mathlib.RingTheory.DedekindDomain.GaussLemma (4.1s)
✔ [7767/9243] Built Mathlib.RingTheory.DedekindDomain.SelmerGroup (6.1s)
✔ [7768/9243] Built Mathlib.Topology.VectorBundle.Riemannian (14s)
✔ [7769/9243] Built Mathlib.RingTheory.DedekindDomain.FiniteAdeleRing (5.0s)
✔ [7770/9243] Built Mathlib.RingTheory.Valuation.Discrete.IsDiscreteValuationRing (4.6s)
✔ [7771/9243] Built Mathlib.MeasureTheory.Function.SpecialFunctions.Arctan (3.4s)
✔ [7772/9243] Built Mathlib.Analysis.SpecialFunctions.Log.ENNRealLogExp (3.9s)
✔ [7773/9243] Built Mathlib.MeasureTheory.Constructions.BorelSpace.Complex (3.5s)
✔ [7774/9243] Built Mathlib.MeasureTheory.Constructions.BorelSpace.ContinuousLinearMap (4.6s)
✔ [7775/9243] Built Mathlib.Analysis.Normed.Lp.lpHolder (14s)
✔ [7776/9243] Built Mathlib.MeasureTheory.Constructions.BorelSpace.Metric (4.2s)
✔ [7777/9243] Built Mathlib.Topology.Baire.BaireMeasurable (4.1s)
✔ [7778/9243] Built Mathlib.MeasureTheory.Constructions.BorelSpace.Order (7.4s)
✔ [7779/9243] Built Mathlib.MeasureTheory.Constructions.ClosedCompactCylinders (3.5s)
✔ [7780/9243] Built Mathlib.MeasureTheory.Constructions.BorelSpace.WithTop (3.5s)
✔ [7781/9243] Built Mathlib.MeasureTheory.Constructions.BorelSpace.ContinuousMap (4.3s)
✔ [7782/9243] Built Mathlib.Analysis.Matrix.MeasurableSpace (3.1s)
✔ [7783/9243] Built Mathlib.Dynamics.Ergodic.Conservative (3.5s)
✔ [7784/9243] Built Mathlib.MeasureTheory.Measure.OpenPos (3.3s)
✔ [7785/9243] Built Mathlib.Analysis.Normed.Lp.MeasurableSpace (3.2s)
✔ [7786/9243] Built Mathlib.MeasureTheory.Covering.Vitali (4.7s)
✔ [7787/9243] Built Mathlib.MeasureTheory.Measure.Regular (4.7s)
✔ [7788/9243] Built Mathlib.Analysis.Normed.Lp.LpEquiv (4.8s)
✔ [7789/9243] Built Mathlib.Analysis.Normed.Lp.Matrix (4.7s)
✔ [7790/9243] Built Mathlib.AlgebraicGeometry.Morphisms.FinitePresentation (4.4s)
✔ [7791/9243] Built Mathlib.Analysis.Convex.Continuous (5.8s)
✔ [7792/9243] Built Mathlib.Tactic.ComputeAsymptotics.Multiseries.Basic (4.7s)
✔ [7793/9243] Built Mathlib.Tactic.ComputeAsymptotics.Multiseries.Monomial.Basic (4.1s)
✔ [7794/9243] Built Mathlib.Analysis.CStarAlgebra.ContinuousFunctionalCalculus.Pi (4.5s)
✔ [7795/9243] Built Mathlib.AlgebraicGeometry.Stalk (6.0s)
✔ [7796/9243] Built Mathlib.Analysis.Normed.Module.WeakDual (9.8s)
✔ [7797/9243] Built Mathlib.LinearAlgebra.RootSystem.GeckConstruction.Basis (8.5s)
✔ [7798/9243] Built Mathlib.RingTheory.DedekindDomain.Different (31s)
✔ [7799/9243] Built Mathlib.Geometry.Manifold.ConformalGroupoid (2.8s)
✔ [7800/9243] Built Mathlib.Analysis.SpecialFunctions.OrdinaryHypergeometric (5.1s)
✔ [7801/9243] Built Mathlib.Analysis.Calculus.Conformal.InnerProduct (3.3s)
✔ [7802/9243] Built Mathlib.Analysis.Calculus.Deriv.AffineMap (3.5s)
✔ [7803/9243] Built Mathlib.Analysis.Calculus.LocalExtr.Basic (4.1s)
✔ [7804/9243] Built Mathlib.Analysis.InnerProductSpace.Subspace (4.9s)
✔ [7805/9243] Built Mathlib.Analysis.Calculus.Deriv.Pi (3.4s)
✔ [7806/9243] Built Mathlib.AlgebraicGeometry.IdealSheaf.Subscheme (12s)
✔ [7807/9243] Built Mathlib.Analysis.Calculus.Deriv.Slope (4.7s)
✔ [7808/9243] Built Mathlib.Analysis.SpecialFunctions.ContinuousFunctionalCalculus.PosPart.Basic (10s)
✔ [7809/9243] Built Mathlib.Analysis.Polynomial.Order (4.3s)
✔ [7810/9243] Built Mathlib.Analysis.Calculus.ImplicitFunction.ProdDomain (5.7s)
✔ [7811/9243] Built Mathlib.Analysis.PSeriesComplex (3.3s)
✔ [7812/9243] Built Mathlib.Analysis.Normed.Unbundled.InvariantExtension (4.5s)
✔ [7813/9243] Built Mathlib.NumberTheory.ModularForms.EisensteinSeries.Summable (4.3s)
✔ [7814/9243] Built Mathlib.NumberTheory.SumPrimeReciprocals (4.1s)
✔ [7815/9243] Built Mathlib.NumberTheory.LSeries.Basic (4.6s)
✔ [7816/9243] Built Mathlib.Analysis.Calculus.FDeriv.WithLp (5.2s)
✔ [7817/9243] Built Mathlib.Analysis.Calculus.FDeriv.Star (5.3s)
✔ [7818/9243] Built Mathlib.Analysis.Calculus.Deriv.Inverse (4.5s)
✔ [7819/9243] Built Mathlib.Analysis.Complex.Conformal (6.1s)
✔ [7820/9243] Built Mathlib.MeasureTheory.VectorMeasure.Decomposition.JordanSub (3.7s)
✔ [7821/9243] Built Mathlib.MeasureTheory.VectorMeasure.Variation.SignedMeasure (3.8s)
✔ [7822/9243] Built Mathlib.RingTheory.Perfectoid.BDeRham (5.7s)
✔ [7823/9243] Built Mathlib.Combinatorics.Additive.Corner.Roth (5.3s)
✔ [7824/9243] Built Mathlib.MeasureTheory.VectorMeasure.Variation.Semivariation (4.4s)
✔ [7825/9243] Built Mathlib.FieldTheory.RatFunc.Degree (4.0s)
✔ [7826/9243] Built Mathlib.RingTheory.Polynomial.Cyclotomic.Basic (6.7s)
✔ [7827/9243] Built Mathlib.FieldTheory.Laurent (5.9s)
✔ [7828/9243] Built Mathlib.NumberTheory.RamificationInertia.HilbertTheory (10s)
✔ [7829/9243] Built Mathlib.Topology.MetricSpace.GromovHausdorff (10s)
✔ [7830/9243] Built Mathlib.FieldTheory.RatFunc.IntermediateField (10s)
✔ [7831/9243] Built Mathlib.Analysis.Calculus.FDeriv.CompCLM (21s)
✔ [7832/9243] Built Mathlib.Analysis.Analytic.ChangeOrigin (11s)
✔ [7833/9243] Built Mathlib.RingTheory.OrderOfVanishing.Noetherian (5.8s)
✔ [7834/9243] Built Mathlib.RingTheory.Ideal.Norm.RelNorm (14s)
✔ [7835/9243] Built Mathlib.Analysis.Asymptotics.ExpGrowth (4.8s)
✔ [7836/9243] Built Mathlib.MeasureTheory.Function.SpecialFunctions.Inner (3.9s)
✔ [7837/9243] Built Mathlib.MeasureTheory.Function.SpecialFunctions.RCLike (4.1s)
✔ [7838/9243] Built Mathlib.MeasureTheory.Group.Circle (3.7s)
✔ [7839/9243] Built Mathlib.AlgebraicGeometry.EllipticCurve.Reduction (8.1s)
✔ [7840/9243] Built Mathlib.MeasureTheory.Function.Floor (3.2s)
✔ [7841/9243] Built Mathlib.Topology.EMetricSpace.PairReduction (7.2s)
✔ [7842/9243] Built Mathlib.MeasureTheory.Measure.Support (3.8s)
✔ [7843/9243] Built Mathlib.MeasureTheory.Function.AEMeasurableOrder (4.9s)
✔ [7844/9243] Built Mathlib.MeasureTheory.Constructions.BorelSpace.Real (5.3s)
✔ [7845/9243] Built Mathlib.MeasureTheory.Measure.ContinuousPreimage (3.7s)
✔ [7846/9243] Built Mathlib.MeasureTheory.Measure.RegularityCompacts (3.6s)
✔ [7847/9243] Built Mathlib.RingTheory.LaurentSeries (20s)
✔ [7848/9243] Built Mathlib.MeasureTheory.Measure.Stieltjes (6.6s)
✔ [7849/9243] Built Mathlib.RingTheory.LocalRing.ResidueField.Polynomial (15s)
✔ [7850/9243] Built Mathlib.MeasureTheory.Group.Action (6.5s)
✔ [7851/9243] Built Mathlib.MeasureTheory.Measure.Content (5.2s)
✔ [7852/9243] Built Mathlib.Analysis.Calculus.LocalExtr.Rolle (3.4s)
✔ [7853/9243] Built Mathlib.MeasureTheory.Function.SimpleFunc (11s)
✔ [7854/9243] Built Mathlib.AlgebraicGeometry.Noetherian (5.1s)
✔ [7855/9243] Built Mathlib.Geometry.Euclidean.Angle.Unoriented.Basic (5.2s)
✔ [7856/9243] Built Mathlib.Analysis.Normed.Module.DoubleDual (6.2s)
✔ [7857/9243] Built Mathlib.AlgebraicGeometry.ResidueField (7.5s)
✔ [7858/9243] Built Mathlib.NumberTheory.ModularForms.EisensteinSeries.UniformConvergence (3.0s)
✔ [7859/9243] Built Mathlib.NumberTheory.ModularForms.EisensteinSeries.IsBoundedAtImInfty (4.3s)
✔ [7860/9243] Built Mathlib.NumberTheory.LSeries.Convergence (4.7s)
✔ [7861/9243] Built Mathlib.NumberTheory.LSeries.Linearity (4.5s)
✔ [7862/9243] Built Mathlib.Analysis.Calculus.InverseFunctionTheorem.Deriv (3.8s)
✔ [7863/9243] Built Mathlib.Analysis.Calculus.Deriv.Star (4.6s)
✔ [7864/9243] Built Mathlib.Analysis.InnerProductSpace.Orthogonal (9.9s)
✔ [7865/9243] Built Mathlib.FieldTheory.RatFunc.Valuation (5.3s)
✔ [7866/9243] Built Mathlib.RingTheory.Polynomial.Cyclotomic.Roots (5.5s)
✔ [7867/9243] Built Mathlib.MeasureTheory.Constructions.BorelSpace.Metrizable (3.7s)
✔ [7868/9243] Built Mathlib.Dynamics.TopologicalEntropy.CoverEntropy (5.1s)
✔ [7869/9243] Built Mathlib.Analysis.Normed.Unbundled.SpectralNorm (13s)
✔ [7870/9243] Built Mathlib.MeasureTheory.Function.SpecialFunctions.Basic (4.4s)
✔ [7871/9243] Built Mathlib.Analysis.Normed.Algebra.Exponential (8.4s)
✔ [7872/9243] Built Mathlib.Analysis.Analytic.CPolynomialDef (8.3s)
✔ [7873/9243] Built Mathlib.RingTheory.QuasiFinite.Polynomial (5.8s)
✔ [7874/9243] Built Mathlib.MeasureTheory.Group.FoelnerFilter (4.1s)
✔ [7875/9243] Built Mathlib.MeasureTheory.Group.AEStabilizer (3.6s)
✔ [7876/9243] Built Mathlib.RingTheory.DedekindDomain.LinearDisjoint (19s)
✔ [7877/9243] Built Mathlib.MeasureTheory.Integral.RieszMarkovKakutani.Basic (4.3s)
✔ [7878/9243] Built Mathlib.FieldTheory.RatFunc.Luroth (13s)
✔ [7879/9243] Built Mathlib.MeasureTheory.Integral.Lebesgue.Basic (5.3s)
✔ [7880/9243] Built Mathlib.Geometry.Euclidean.Angle.Unoriented.Conformal (3.3s)
✔ [7881/9243] Built Mathlib.AlgebraicGeometry.OrderOfVanishing (4.2s)
✔ [7882/9243] Built Mathlib.AlgebraicGeometry.AlgebraicCycle.Basic (3.5s)
✔ [7883/9243] Built Mathlib.NumberTheory.LSeries.Convolution (3.3s)
✔ [7884/9243] Built Mathlib.Geometry.Euclidean.Angle.Unoriented.Affine (5.3s)
✔ [7885/9243] Built Mathlib.NumberTheory.LSeries.Injectivity (3.0s)
✔ [7886/9243] Built Mathlib.AlgebraicGeometry.PullbackCarrier (6.8s)
✔ [7887/9243] Built Mathlib.Geometry.Euclidean.PerpBisector (4.6s)
✔ [7888/9243] Built Mathlib.Analysis.InnerProductSpace.Symmetric (5.9s)
✔ [7889/9243] Built Mathlib.RingTheory.Polynomial.Cyclotomic.Factorization (4.4s)
✔ [7890/9243] Built Mathlib.RingTheory.Polynomial.Cyclotomic.Expand (4.4s)
✔ [7891/9243] Built Mathlib.NumberTheory.FunctionField (7.9s)
✔ [7892/9243] Built Mathlib.MeasureTheory.Function.SimpleFuncDense (4.2s)
✔ [7893/9243] Built Mathlib.RingTheory.Polynomial.Cyclotomic.Eval (5.9s)
✔ [7894/9243] Built Mathlib.AlgebraicGeometry.SpreadingOut (14s)
✔ [7895/9243] Built Mathlib.NumberTheory.RatFunc.Ostrowski (8.0s)
✔ [7896/9243] Built Mathlib.Dynamics.TopologicalEntropy.Semiconj (4.0s)
✔ [7897/9243] Built Mathlib.Analysis.Calculus.ContDiff.FTaylorSeries (23s)
✔ [7898/9243] Built Mathlib.Dynamics.TopologicalEntropy.NetEntropy (4.7s)
✔ [7899/9243] Built Mathlib.MeasureTheory.Constructions.Polish.Basic (6.9s)
✔ [7900/9243] Built Mathlib.Analysis.CStarAlgebra.Exponential (4.1s)
✔ [7901/9243] Built Mathlib.Analysis.Normed.Field.Krasner (5.6s)
✔ [7902/9243] Built Mathlib.Dynamics.Ergodic.Action.Basic (3.4s)
✔ [7903/9243] Built Mathlib.MeasureTheory.Integral.Lebesgue.Norm (3.3s)
✔ [7904/9243] Built Mathlib.Analysis.Analytic.Linear (7.3s)
✔ [7905/9243] Built Mathlib.NumberTheory.Cyclotomic.Basic (14s)
✔ [7906/9243] Built Mathlib.MeasureTheory.Integral.Lebesgue.Add (5.8s)
✔ [7907/9243] Built Mathlib.Geometry.Euclidean.Angle.Unoriented.RightAngle (5.6s)
✔ [7908/9243] Built Mathlib.Geometry.Euclidean.BritishFlag (4.2s)
✔ [7909/9243] Built Mathlib.Geometry.Euclidean.Simplex (5.8s)
✔ [7910/9243] Built Mathlib.Analysis.Normed.Algebra.TrivSqZeroExt (12s)
✔ [7911/9243] Built Mathlib.Analysis.Normed.Algebra.Spectrum (12s)
✔ [7912/9243] Built Mathlib.AlgebraicGeometry.Sites.Pretopology (3.7s)
✔ [7913/9243] Built Mathlib.AlgebraicGeometry.Morphisms.Affine (6.5s)
✔ [7914/9243] Built Mathlib.Geometry.Euclidean.Inversion.ImageHyperplane (3.0s)
✔ [7915/9243] Built Mathlib.AlgebraicGeometry.Morphisms.UniversallyInjective (5.1s)
✔ [7916/9243] Built Mathlib.Geometry.Euclidean.Basic (3.6s)
✔ [7917/9243] Built Mathlib.NumberTheory.ClassNumber.FunctionField (3.5s)
✔ [7918/9243] Built Mathlib.AlgebraicGeometry.Cover.Directed (7.7s)
✔ [7919/9243] Built Mathlib.Dynamics.TopologicalEntropy.Subset (3.4s)
✔ [7920/9243] Built Mathlib.NumberTheory.PrimesCongruentOne (3.6s)
✔ [7921/9243] Built Mathlib.RingTheory.Polynomial.Eisenstein.IsIntegral (7.1s)
✔ [7922/9243] Built Mathlib.Analysis.Analytic.Composition (18s)
✔ [7923/9243] Built Mathlib.MeasureTheory.Constructions.Polish.EmbeddingReal (2.9s)
✔ [7924/9243] Built Mathlib.RingTheory.LittleWedderburn (5.8s)
✔ [7925/9243] Built Mathlib.MeasureTheory.Measure.Typeclasses.ZeroOne (4.0s)
✔ [7926/9243] Built Mathlib.Analysis.Analytic.WithLp (3.7s)
✔ [7927/9243] Built Mathlib.MeasureTheory.Function.StronglyMeasurable.Basic (8.2s)
✔ [7928/9243] Built Mathlib.MeasureTheory.Integral.Lebesgue.Map (3.0s)
✔ [7929/9243] Built Mathlib.RingTheory.RootsOfUnity.AlgebraicallyClosed (4.6s)
✔ [7930/9243] Built Mathlib.Analysis.InnerProductSpace.Projection.Basic (11s)
✔ [7931/9243] Built Mathlib.MeasureTheory.Integral.Lebesgue.Sub (3.7s)
✔ [7932/9243] Built Mathlib.MeasureTheory.Integral.Lebesgue.Markov (3.2s)
✔ [7933/9243] Built Mathlib.Analysis.Normed.Field.Dense (6.8s)
✔ [7934/9243] Built Mathlib.Analysis.Normed.Algebra.DualNumber (3.4s)
✔ [7935/9243] Built Mathlib.Analysis.Normed.Algebra.Basic (4.1s)
✔ [7936/9243] Built Mathlib.NumberTheory.Cyclotomic.PrimitiveRoots (7.5s)
✔ [7937/9243] Built Mathlib.AlgebraicGeometry.Sites.BigZariski (3.7s)
✔ [7938/9243] Built Mathlib.AlgebraicGeometry.Sites.Small (4.2s)
✔ [7939/9243] Built Mathlib.AlgebraicGeometry.Fiber (4.7s)
✔ [7940/9243] Built Mathlib.AlgebraicGeometry.Morphisms.AffineAnd (5.2s)
✔ [7941/9243] Built Mathlib.MeasureTheory.Function.Egorov (4.3s)
✔ [7942/9243] Built Mathlib.AlgebraicGeometry.RelativeGluing (6.9s)
✔ [7943/9243] Built Mathlib.AlgebraicGeometry.Cover.QuasiCompact (8.6s)
✔ [7944/9243] Built Mathlib.MeasureTheory.Function.StronglyMeasurable.AEStronglyMeasurable (8.1s)
✔ [7945/9243] Built Mathlib.Analysis.CStarAlgebra.ContinuousFunctionalCalculus.Instances (14s)
✔ [7946/9243] Built Mathlib.Analysis.InnerProductSpace.Projection.Submodule (7.1s)
✔ [7947/9243] Built Mathlib.MeasureTheory.Integral.Lebesgue.Countable (4.8s)
✔ [7948/9243] Built Mathlib.Analysis.InnerProductSpace.Projection.Reflection (6.9s)
✔ [7949/9243] Built Mathlib.MeasureTheory.Integral.MeanInequalities (5.7s)
✔ [7950/9243] Built Mathlib.RingTheory.ZariskisMainTheorem (38s)
✔ [7951/9243] Built Mathlib.Analysis.Analytic.Inverse (13s)
✔ [7952/9243] Built Mathlib.MeasureTheory.Integral.Lebesgue.DominatedConvergence (3.6s)
✔ [7953/9243] Built Mathlib.NumberTheory.Padics.Complex (4.4s)
✔ [7954/9243] Built Mathlib.NumberTheory.Cyclotomic.Gal (3.8s)
✔ [7955/9243] Built Mathlib.AlgebraicGeometry.GluingOneHypercover (3.1s)
✔ [7956/9243] Built Mathlib.NumberTheory.LegendreSymbol.AddCharacter (3.0s)
✔ [7957/9243] Built Mathlib.NumberTheory.Cyclotomic.Discriminant (4.7s)
✔ [7958/9243] Built Mathlib.AlgebraicGeometry.Geometrically.Basic (3.3s)
✔ [7959/9243] Built Mathlib.AlgebraicGeometry.Morphisms.Flat (18s)
✔ [7960/9243] Built Mathlib.AlgebraicGeometry.Sites.Affine (4.3s)
✔ [7961/9243] Built Mathlib.AlgebraicGeometry.Morphisms.Descent (3.7s)
✔ [7962/9243] Built Mathlib.AlgebraicGeometry.Morphisms.ClosedImmersion (6.5s)
✔ [7963/9243] Built Mathlib.Probability.Process.Kolmogorov (3.6s)
✔ [7964/9243] Built Mathlib.MeasureTheory.Constructions.Polish.StronglyMeasurable (3.0s)
✔ [7965/9243] Built Mathlib.AlgebraicGeometry.Sites.QuasiCompact (4.2s)
✔ [7966/9243] Built Mathlib.MeasureTheory.Function.StronglyMeasurable.Inner (3.6s)
✔ [7967/9243] Built Mathlib.AlgebraicGeometry.Sites.SmallAffineZariski (7.8s)
✔ [7968/9243] Built Mathlib.MeasureTheory.Function.StronglyMeasurable.ENNReal (3.4s)
✔ [7969/9243] Built Mathlib.MeasureTheory.Function.Piecewise (4.2s)
✔ [7970/9243] Built Mathlib.MeasureTheory.Function.AEEqFun (8.6s)
✔ [7971/9243] Built Mathlib.Analysis.Calculus.FDeriv.Measurable (10s)
✔ [7972/9243] Built Mathlib.Analysis.CStarAlgebra.ContinuousFunctionalCalculus.RealImaginaryPart (7.7s)
✔ [7973/9243] Built Mathlib.Analysis.CStarAlgebra.ContinuousFunctionalCalculus.Commute (5.8s)
✔ [7974/9243] Built Mathlib.Analysis.Analytic.Constructions (27s)
✔ [7975/9243] Built Mathlib.Analysis.InnerProductSpace.MeanErgodic (4.6s)
✔ [7976/9243] Built Mathlib.Analysis.InnerProductSpace.Semisimple (3.7s)
✔ [7977/9243] Built Mathlib.MeasureTheory.Measure.GiryMonad (3.6s)
✔ [7978/9243] Built Mathlib.AlgebraicGeometry.ColimitsOver (15s)
✔ [7979/9243] Built Mathlib.MeasureTheory.Integral.Indicator (3.3s)
✔ [7980/9243] Built Mathlib.Analysis.CStarAlgebra.ContinuousFunctionalCalculus.Range (12s)
✔ [7981/9243] Built Mathlib.Analysis.InnerProductSpace.Projection.FiniteDimensional (8.0s)
✔ [7982/9243] Built Mathlib.AlgebraicGeometry.Sites.Representability (6.3s)
✔ [7983/9243] Built Mathlib.AlgebraicGeometry.Morphisms.UniversallyOpen (5.2s)
✔ [7984/9243] Built Mathlib.NumberTheory.GaussSum (7.2s)
✔ [7985/9243] Built Mathlib.AlgebraicGeometry.EffectiveEpi (4.8s)
✔ [7986/9243] Built Mathlib.AlgebraicGeometry.IdealSheaf.IrreducibleComponent (4.1s)
✔ [7987/9243] Built Mathlib.Analysis.CStarAlgebra.ContinuousFunctionalCalculus.Isometric (18s)
✔ [7988/9243] Built Mathlib.Geometry.Euclidean.Projection (14s)
✔ [7989/9243] Built Mathlib.AlgebraicGeometry.IdealSheaf.Functorial (4.7s)
✔ [7990/9243] Built Mathlib.Analysis.SpecialFunctions.ContinuousFunctionalCalculus.Rpow.Basic (23s)
✔ [7991/9243] Built Mathlib.AlgebraicGeometry.Morphisms.UniversallyClosed (5.8s)
✔ [7992/9243] Built Mathlib.AlgebraicGeometry.Morphisms.Smooth (8.9s)
✔ [7993/9243] Built Mathlib.Dynamics.Ergodic.Function (2.8s)
✔ [7994/9243] Built Mathlib.AlgebraicGeometry.Sites.SheafQuasiCompact (4.1s)
✔ [7995/9243] Built Mathlib.Analysis.Analytic.Uniqueness (3.9s)
✔ [7996/9243] Built Mathlib.AlgebraicGeometry.Morphisms.Separated (5.8s)
✔ [7997/9243] Built Mathlib.Analysis.Analytic.Within (3.3s)
✔ [7998/9243] Built Mathlib.Analysis.Analytic.Polynomial (3.6s)
✔ [7999/9243] Built Mathlib.Probability.Kernel.Disintegration.MeasurableStieltjes (3.3s)
✔ [8000/9243] Built Mathlib.MeasureTheory.Category.MeasCat (3.0s)
✔ [8001/9243] Built Mathlib.RingTheory.Unramified.LocalStructure (20s)
✔ [8002/9243] Built Mathlib.Probability.Kernel.Defs (3.7s)
✔ [8003/9243] Built Mathlib.AlgebraicGeometry.Geometrically.Irreducible (3.7s)
✔ [8004/9243] Built Mathlib.AlgebraicGeometry.Geometrically.Connected (3.5s)
✔ [8005/9243] Built Mathlib.NumberTheory.LegendreSymbol.QuadraticChar.GaussSum (3.5s)
✔ [8006/9243] Built Mathlib.NumberTheory.DirichletCharacter.GaussSum (3.8s)
✔ [8007/9243] Built Mathlib.Analysis.SpecialFunctions.ContinuousFunctionalCalculus.PosPart.Isometric (4.0s)
✔ [8008/9243] Built Mathlib.MeasureTheory.Measure.Prod (6.9s)
✔ [8009/9243] Built Mathlib.NumberTheory.JacobiSum.Basic (5.1s)
✔ [8010/9243] Built Mathlib.Geometry.Euclidean.Angle.Unoriented.Projection (4.1s)
✔ [8011/9243] Built Mathlib.Analysis.Analytic.CPolynomial (12s)
✔ [8012/9243] Built Mathlib.Geometry.Euclidean.Sphere.Basic (6.5s)
✔ [8013/9243] Built Mathlib.AlgebraicGeometry.Morphisms.SchemeTheoreticallyDominant (6.1s)
✔ [8014/9243] Built Mathlib.AlgebraicGeometry.Morphisms.SmoothFiber (5.7s)
✔ [8015/9243] Built Mathlib.Analysis.SpecialFunctions.ContinuousFunctionalCalculus.Rpow.ConjSqrt (8.5s)
✔ [8016/9243] Built Mathlib.AlgebraicGeometry.Morphisms.FlatDescent (7.3s)
✔ [8017/9243] Built Mathlib.AlgebraicGeometry.Sites.Fpqc (5.3s)
✔ [8018/9243] Built Mathlib.Geometry.Euclidean.SignedDist (10s)
✔ [8019/9243] Built Mathlib.Geometry.Euclidean.Altitude (10s)
✔ [8020/9243] Built Mathlib.AlgebraicGeometry.Morphisms.Integral (5.5s)
✔ [8021/9243] Built Mathlib.Probability.Kernel.Basic (5.5s)
✔ [8022/9243] Built Mathlib.NumberTheory.LegendreSymbol.QuadraticReciprocity (5.6s)
✔ [8023/9243] Built Mathlib.AlgebraicGeometry.Morphisms.Immersion (7.4s)
✔ [8024/9243] Built Mathlib.AlgebraicGeometry.Birational.RationalMap (10s)
✔ [8025/9243] Built Mathlib.Analysis.CStarAlgebra.ContinuousFunctionalCalculus.Continuity (19s)
✔ [8026/9243] Built Mathlib.MeasureTheory.Group.Convolution (4.5s)
✔ [8027/9243] Built Mathlib.MeasureTheory.Measure.Tight (4.6s)
✔ [8028/9243] Built Mathlib.MeasureTheory.Group.Measure (10s)
✔ [8029/9243] Built Mathlib.Geometry.Euclidean.Sphere.SecondInter (5.3s)
✔ [8030/9243] Built Mathlib.Geometry.Euclidean.Sphere.OrthRadius (5.9s)
✔ [8031/9243] Built Mathlib.Analysis.InnerProductSpace.PiL2 (28s)
✔ [8032/9243] Built Mathlib.AlgebraicGeometry.Morphisms.FlatMono (4.0s)
✔ [8033/9243] Built Mathlib.AlgebraicGeometry.Sites.ConstantSheaf (3.8s)
✔ [8034/9243] Built Mathlib.RingTheory.Etale.QuasiFinite (48s)
✔ [8035/9243] Built Mathlib.Geometry.Euclidean.Circumcenter (8.0s)
✔ [8036/9243] Built Mathlib.Probability.Kernel.Composition.CompNotation (2.7s)
✔ [8037/9243] Built Mathlib.Probability.Kernel.MeasurableLIntegral (2.0s)
✔ [8038/9243] Built Mathlib.AlgebraicGeometry.Morphisms.Finite (3.0s)
✔ [8039/9243] Built Mathlib.Probability.Independence.Kernel.Indep (4.7s)
✔ [8040/9243] Built Mathlib.RingTheory.Smooth.IntegralClosure (18s)
✔ [8041/9243] Built Mathlib.Probability.Kernel.Composition.MapComap (4.7s)
✔ [8042/9243] Built Mathlib.NumberTheory.Fermat (3.9s)
✔ [8043/9243] Built Mathlib.NumberTheory.LegendreSymbol.JacobiSymbol (4.8s)
✔ [8044/9243] Built Mathlib.AlgebraicGeometry.Birational.Dominant (3.6s)
✔ [8045/9243] Built Mathlib.AlgebraicGeometry.Artinian (4.3s)
✔ [8046/9243] Built Mathlib.AlgebraicGeometry.QuasiAffine (4.5s)
✔ [8047/9243] Built Mathlib.AlgebraicGeometry.PointsPi (5.5s)
✔ [8048/9243] Built Mathlib.MeasureTheory.Group.LIntegral (3.2s)
✔ [8049/9243] Built Mathlib.Analysis.SpecialFunctions.ContinuousFunctionalCalculus.Rpow.Isometric (4.9s)
✔ [8050/9243] Built Mathlib.MeasureTheory.Measure.EverywherePos (4.3s)
✔ [8051/9243] Built Mathlib.Geometry.Euclidean.Sphere.PolePolar (3.0s)
✔ [8052/9243] Built Mathlib.Analysis.Calculus.FDeriv.Analytic (17s)
✔ [8053/9243] Built Mathlib.MeasureTheory.Group.Prod (5.9s)
✔ [8054/9243] Built Mathlib.MeasureTheory.Constructions.Pi (6.6s)
✔ [8055/9243] Built Mathlib.Topology.Category.TopCat.Sphere (3.7s)
✔ [8056/9243] Built Mathlib.Analysis.Quaternion (4.8s)
✔ [8057/9243] Built Mathlib.Geometry.Euclidean.Angle.Unoriented.CrossProduct (3.1s)
✔ [8058/9243] Built Mathlib.Analysis.InnerProductSpace.MulOpposite (3.0s)
✔ [8059/9243] Built Mathlib.MeasureTheory.Measure.TightNormed (4.2s)
✔ [8060/9243] Built Mathlib.Analysis.InnerProductSpace.CanonicalTensor (3.2s)
✔ [8061/9243] Built Mathlib.Analysis.RCLike.Inner (4.5s)
✔ [8062/9243] Built Mathlib.Analysis.InnerProductSpace.l2Space (9.4s)
✔ [8063/9243] Built Mathlib.Probability.Kernel.Composition.Comp (3.4s)
✔ [8064/9243] Built Mathlib.Probability.Kernel.Proper (4.0s)
✔ [8065/9243] Built Mathlib.Analysis.InnerProductSpace.GramSchmidtOrtho (4.0s)
✔ [8066/9243] Built Mathlib.Analysis.InnerProductSpace.Dual (6.2s)
✔ [8067/9243] Built Mathlib.AlgebraicGeometry.Morphisms.Proper (3.0s)
✔ [8068/9243] Built Mathlib.Analysis.Matrix.Normed (7.2s)
✔ [8069/9243] Built Mathlib.AlgebraicGeometry.Morphisms.FlatRank (4.1s)
✔ [8070/9243] Built Mathlib.Analysis.InnerProductSpace.ProdL2 (7.8s)
✔ [8071/9243] Built Mathlib.Probability.Kernel.Composition.ParallelComp (3.2s)
✔ [8072/9243] Built Mathlib.AlgebraicGeometry.AlgClosed.Basic (3.8s)
✔ [8073/9243] Built Mathlib.Geometry.Euclidean.MongePoint (8.2s)
✔ [8074/9243] Built Mathlib.Tactic.NormNum.LegendreSymbol (4.2s)
✔ [8075/9243] Built Mathlib.AlgebraicGeometry.Birational.Composition (4.2s)
✔ [8076/9243] Built Mathlib.AlgebraicGeometry.Geometrically.Reduced (3.5s)
✔ [8077/9243] Built Mathlib.Analysis.SpecialFunctions.ContinuousFunctionalCalculus.Rpow.Measurable (3.4s)
✔ [8078/9243] Built Mathlib.NumberTheory.LucasLehmer (7.8s)
✔ [8079/9243] Built Mathlib.AlgebraicGeometry.Morphisms.QuasiFinite (6.5s)
✔ [8080/9243] Built Mathlib.Geometry.Euclidean.Sphere.Tangent (5.3s)
✔ [8081/9243] Built Mathlib.Dynamics.Ergodic.Action.Regular (3.0s)
✔ [8082/9243] Built Mathlib.Analysis.SpecialFunctions.ContinuousFunctionalCalculus.Abs (9.2s)
✔ [8083/9243] Built Mathlib.Analysis.SpecialFunctions.Exponential (6.4s)
✔ [8084/9243] Built Mathlib.Analysis.LConvolution (3.8s)
✔ [8085/9243] Built Mathlib.MeasureTheory.Measure.Haar.Basic (5.8s)
✔ [8086/9243] Built Mathlib.Probability.UniformOn (3.3s)
✔ [8087/9243] Built Mathlib.MeasureTheory.Integral.Marginal (4.3s)
✔ [8088/9243] Built Mathlib.Analysis.Calculus.FDeriv.ContinuousMultilinearMap (10s)
✔ [8089/9243] Built Mathlib.Topology.CWComplex.Abstract.Basic (3.3s)
✔ [8090/9243] Built Mathlib.Analysis.Fourier.FiniteAbelian.Orthogonality (3.4s)
✔ [8091/9243] Built Mathlib.Probability.Kernel.Irreducible (2.6s)
✔ [8092/9243] Built Mathlib.Analysis.Distribution.DerivNotation (5.7s)
✔ [8093/9243] Built Mathlib.Probability.Decision.Risk.Defs (3.0s)
✔ [8094/9243] Built Mathlib.Probability.Kernel.Composition.CompMap (2.0s)
✔ [8095/9243] Built Mathlib.Analysis.InnerProductSpace.Orientation (5.3s)
✔ [8096/9243] Built Mathlib.Analysis.Calculus.ContDiff.Defs (18s)
✔ [8097/9243] Built Mathlib.Analysis.InnerProductSpace.LaxMilgram (4.2s)
✔ [8098/9243] Built Mathlib.Analysis.Calculus.ContDiff.FaaDiBruno (20s)
✔ [8099/9243] Built Mathlib.Analysis.Calculus.Gradient.Basic (6.1s)
✔ [8100/9243] Built Mathlib.AlgebraicGeometry.ValuativeCriterion (5.8s)
✔ [8101/9243] Built Mathlib.Analysis.Normed.Algebra.MatrixExponential (4.5s)
✔ [8102/9243] Built Mathlib.AlgebraicGeometry.Morphisms.FormallyUnramified (5.8s)
✔ [8103/9243] Built Mathlib.Analysis.Complex.UpperHalfPlane.ProperAction (4.8s)
✔ [8104/9243] Built Mathlib.Analysis.Calculus.FDeriv.Mul (24s)
✔ [8105/9243] Built Mathlib.Tactic (3.7s)
✔ [8106/9243] Built Mathlib.Probability.Kernel.Composition.CompProd (4.4s)
✔ [8107/9243] Built Mathlib.NumberTheory.SiegelsLemma (6.5s)
✔ [8108/9243] Built Mathlib.AlgebraicGeometry.Geometrically.Integral (3.5s)
✔ [8109/9243] Built Mathlib.Analysis.SpecialFunctions.Trigonometric.Series (3.6s)
✔ [8110/9243] Built Mathlib.AlgebraicGeometry.Normalization (34s)
✔ [8111/9243] Built Mathlib.Combinatorics.Derangements.Exponential (3.0s)
✔ [8112/9243] Built Mathlib.MeasureTheory.Function.EssSup (4.0s)
✔ [8113/9243] Built Mathlib.Analysis.SpecialFunctions.ContinuousFunctionalCalculus.ExpLog.Basic (5.5s)
✔ [8114/9243] Built Mathlib.MeasureTheory.Measure.WithDensity (6.2s)
✔ [8115/9243] Built Mathlib.Combinatorics.Additive.Randomisation (4.1s)
✔ [8116/9243] Built Mathlib.Analysis.Fourier.FiniteAbelian.PontryaginDuality (5.2s)
✔ [8117/9243] Built Mathlib.MeasureTheory.Measure.Haar.OfBasis (7.1s)
✔ [8118/9243] Built Mathlib.Probability.Decision.Risk.Countable (3.3s)
✔ [8119/9243] Built Mathlib.Probability.Kernel.Composition.Prod (3.4s)
✔ [8120/9243] Built Mathlib.AlgebraicGeometry.AffineTransitionLimit (38s)
✔ [8121/9243] Built Mathlib.Analysis.Calculus.ContDiff.CPolynomial (3.2s)
✔ [8122/9243] Built Mathlib.Analysis.Calculus.ContDiff.RestrictScalars (4.2s)
✔ [8123/9243] Built Mathlib.AlgebraicGeometry.Morphisms.Etale (4.2s)
✔ [8124/9243] Built Mathlib.NumberTheory.ModularForms.ProperlyDiscontinuous (3.6s)
✔ [8125/9243] Built Mathlib.Analysis.Calculus.DSlope (3.8s)
✔ [8126/9243] Built Mathlib.Analysis.Calculus.DiffContOnCl (4.1s)
✔ [8127/9243] Built Mathlib.Geometry.Euclidean.Incenter (17s)
✔ [8128/9243] Built Mathlib.Analysis.InnerProductSpace.TwoDim (10s)
✔ [8129/9243] Built CanonicalRoots.CandidateDedup (5.2s)
✔ [8130/9243] Built Mathlib.Analysis.Calculus.FDeriv.Pow (7.2s)
✔ [8131/9243] Built Mathlib.Analysis.Calculus.ContDiff.Basic (12s)
✔ [8132/9243] Built Mathlib.Analysis.Calculus.FDeriv.ContinuousAlternatingMap (18s)
✔ [8133/9243] Built Mathlib.AlgebraicGeometry.ProjectiveSpectrum.Proper (12s)
⚠ [8134/9243] Built CanonicalRoots.CoxWeightMutations (5.2s)
warning: CanonicalRoots/CoxWeightMutations.lean:36:52: this tactic is never executed

Note: This linter can be disabled with `set_option linter.unreachableTactic false`
warning: CanonicalRoots/CoxWeightMutations.lean:36:52: Unused tactic linter: `ring` does nothing

Note: This linter can be disabled with `set_option linter.unusedTactic false`
✔ [8135/9243] Built CanonicalRoots.LinearPeriodicTail (5.3s)
✔ [8136/9243] Built CanonicalRoots.FiniteRootFourier (4.8s)
✔ [8137/9243] Built CanonicalRoots.SignatureDivisorRecovery (3.9s)
✔ [8138/9243] Built Mathlib.MeasureTheory.Function.LpSeminorm.Defs (2.9s)
✔ [8139/9243] Built Mathlib.MeasureTheory.Function.AEEqOfLIntegral (2.9s)
✔ [8140/9243] Built Mathlib.Analysis.InnerProductSpace.Adjoint (35s)
✔ [8141/9243] Built Mathlib.Analysis.Normed.Algebra.QuaternionExponential (3.6s)
✔ [8142/9243] Built CanonicalRoots.PrimitiveWeightScale (4.6s)
✔ [8143/9243] Built Mathlib.MeasureTheory.Function.L1Space.HasFiniteIntegral (4.0s)
✔ [8144/9243] Built Mathlib.MeasureTheory.Function.StronglyMeasurable.Lemmas (3.5s)
✔ [8145/9243] Built Mathlib.MeasureTheory.Measure.SubFinite (2.6s)
✔ [8146/9243] Built Mathlib.MeasureTheory.Integral.LebesgueNormedSpace (2.7s)
✔ [8147/9243] Built CanonicalRoots.PairSupportCounting (6.7s)
✔ [8148/9243] Built Mathlib.Analysis.Calculus.Deriv.Mul (14s)
✔ [8149/9243] Built Mathlib.Probability.Kernel.Composition.KernelLemmas (2.7s)
✔ [8150/9243] Built Mathlib.Probability.Kernel.Deterministic (2.6s)
✔ [8151/9243] Built Mathlib.MeasureTheory.Measure.Lebesgue.Basic (5.3s)
✔ [8152/9243] Built Mathlib.AlgebraicGeometry.AffineSpace (9.1s)
✔ [8153/9243] Built Mathlib.Probability.Kernel.IonescuTulcea.PartialTraj (4.2s)
✔ [8154/9243] Built Mathlib.AlgebraicGeometry.Morphisms.LocalFlatDescent (3.5s)
✔ [8155/9243] Built Mathlib.AlgebraicGeometry.Morphisms.WeaklyEtale (3.8s)
✔ [8156/9243] Built Mathlib.AlgebraicGeometry.Sites.Etale (4.6s)
✔ [8157/9243] Built Mathlib.Analysis.Calculus.Deriv.Pow (3.9s)
✔ [8158/9243] Built Mathlib.Analysis.Analytic.IsolatedZeros (6.7s)
✔ [8159/9243] Built Mathlib.Analysis.Matrix.Hermitian (4.1s)
✔ [8160/9243] Built CanonicalRoots.PeriodicFourierBlock (5.4s)
✔ [8161/9243] Built CanonicalRoots.DivisorSumLinear (5.5s)
✔ [8162/9243] Built Mathlib.MeasureTheory.Measure.Decomposition.Lebesgue (6.4s)
✔ [8163/9243] Built Mathlib.Analysis.Calculus.ContDiff.Comp (9.3s)
✔ [8164/9243] Built Mathlib.Analysis.CStarAlgebra.ContinuousLinearMap (3.9s)
✔ [8165/9243] Built Mathlib.MeasureTheory.Function.LpSeminorm.Basic (8.2s)
✔ [8166/9243] Built Mathlib.AlgebraicGeometry.ZariskisMainTheorem (11s)
✔ [8167/9243] Built Mathlib.Analysis.Convex.Cone.InnerDual (5.1s)
✔ [8168/9243] Built Mathlib.Analysis.InnerProductSpace.WeakOperatorTopology (4.3s)
✔ [8169/9243] Built Mathlib.Geometry.Euclidean.Angle.Oriented.Basic (12s)
✔ [8170/9243] Built Mathlib.Analysis.VonNeumannAlgebra.Basic (5.2s)
✔ [8171/9243] Built Mathlib.MeasureTheory.Function.AEEqFun.DomAct (4.6s)
✔ [8172/9243] Built Mathlib.Analysis.Calculus.Deriv.CompMul (3.3s)
✔ [8173/9243] Built Mathlib.Analysis.ODE.Transform (3.5s)
✔ [8174/9243] Built Mathlib.Analysis.Calculus.Deriv.MeanValue (4.9s)
✔ [8175/9243] Built Mathlib.Analysis.Calculus.Darboux (3.8s)
✔ [8176/9243] Built Mathlib.Analysis.Calculus.Deriv.Inv (5.4s)
✔ [8177/9243] Built Mathlib.Analysis.InnerProductSpace.LinearPMap (8.6s)
✔ [8178/9243] Built Mathlib.Analysis.BoxIntegral.Partition.Measure (4.4s)
✔ [8179/9243] Built Mathlib.Analysis.Calculus.MeanValue (8.9s)
✔ [8180/9243] Built Mathlib.AlgebraicGeometry.Birational.Birational (5.6s)
✔ [8181/9243] Built Mathlib.MeasureTheory.Function.BorelGrowth (5.0s)
✔ [8182/9243] Built Mathlib.Analysis.CStarAlgebra.Matrix (13s)
✔ [8183/9243] Built Mathlib.AlgebraicGeometry.Sites.Proetale (4.4s)
✔ [8184/9243] Built Mathlib.AlgebraicGeometry.Group.Smooth (4.8s)
✔ [8185/9243] Built Mathlib.Probability.Kernel.Category.SFinKer (9.8s)
✔ [8186/9243] Built Mathlib.Analysis.Calculus.Deriv.Polynomial (4.8s)
✔ [8187/9243] Built Mathlib.MeasureTheory.Measure.Hausdorff (9.3s)
✔ [8188/9243] Built Mathlib.AlgebraicGeometry.Sites.AffineEtale (6.3s)
✔ [8189/9243] Built Mathlib.Probability.Kernel.Composition.MeasureCompProd (4.5s)
✔ [8190/9243] Built Mathlib.MeasureTheory.Measure.Lebesgue.EqHaar (10s)
✔ [8191/9243] Built Mathlib.Analysis.Calculus.ContDiff.Deriv (4.7s)
✔ [8192/9243] Built Mathlib.Analysis.Calculus.LineDeriv.Basic (8.2s)
✔ [8193/9243] Built Mathlib.MeasureTheory.Function.LpSeminorm.Trim (3.9s)
✔ [8194/9243] Built Mathlib.Analysis.Calculus.ContDiffHolder.Pointwise (6.1s)
✔ [8195/9243] Built Mathlib.MeasureTheory.Function.LpSeminorm.Prod (3.5s)
⚠ [8196/9243] Built CanonicalRoots.CoordinateMultiplicity (9.3s)
warning: CanonicalRoots/CoordinateMultiplicity.lean:43:34: This simp argument is unused:
  not_false_eq_true

Hint: Omit it from the simp argument list.
  [apply] simp only [heq, ↓reduceIte, true_and]

Note: This linter can be disabled with `set_option linter.unusedSimpArgs false`
warning: CanonicalRoots/CoordinateMultiplicity.lean:43:53: This simp argument is unused:
  true_and

Hint: Omit it from the simp argument list.
  [apply] simp only [heq, ↓reduceIte, not_false_eq_true]

Note: This linter can be disabled with `set_option linter.unusedSimpArgs false`
✔ [8197/9243] Built Mathlib.MeasureTheory.Function.LpSeminorm.TriangleInequality (4.2s)
✔ [8198/9243] Built Mathlib.MeasureTheory.Function.LpSeminorm.Monotonicity (4.5s)
✔ [8199/9243] Built Mathlib.MeasureTheory.Function.LpSeminorm.ChebyshevMarkov (3.2s)
✔ [8200/9243] Built Mathlib.MeasureTheory.Function.LpSeminorm.Indicator (4.2s)
✔ [8201/9243] Built Mathlib.Analysis.Calculus.Deriv.Shift (3.4s)
✔ [8202/9243] Built Mathlib.Analysis.Calculus.DerivativeTest (5.6s)
✔ [8203/9243] Built Mathlib.Analysis.Calculus.LHopital (4.7s)
✔ [8204/9243] Built Mathlib.Analysis.Convex.Deriv (6.3s)
✔ [8205/9243] Built Mathlib.Analysis.Calculus.ContDiff.RCLike (5.2s)
✔ [8206/9243] Built Mathlib.Analysis.Calculus.FDeriv.Partial (5.3s)
✔ [8207/9243] Built Mathlib.Geometry.Euclidean.Angle.Oriented.Rotation (8.5s)
✔ [8208/9243] Built Mathlib.LinearAlgebra.Matrix.Permutation (3.4s)
✔ [8209/9243] Built Mathlib.Analysis.Calculus.UniformLimitsDeriv (6.8s)
✔ [8210/9243] Built Mathlib.Analysis.Calculus.FDeriv.Extend (4.5s)
✔ [8211/9243] Built Mathlib.Analysis.Calculus.LocalExtr.Polynomial (2.0s)
✔ [8212/9243] Built Mathlib.Probability.Kernel.Category.Stoch (4.2s)
✔ [8213/9243] Built Mathlib.NumberTheory.Transcendental.Liouville.Basic (4.2s)
✔ [8214/9243] Built Mathlib.Probability.Kernel.Composition.MeasureComp (2.9s)
✔ [8215/9243] Built Mathlib.Analysis.BoxIntegral.Basic (11s)
✔ [8216/9243] Built Mathlib.Probability.Kernel.Disintegration.Basic (2.9s)
✔ [8217/9243] Built Mathlib.AlgebraicGeometry.Sites.EtalePoint (4.3s)
✔ [8218/9243] Built Mathlib.Analysis.Convex.Measure (3.1s)
✔ [8219/9243] Built Mathlib.Analysis.Calculus.LocalExtr.LineDeriv (3.4s)
✔ [8220/9243] Built Mathlib.Analysis.Calculus.IteratedDeriv.Defs (4.6s)
✔ [8221/9243] Built Mathlib.AlgebraicGeometry.Group.Abelian (17s)
✔ [8222/9243] Built Mathlib.MeasureTheory.Measure.Haar.InnerProductSpace (6.0s)
✔ [8223/9243] Built Mathlib.Analysis.Calculus.ContDiff.Operations (22s)
✔ [8224/9243] Built Mathlib.Analysis.Calculus.LineDeriv.Measurable (3.8s)
✔ [8225/9243] Built Mathlib.MeasureTheory.Function.LpSeminorm.Count (2.9s)
✔ [8226/9243] Built Mathlib.MeasureTheory.Function.LpSeminorm.SMul (3.0s)
✔ [8227/9243] Built Mathlib.Analysis.Calculus.LineDeriv.QuadraticMap (5.0s)
✔ [8228/9243] Built Mathlib.Analysis.SpecialFunctions.Pochhammer (2.8s)
✔ [8229/9243] Built Mathlib.LinearAlgebra.Matrix.Swap (2.0s)
✔ [8230/9243] Built Mathlib.Analysis.Calculus.Deriv.ZPow (4.1s)
✔ [8231/9243] Built Mathlib.Analysis.Calculus.ImplicitFunction.Bivariate (3.6s)
✔ [8232/9243] Built Mathlib.NumberTheory.Transcendental.Liouville.Residual (3.1s)
✔ [8233/9243] Built Mathlib.NumberTheory.Transcendental.Liouville.LiouvilleWith (3.9s)
✔ [8234/9243] Built Mathlib.LinearAlgebra.Matrix.Stochastic (4.2s)
✔ [8235/9243] Built Mathlib.Topology.MetricSpace.HausdorffDimension (5.4s)
✔ [8236/9243] Built Mathlib.NumberTheory.Transcendental.Liouville.LiouvilleNumber (3.2s)
✔ [8237/9243] Built Mathlib.Probability.Kernel.Invariance (2.5s)
✔ [8238/9243] Built Mathlib.Probability.Decision.Risk.Basic (3.5s)
✔ [8239/9243] Built Mathlib.Probability.Kernel.Composition.Lemmas (2.5s)
✔ [8240/9243] Built Mathlib.Analysis.Calculus.InverseFunctionTheorem.Analytic (3.3s)
✔ [8241/9243] Built Mathlib.Analysis.Calculus.IteratedDeriv.FaaDiBruno (4.6s)
✔ [8242/9243] Built Mathlib.Analysis.Calculus.IteratedDeriv.Analytic (4.6s)
✔ [8243/9243] Built Mathlib.Analysis.Calculus.IteratedDeriv.ConvergenceOnBall (3.9s)
✔ [8244/9243] Built Mathlib.Probability.Independence.Kernel.IndepFun (6.6s)
✔ [8245/9243] Built Mathlib.Analysis.BoxIntegral.DivergenceTheorem (5.6s)
✔ [8246/9243] Built Mathlib.Geometry.Euclidean.Angle.Oriented.Affine (10s)
✔ [8247/9243] Built Mathlib.MeasureTheory.Measure.Lebesgue.Complex (3.9s)
✔ [8248/9243] Built Mathlib.Topology.Algebra.InfiniteSum.TsumUniformlyOn (4.2s)
✔ [8249/9243] Built Mathlib.Analysis.Calculus.ContDiff.Polynomial (2.5s)
✔ [8250/9243] Built Mathlib.Analysis.Calculus.InverseFunctionTheorem.ContDiff (3.3s)
✔ [8251/9243] Built Mathlib.Analysis.Calculus.ContDiff.FiniteDimension (3.9s)
✔ [8252/9243] Built Mathlib.Analysis.SpecialFunctions.Sqrt (4.1s)
✔ [8253/9243] Built Mathlib.Analysis.Calculus.ContDiff.WithLp (4.3s)
✔ [8254/9243] Built Mathlib.Analysis.InnerProductSpace.Laplacian (8.3s)
✔ [8255/9243] Built Mathlib.Analysis.Calculus.BumpFunction.Basic (4.7s)
✔ [8256/9243] Built Mathlib.Analysis.Calculus.AddTorsor.AffineMap (4.1s)
✔ [8257/9243] Built Mathlib.Analysis.Calculus.SmoothSeries (6.6s)
✔ [8258/9243] Built Mathlib.Analysis.Calculus.AbsolutelyMonotone (3.9s)
✔ [8259/9243] Built Mathlib.Geometry.Manifold.IsManifold.Basic (8.0s)
✔ [8260/9243] Built Mathlib.Analysis.Calculus.ContDiff.Bounds (11s)
✔ [8261/9243] Built Mathlib.Analysis.Calculus.IteratedDeriv.WithinZpow (3.8s)
✔ [8262/9243] Built Mathlib.Analysis.Complex.RealDeriv (5.0s)
✔ [8263/9243] Built Mathlib.Analysis.Analytic.IteratedFDeriv (7.8s)
✔ [8264/9243] Built Mathlib.LinearAlgebra.Matrix.ElementaryRowOperations (5.2s)
✔ [8265/9243] Built Mathlib.NumberTheory.Transcendental.Liouville.Measure (5.4s)
✔ [8266/9243] Built Mathlib.Analysis.Calculus.LogDeriv (6.4s)
✔ [8267/9243] Built Mathlib.Probability.Decision.Risk.RiskIncrease (3.7s)
✔ [8268/9243] Built Mathlib.MeasureTheory.Function.LpSeminorm.CompareExp (8.4s)
✔ [8269/9243] Built Mathlib.Analysis.Convex.DoublyStochasticMatrix (5.2s)
✔ [8270/9243] Built Mathlib.Geometry.Euclidean.Angle.Oriented.Projection (3.9s)
✔ [8271/9243] Built Mathlib.AlgebraicGeometry.Sites.ElladicCohomology (38s)
✔ [8272/9243] Built Mathlib.Geometry.Euclidean.Triangle (6.7s)
✔ [8273/9243] Built Mathlib.Analysis.Calculus.IteratedDeriv.Lemmas (21s)
✔ [8274/9243] Built Mathlib.Analysis.Calculus.ImplicitContDiff (4.9s)
✔ [8275/9243] Built Mathlib.Probability.Independence.Basic (7.5s)
✔ [8276/9243] Built Mathlib.Analysis.Calculus.AddTorsor.Coord (3.5s)
✔ [8277/9243] Built Mathlib.Analysis.InnerProductSpace.Harmonic.Basic (4.7s)
✔ [8278/9243] Built Mathlib.Geometry.Manifold.Metrizable (3.6s)
✔ [8279/9243] Built Mathlib.Geometry.Euclidean.Angle.Oriented.RightAngle (8.3s)
✔ [8280/9243] Built Mathlib.Geometry.Manifold.LocalSourceTargetProperty (4.7s)
✔ [8281/9243] Built Mathlib.Geometry.Euclidean.Congruence (4.7s)
✔ [8282/9243] Built Mathlib.Analysis.Convex.Birkhoff (6.3s)
✔ [8283/9243] Built Mathlib.Geometry.Manifold.IsManifold.ExtChartAt (9.3s)
✔ [8284/9243] Built Mathlib.Analysis.InnerProductSpace.Calculus (10s)
✔ [8285/9243] Built Mathlib.Geometry.Euclidean.Angle.Unoriented.TriangleInequality (7.5s)
✔ [8286/9243] Built Mathlib.Geometry.Euclidean.Similarity (6.8s)
✔ [8287/9243] Built Mathlib.Analysis.SpecialFunctions.ExpDeriv (6.0s)
✔ [8288/9243] Built Mathlib.Probability.Independence.Process.Basic (5.3s)
✔ [8289/9243] Built Mathlib.Probability.Independence.Process.HasIndepIncrements.Basic (4.0s)
✔ [8290/9243] Built Mathlib.Analysis.InnerProductSpace.Harmonic.HarmonicContOnCl (4.0s)
✔ [8291/9243] Built Mathlib.Analysis.Analytic.Order (9.7s)
✔ [8292/9243] Built Mathlib.Analysis.Calculus.FDeriv.Symmetric (12s)
✔ [8293/9243] Built Mathlib.Geometry.Manifold.MFDeriv.Defs (5.1s)
✔ [8294/9243] Built Mathlib.Geometry.Euclidean.Angle.Sphere (9.4s)
✔ [8295/9243] Built Mathlib.Analysis.InnerProductSpace.EuclideanDist (5.2s)
✔ [8296/9243] Built Mathlib.Geometry.Euclidean.Inversion.Calculus (5.0s)
✔ [8297/9243] Built Mathlib.Analysis.Calculus.Deriv.Abs (6.7s)
✔ [8298/9243] Built Mathlib.Geometry.Manifold.ContMDiff.Defs (8.8s)
✔ [8299/9243] Built Mathlib.Analysis.InnerProductSpace.Rayleigh (8.0s)
✔ [8300/9243] Built Mathlib.Geometry.Euclidean.Angle.Bisector (12s)
✔ [8301/9243] Built Mathlib.Analysis.SpecialFunctions.Complex.LogDeriv (3.0s)
✔ [8302/9243] Built Mathlib.Analysis.SpecialFunctions.Trigonometric.Deriv (7.9s)
✔ [8303/9243] Built Mathlib.Analysis.SpecialFunctions.Trigonometric.DerivHyp (7.9s)
✔ [8304/9243] Built Mathlib.RingTheory.Polynomial.Hermite.Gaussian (3.6s)
✔ [8305/9243] Built Mathlib.Analysis.SpecialFunctions.SmoothTransition (3.7s)
✔ [8306/9243] Built Mathlib.MeasureTheory.Function.LpSpace.Basic (22s)
✔ [8307/9243] Built Mathlib.Probability.Independence.Process.HasIndepIncrements (2.5s)
✔ [8308/9243] Built Mathlib.Analysis.SpecialFunctions.MulExpNegMulSq (3.4s)
✔ [8309/9243] Built Mathlib.Analysis.ODE.Gronwall (3.7s)
✔ [8310/9243] Built Mathlib.Analysis.SpecialFunctions.Sigmoid (3.9s)
✔ [8311/9243] Built Mathlib.Geometry.Euclidean.NinePointCircle (5.1s)
✔ [8312/9243] Built Mathlib.Geometry.Euclidean.Sphere.Power (5.9s)
✔ [8313/9243] Built Mathlib.Analysis.Calculus.FDeriv.Norm (4.9s)
✔ [8314/9243] Built Mathlib.Geometry.Diffeology.Basic (5.0s)
✔ [8315/9243] Built Mathlib.Analysis.SpecialFunctions.Log.Deriv (11s)
✔ [8316/9243] Built Mathlib.Analysis.Calculus.DifferentialForm.Basic (7.8s)
✔ [8317/9243] Built Mathlib.Geometry.Manifold.ContMDiff.Basic (5.7s)
✔ [8318/9243] Built Mathlib.Analysis.Calculus.VectorField (8.8s)
✔ [8319/9243] Built Mathlib.Analysis.SpecialFunctions.Trigonometric.ComplexDeriv (2.6s)
✔ [8320/9243] Built Mathlib.NumberTheory.EulerProduct.ExpLog (3.2s)
✔ [8321/9243] Built Mathlib.Analysis.SpecialFunctions.Trigonometric.InverseDeriv (3.8s)
✔ [8322/9243] Built Mathlib.Geometry.Manifold.Notation (8.9s)
✔ [8323/9243] Built Mathlib.Analysis.Complex.CoveringMap (3.0s)
✔ [8324/9243] Built Mathlib.Analysis.SpecialFunctions.Arcosh (3.6s)
✔ [8325/9243] Built Mathlib.Analysis.Meromorphic.Basic (13s)
✔ [8326/9243] Built Mathlib.Analysis.SpecialFunctions.Arsinh (4.1s)
✔ [8327/9243] Built Mathlib.Analysis.Calculus.BumpFunction.InnerProduct (3.5s)
✔ [8328/9243] Built Mathlib.Geometry.Euclidean.Angle.Incenter (8.2s)
✔ [8329/9243] Built Mathlib.Analysis.InnerProductSpace.Spectrum (7.8s)
✔ [8330/9243] Built Mathlib.MeasureTheory.Function.LpSpace.Complete (4.3s)
✔ [8331/9243] Built Mathlib.Analysis.Convex.SpecificFunctions.Deriv (3.4s)
✔ [8332/9243] Built Mathlib.Geometry.Euclidean.Sphere.Ptolemy (3.6s)
✔ [8333/9243] Built Mathlib.MeasureTheory.Function.LpSpace.Indicator (5.5s)
✔ [8334/9243] Built Mathlib.Analysis.Complex.ExponentialBounds (4.3s)
✔ [8335/9243] Built Mathlib.Analysis.SpecialFunctions.Log.InvLog (3.0s)
✔ [8336/9243] Built Mathlib.Analysis.SpecialFunctions.Log.NegMulLog (4.4s)
✔ [8337/9243] Built Mathlib.MeasureTheory.Function.LpSpace.ContinuousFunctions (7.2s)
✔ [8338/9243] Built Mathlib.Analysis.Calculus.DifferentialForm.VectorField (4.9s)
✔ [8339/9243] Built Mathlib.Analysis.SpecialFunctions.Trigonometric.ArctanDeriv (4.9s)
✔ [8340/9243] Built Mathlib.Analysis.Complex.BranchLogRoot (4.3s)
✔ [8341/9243] Built Mathlib.Analysis.SpecialFunctions.Pow.Deriv (9.3s)
✔ [8342/9243] Built Mathlib.Geometry.Manifold.ContMDiff.Constructions (8.0s)
✔ [8343/9243] Built Mathlib.Analysis.InnerProductSpace.Trace (5.1s)
✔ [8344/9243] Built Mathlib.Analysis.SpecialFunctions.Trigonometric.Chebyshev.RootsExtrema (7.3s)
✔ [8345/9243] Built Mathlib.Analysis.Complex.UpperHalfPlane.Metric (6.3s)
✔ [8346/9243] Built Mathlib.Analysis.InnerProductSpace.JointEigenspace (5.2s)
✔ [8347/9243] Built Mathlib.MeasureTheory.Function.ConvergenceInMeasure (5.7s)
✔ [8348/9243] Built Mathlib.Analysis.Matrix.Spectrum (7.6s)
✔ [8349/9243] Built Mathlib.NumberTheory.Bertrand (4.8s)
✔ [8350/9243] Built Mathlib.NumberTheory.Harmonic.EulerMascheroni (4.5s)
✔ [8351/9243] Built Mathlib.Combinatorics.Additive.AP.Three.Behrend (6.6s)
✔ [8352/9243] Built Mathlib.Analysis.SpecialFunctions.Log.Monotone (4.5s)
✔ [8353/9243] Built Mathlib.MeasureTheory.Function.LpSpace.DomAct.Basic (8.0s)
✔ [8354/9243] Built Mathlib.Analysis.Meromorphic.Order (16s)
✔ [8355/9243] Built Mathlib.Analysis.SpecialFunctions.Trigonometric.Bounds (6.5s)
✔ [8356/9243] Built Mathlib.Analysis.SpecialFunctions.BinaryEntropy (6.9s)
✔ [8357/9243] Built Mathlib.Analysis.Complex.RiemannMapping (5.6s)
✔ [8358/9243] Built Mathlib.Analysis.Complex.SqrtDeriv (3.8s)
✔ [8359/9243] Built Mathlib.Analysis.InnerProductSpace.NormPow (5.4s)
✔ [8360/9243] Built Mathlib.Computability.AkraBazzi.SumTransform (11s)
✔ [8361/9243] Built Mathlib.Analysis.InnerProductSpace.Positive (15s)
✔ [8362/9243] Built Mathlib.Geometry.Manifold.MFDeriv.Basic (22s)
✔ [8363/9243] Built Mathlib.MeasureTheory.Function.LpOrder (3.6s)
✔ [8364/9243] Built Mathlib.Analysis.Matrix.PosDef (3.6s)
✔ [8365/9243] Built Mathlib.Combinatorics.Extremal.RuzsaSzemeredi (4.2s)
✔ [8366/9243] Built Mathlib.Analysis.Meromorphic.LogDeriv (3.4s)
✔ [8367/9243] Built Mathlib.Analysis.Meromorphic.RCLike (2.9s)
✔ [8368/9243] Built Mathlib.Analysis.Matrix.HermitianFunctionalCalculus (5.0s)
✔ [8369/9243] Built Mathlib.Analysis.Meromorphic.IsolatedZeros (3.1s)
✔ [8370/9243] Built Mathlib.Analysis.SpecialFunctions.Trigonometric.Sinc (2.9s)
✔ [8371/9243] Built Mathlib.Analysis.Complex.Angle (3.3s)
✔ [8372/9243] Built Mathlib.Analysis.Real.Pi.Bounds (4.2s)
✔ [8373/9243] Built Mathlib.Analysis.Meromorphic.TrailingCoefficient (5.5s)
✔ [8374/9243] Built Mathlib.Geometry.Manifold.MFDeriv.FDeriv (3.9s)
✔ [8375/9243] Built Mathlib.Analysis.InnerProductSpace.SingularValues (5.3s)
✔ [8376/9243] Built Mathlib.Geometry.Manifold.ContMDiff.NormedSpace (13s)
✔ [8377/9243] Built Mathlib.Analysis.Matrix.LDL (4.9s)
✔ [8378/9243] Built Mathlib.Computability.AkraBazzi.AkraBazzi (8.2s)
✔ [8379/9243] Built Mathlib.Analysis.Meromorphic.Divisor (6.6s)
✔ [8380/9243] Built Mathlib.Analysis.Matrix.Order (8.8s)
✔ [8381/9243] Built Mathlib.Geometry.Manifold.ContMDiffMap (5.4s)
✔ [8382/9243] Built Mathlib.Geometry.Manifold.ContMDiff.Atlas (6.1s)
✔ [8383/9243] Built Mathlib.MeasureTheory.Function.L1Space.Integrable (12s)
✔ [8384/9243] Built Mathlib.Geometry.Manifold.VectorBundle.FiberwiseLinear (7.9s)
✔ [8385/9243] Built Mathlib.Analysis.Meromorphic.NormalForm (7.1s)
✔ [8386/9243] Built Mathlib.Analysis.InnerProductSpace.GramMatrix (6.1s)
✔ [8387/9243] Built Mathlib.Analysis.Normed.Operator.ContinuousAlgEquiv (18s)
✔ [8388/9243] Built Mathlib.Probability.Moments.IntegrableExpMul (5.9s)
✔ [8389/9243] Built Mathlib.Probability.Independence.Integrable (4.7s)
✔ [8390/9243] Built Mathlib.Analysis.InnerProductSpace.Reproducing (20s)
✔ [8391/9243] Built Mathlib.Geometry.Manifold.Submersion (9.6s)
✔ [8392/9243] Built Mathlib.Geometry.Manifold.Algebra.Monoid (10s)
✔ [8393/9243] Built Mathlib.Probability.Distributions.Fernique (8.5s)
✔ [8394/9243] Built Mathlib.MeasureTheory.Function.L1Space.AEEqFun (5.0s)
✔ [8395/9243] Built Mathlib.MeasureTheory.Function.SpecialFunctions.Sinc (4.1s)
✔ [8396/9243] Built Mathlib.MeasureTheory.Function.UniformIntegrable (8.0s)
✔ [8397/9243] Built Mathlib.Analysis.SpecialFunctions.Trigonometric.Meromorphic (3.5s)
✔ [8398/9243] Built Mathlib.MeasureTheory.Integral.IntegrableOn (7.9s)
✔ [8399/9243] Built Mathlib.Analysis.Meromorphic.FactorizedRational (5.0s)
✔ [8400/9243] Built Mathlib.Analysis.InnerProductSpace.ExteriorPower (5.0s)
✔ [8401/9243] Built Mathlib.Geometry.Manifold.Algebra.LieGroup (5.3s)
✔ [8402/9243] Built Mathlib.MeasureTheory.SpecificCodomains.ContinuousMap (3.6s)
✔ [8403/9243] Built Mathlib.MeasureTheory.Function.UnifTight (4.2s)
✔ [8404/9243] Built Mathlib.Geometry.Manifold.VectorBundle.Basic (10s)
✔ [8405/9243] Built Mathlib.Geometry.Manifold.MFDeriv.SpecificFunctions (27s)
✔ [8406/9243] Built Mathlib.Analysis.InnerProductSpace.Reproducing.Operations (8.7s)
✔ [8407/9243] Built Mathlib.Geometry.Manifold.Algebra.Structures (3.3s)
✔ [8408/9243] Built Mathlib.MeasureTheory.SpecificCodomains.ContinuousMapZero (3.4s)
✔ [8409/9243] Built Mathlib.MeasureTheory.Function.LocallyIntegrable (6.6s)
✔ [8410/9243] Built Mathlib.Geometry.Manifold.VectorBundle.Pullback (3.4s)
✔ [8411/9243] Built Mathlib.MeasureTheory.Function.SimpleFuncDenseLp (9.9s)
✔ [8412/9243] Built Mathlib.Geometry.Manifold.VectorBundle.Tangent (5.9s)
✔ [8413/9243] Built Mathlib.Analysis.Complex.CanonicalDecomposition (8.4s)
✔ [8414/9243] Built Mathlib.MeasureTheory.Function.StronglyMeasurable.Lp (2.6s)
✔ [8415/9243] Built Mathlib.MeasureTheory.Function.LpSpace.ContinuousCompMeasurePreserving (2.8s)
✔ [8416/9243] Built Mathlib.MeasureTheory.Measure.SeparableMeasure (4.9s)
✔ [8417/9243] Built Mathlib.MeasureTheory.Function.LpSpace.DomAct.Continuous (3.0s)
✔ [8418/9243] Built Mathlib.MeasureTheory.Integral.FinMeasAdditive (5.0s)
✔ [8419/9243] Built Mathlib.MeasureTheory.Function.LpSpace.InfiniteSum (3.5s)
✔ [8420/9243] Built Mathlib.Geometry.Manifold.MFDeriv.Atlas (5.1s)
✔ [8421/9243] Built Mathlib.MeasureTheory.Function.LpSpace.CompleteOfCompleteLp (3.9s)
✔ [8422/9243] Built Mathlib.MeasureTheory.Function.ConditionalExpectation.AEMeasurable (4.7s)
✔ [8423/9243] Built Mathlib.Analysis.InnerProductSpace.TensorProduct (20s)
✔ [8424/9243] Built Mathlib.Geometry.Manifold.MFDeriv.UniqueDifferential (2.1s)
✔ [8425/9243] Built Mathlib.MeasureTheory.Integral.SetToL1.SimpleFunc (4.9s)
✔ [8426/9243] Built Mathlib.Analysis.InnerProductSpace.Coalgebra (4.4s)
✔ [8427/9243] Built Mathlib.Geometry.Manifold.Diffeomorph (4.7s)
✔ [8428/9243] Built Mathlib.MeasureTheory.Integral.SetToL1.L1 (4.4s)
✔ [8429/9243] Built Mathlib.Geometry.Manifold.Category.MfldCat.OfModel (2.7s)
✔ [8430/9243] Built Mathlib.Geometry.Manifold.LocalDiffeomorph (3.1s)
✔ [8431/9243] Built Mathlib.Geometry.Manifold.Algebra.SMul (3.7s)
✔ [8432/9243] Built Mathlib.Geometry.Manifold.ImmersionDiff (2.6s)
✔ [8433/9243] Built Mathlib.MeasureTheory.Integral.SetToL1.Function (4.7s)
✔ [8434/9243] Built Mathlib.Geometry.Manifold.IsManifold.InteriorBoundary (3.7s)
✔ [8435/9243] Built Mathlib.Geometry.Manifold.Instances.UnitsOfNormedAlgebra (3.1s)
✔ [8436/9243] Built Mathlib.Geometry.Manifold.VectorBundle.ContMDiffSection (5.7s)
✔ [8437/9243] Built Mathlib.MeasureTheory.Integral.Bochner.L1 (7.4s)
✔ [8438/9243] Built Mathlib.Geometry.Manifold.Algebra.SmoothFunctions (6.3s)
✔ [8439/9243] Built Mathlib.Geometry.Manifold.Bordism (3.5s)
✔ [8440/9243] Built Mathlib.MeasureTheory.Integral.SetToL1.ChangeMeasure (4.0s)
✔ [8441/9243] Built Mathlib.MeasureTheory.Integral.SetToL1.DominatedConvergence (4.2s)
✔ [8442/9243] Built Mathlib.Geometry.Manifold.Instances.Real (5.4s)
✔ [8443/9243] Built Mathlib.MeasureTheory.Integral.SetToL1 (1.0s)
✔ [8444/9243] Built Mathlib.Geometry.Manifold.DerivationBundle (4.0s)
✔ [8445/9243] Built Mathlib.Geometry.Manifold.Sheaf.Smooth (7.0s)
✔ [8446/9243] Built Mathlib.MeasureTheory.Integral.Bochner.Basic (6.0s)
✔ [8447/9243] Built Mathlib.Geometry.Manifold.MFDeriv.NormedSpace (14s)
✔ [8448/9243] Built Mathlib.Analysis.Real.Pi.Chudnovsky (3.6s)
✔ [8449/9243] Built Mathlib.NumberTheory.NumberField.FinitePlaces (3.6s)
✔ [8450/9243] Built Mathlib.MeasureTheory.Integral.CompactlySupported (3.0s)
✔ [8451/9243] Built Mathlib.Geometry.Manifold.Sheaf.LocallyRingedSpace (5.3s)
✔ [8452/9243] Built Mathlib.Geometry.Manifold.MFDeriv.Tangent (4.5s)
✔ [8453/9243] Built Mathlib.MeasureTheory.Function.ContinuousMapDense (5.0s)
✔ [8454/9243] Built Mathlib.Probability.Kernel.Integral (4.1s)
✔ [8455/9243] Built Mathlib.MeasureTheory.Integral.BoundedContinuousFunction (4.8s)
✔ [8456/9243] Built Mathlib.Geometry.Manifold.Algebra.LeftInvariantDerivation (12s)
✔ [8457/9243] Built Mathlib.MeasureTheory.Function.LpSeminorm.LpNorm (6.1s)
✔ [8458/9243] Built Mathlib.MeasureTheory.Group.Integral (6.1s)
✔ [8459/9243] Built Mathlib.Geometry.Manifold.VectorBundle.MDifferentiable (11s)
✔ [8460/9243] Built Mathlib.Geometry.Manifold.Immersion (12s)
✔ [8461/9243] Built Mathlib.MeasureTheory.Integral.Bochner.VitaliCaratheodory (5.6s)
✔ [8462/9243] Built Mathlib.Geometry.Manifold.Instances.Sphere (13s)
✔ [8463/9243] Built Mathlib.MeasureTheory.Integral.Bochner.SumMeasure (4.4s)
✔ [8464/9243] Built Mathlib.MeasureTheory.Measure.HasOuterApproxClosed (4.2s)
✔ [8465/9243] Built Mathlib.Geometry.Manifold.IntegralCurve.Basic (4.4s)
✔ [8466/9243] Built Mathlib.Geometry.Manifold.SmoothEmbedding (3.2s)
✔ [8467/9243] Built Mathlib.Geometry.Manifold.PoincareConjecture (3.0s)
✔ [8468/9243] Built Mathlib.MeasureTheory.Function.Holder (11s)
✔ [8469/9243] Built Mathlib.Topology.Compactification.OnePoint.Sphere (3.6s)
✔ [8470/9243] Built Mathlib.Probability.Distributions.Geometric (3.7s)
✔ [8471/9243] Built Mathlib.Geometry.Manifold.IntegralCurve.Transform (3.6s)
✔ [8472/9243] Built Mathlib.Geometry.Manifold.Instances.Icc (3.0s)
✔ [8473/9243] Built Mathlib.Geometry.Manifold.VectorBundle.LocalFrame (8.4s)
✔ [8474/9243] Built Mathlib.MeasureTheory.Integral.Bochner.Set (7.4s)
✔ [8475/9243] Built Mathlib.Geometry.Manifold.VectorBundle.Hom (11s)
✔ [8476/9243] Built Mathlib.Geometry.Manifold.VectorBundle.Tensoriality (4.2s)
✔ [8477/9243] Built Mathlib.Probability.Kernel.SetIntegral (3.1s)
✔ [8478/9243] Built Mathlib.MeasureTheory.Integral.Regular (3.3s)
✔ [8479/9243] Built Mathlib.MeasureTheory.Integral.Asymptotics (3.8s)
✔ [8480/9243] Built Mathlib.Analysis.BoxIntegral.Integrability (5.4s)
✔ [8481/9243] Built Mathlib.MeasureTheory.Measure.Haar.NormedSpace (5.8s)
✔ [8482/9243] Built Mathlib.MeasureTheory.Integral.Bochner.FundThmCalculus (3.6s)
✔ [8483/9243] Built Mathlib.MeasureTheory.Integral.RieszMarkovKakutani.Real (6.4s)
✔ [8484/9243] Built Mathlib.MeasureTheory.Integral.Bochner.ContinuousLinearMap (7.2s)
✔ [8485/9243] Built Mathlib.MeasureTheory.VectorMeasure.Integral (26s)
✔ [8486/9243] Built Mathlib.MeasureTheory.Integral.RieszMarkovKakutani.NNReal (3.5s)
✔ [8487/9243] Built Mathlib.Geometry.Manifold.ContMDiffMFDeriv (7.6s)
✔ [8488/9243] Built Mathlib.MeasureTheory.Function.AEEqOfIntegral (4.3s)
✔ [8489/9243] Built Mathlib.Geometry.Manifold.VectorBundle.Riemannian (8.9s)
✔ [8490/9243] Built Mathlib.MeasureTheory.Function.L2Space (5.3s)
✔ [8491/9243] Built Mathlib.Analysis.CStarAlgebra.ContinuousFunctionalCalculus.Integral (7.1s)
✔ [8492/9243] Built Mathlib.Analysis.Calculus.BumpFunction.Normed (4.2s)
✔ [8493/9243] Built Mathlib.Geometry.Manifold.VectorBundle.CovariantDerivative.Basic (9.1s)
✔ [8494/9243] Built Mathlib.MeasureTheory.Measure.Haar.Extension (8.2s)
✔ [8495/9243] Built Mathlib.MeasureTheory.SpecificCodomains.Pi (4.0s)
✔ [8496/9243] Built Mathlib.Probability.Kernel.WithDensity (3.4s)
✔ [8497/9243] Built Mathlib.MeasureTheory.Group.FundamentalDomain (14s)
✔ [8498/9243] Built Mathlib.MeasureTheory.Measure.Decomposition.RadonNikodym (4.8s)
✔ [8499/9243] Built Mathlib.MeasureTheory.Measure.FiniteMeasure (7.7s)
✔ [8500/9243] Built Mathlib.Probability.Kernel.Disintegration.CDFToKernel (5.4s)
✔ [8501/9243] Built Mathlib.MeasureTheory.VectorMeasure.WithDensity (4.3s)
✔ [8502/9243] Built Mathlib.MeasureTheory.Function.ConditionalExpectation.Unique (3.5s)
✔ [8503/9243] Built Mathlib.MeasureTheory.SpecificCodomains.WithLp (3.0s)
✔ [8504/9243] Built Mathlib.Geometry.Manifold.VectorField.Pullback (9.2s)
✔ [8505/9243] Built Mathlib.MeasureTheory.Integral.Average (9.8s)
✔ [8506/9243] Built Mathlib.Probability.Kernel.Composition.WithDensity (3.8s)
✔ [8507/9243] Built Mathlib.Geometry.Manifold.VectorBundle.CovariantDerivative.Metric (7.7s)
✔ [8508/9243] Built Mathlib.MeasureTheory.Integral.IntervalIntegral.Basic (11s)
✔ [8509/9243] Built Mathlib.Dynamics.Ergodic.RadonNikodym (3.7s)
✔ [8510/9243] Built Mathlib.MeasureTheory.Group.GeometryOfNumbers (5.1s)
✔ [8511/9243] Built Mathlib.MeasureTheory.VectorMeasure.SetIntegral (12s)
✔ [8512/9243] Built Mathlib.Probability.Density (4.3s)
✔ [8513/9243] Built Mathlib.MeasureTheory.Measure.Tilted (4.3s)
✔ [8514/9243] Built Mathlib.Probability.Kernel.Disintegration.CondCDF (3.6s)
✔ [8515/9243] Built Mathlib.MeasureTheory.VectorMeasure.Decomposition.Lebesgue (4.8s)
✔ [8516/9243] Built Mathlib.MeasureTheory.Integral.MeanValue (4.9s)
✔ [8517/9243] Built Mathlib.Analysis.Convex.Integral (6.2s)
✔ [8518/9243] Built Mathlib.MeasureTheory.Measure.ProbabilityMeasure (8.1s)
✔ [8519/9243] Built Mathlib.MeasureTheory.Function.Intersectivity (6.3s)
✔ [8520/9243] Built Mathlib.MeasureTheory.Covering.Differentiation (7.1s)
✔ [8521/9243] Built Mathlib.Algebra.Module.ZLattice.Basic (14s)
✔ [8522/9243] Built Mathlib.MeasureTheory.Integral.IntervalAverage (5.5s)
✔ [8523/9243] Built Mathlib.MeasureTheory.Function.ConditionalExpectation.CondexpL2 (12s)
✔ [8524/9243] Built Mathlib.Dynamics.Ergodic.Extreme (4.3s)
✔ [8525/9243] Built Mathlib.Geometry.Manifold.VectorField.LieBracket (13s)
✔ [8526/9243] Built Mathlib.MeasureTheory.Integral.IntervalIntegral.Slope (6.3s)
✔ [8527/9243] Built Mathlib.MeasureTheory.Integral.Layercake (6.4s)
✔ [8528/9243] Built Mathlib.MeasureTheory.Integral.Prod (8.1s)
✔ [8529/9243] Built Mathlib.MeasureTheory.Integral.DominatedConvergence (7.5s)
✔ [8530/9243] Built Mathlib.MeasureTheory.Measure.LogLikelihoodRatio (4.5s)
✔ [8531/9243] Built Mathlib.MeasureTheory.VectorMeasure.Decomposition.RadonNikodym (3.6s)
✔ [8532/9243] Built Mathlib.Probability.CDF (3.0s)
✔ [8533/9243] Built Mathlib.MeasureTheory.Integral.CurveIntegral.Basic (10s)
✔ [8534/9243] Built Mathlib.MeasureTheory.Measure.DiracProba (3.8s)
✔ [8535/9243] Built Mathlib.MeasureTheory.Covering.DensityTheorem (3.9s)
✔ [8536/9243] Built Mathlib.Analysis.Distribution.ContDiffMapSupportedIn (46s)
✔ [8537/9243] Built Mathlib.MeasureTheory.Covering.Besicovitch (7.9s)
✔ [8538/9243] Built Mathlib.Analysis.BoxIntegral.UnitPartition (6.9s)
✔ [8539/9243] Built Mathlib.Geometry.Manifold.GroupLieAlgebra (7.3s)
✔ [8540/9243] Built Mathlib.Geometry.Manifold.VectorBundle.CovariantDerivative.Torsion (7.4s)
✔ [8541/9243] Built Mathlib.MeasureTheory.Measure.Portmanteau (7.8s)
✔ [8542/9243] Built Mathlib.MeasureTheory.VectorMeasure.WithDensityVec (16s)
✔ [8543/9243] Built Mathlib.Algebra.Module.ZLattice.Summable (10s)
✔ [8544/9243] Built Mathlib.MeasureTheory.Function.ConditionalExpectation.CondexpL1 (10s)
✔ [8545/9243] Built Mathlib.MeasureTheory.Integral.DivergenceTheorem (8.8s)
✔ [8546/9243] Built Mathlib.MeasureTheory.Group.IntegralConvolution (4.3s)
✔ [8547/9243] Built Mathlib.MeasureTheory.Integral.Pi (4.0s)
✔ [8548/9243] Built Mathlib.MeasureTheory.Integral.IntervalIntegral.MeanValue (4.8s)
✔ [8549/9243] Built Mathlib.MeasureTheory.Measure.Haar.Quotient (8.1s)
✔ [8550/9243] Built Mathlib.Probability.Kernel.MeasurableIntegral (5.7s)
✔ [8551/9243] Built Mathlib.Analysis.Calculus.ParametricIntegral (7.8s)
✔ [8552/9243] Built Mathlib.MeasureTheory.Covering.LiminfLimsup (5.5s)
✔ [8553/9243] Built Mathlib.MeasureTheory.Measure.Haar.Unique (11s)
✔ [8554/9243] Built Mathlib.MeasureTheory.Integral.IntervalIntegral.FundThmCalculus (10s)
✔ [8555/9243] Built Mathlib.MeasureTheory.Covering.OneDim (3.6s)
✔ [8556/9243] Built Mathlib.MeasureTheory.Measure.HasOuterApproxClosedProd (16s)
✔ [8557/9243] Built Mathlib.MeasureTheory.Measure.CharacteristicFunction (3.0s)
✔ [8558/9243] Built Mathlib.MeasureTheory.VectorMeasure.Prod (17s)
✔ [8559/9243] Built Mathlib.MeasureTheory.Covering.BesicovitchVectorSpace (6.1s)
✔ [8560/9243] Built Mathlib.MeasureTheory.Measure.LevyProkhorovMetric (6.3s)
✔ [8561/9243] Built Mathlib.Algebra.Module.ZLattice.Covolume (7.0s)
✔ [8562/9243] Built Mathlib.MeasureTheory.Function.ConditionalExpectation.Basic (5.8s)
✔ [8563/9243] Built Mathlib.MeasureTheory.Integral.IntervalIntegral.Periodic (5.3s)
✔ [8564/9243] Built Mathlib.Probability.Kernel.Composition.IntegralCompProd (5.5s)
✔ [8565/9243] Built Mathlib.Analysis.Calculus.ParametricIntervalIntegral (4.1s)
✔ [8566/9243] Built Mathlib.MeasureTheory.Measure.Haar.DistribChar (4.3s)
✔ [8567/9243] Built Mathlib.MeasureTheory.Measure.Haar.MulEquivHaarChar (4.4s)
✔ [8568/9243] Built Mathlib.Dynamics.Ergodic.Action.OfMinimal (5.7s)
✔ [8569/9243] Built Mathlib.MeasureTheory.Group.ModularCharacter (3.6s)
✔ [8570/9243] Built Mathlib.Analysis.Convolution (26s)
✔ [8571/9243] Built Mathlib.MeasureTheory.Constructions.UnitInterval (3.2s)
✔ [8572/9243] Built Mathlib.MeasureTheory.Integral.CurveIntegral.Poincare (12s)
✔ [8573/9243] Built Mathlib.MeasureTheory.Measure.Lebesgue.Integral (3.2s)
✔ [8574/9243] Built Mathlib.Geometry.Manifold.VectorBundle.CovariantDerivative.LeviCivita (15s)
✔ [8575/9243] Built Mathlib.MeasureTheory.Measure.Haar.Disintegration (6.1s)
✔ [8576/9243] Built Mathlib.MeasureTheory.Integral.IntervalIntegral.DistLEIntegral (4.7s)
✔ [8577/9243] Built Mathlib.Analysis.SpecialFunctions.NonIntegrable (4.6s)
✔ [8578/9243] Built Mathlib.MeasureTheory.Integral.IntervalIntegral.ContDiff (4.2s)
✔ [8579/9243] Built Mathlib.NumberTheory.Transcendental.Lindemann.AnalyticalPart (4.7s)
✔ [8580/9243] Built Mathlib.Geometry.Euclidean.Volume.Measure (8.6s)
✔ [8581/9243] Built Mathlib.Analysis.Calculus.Monotone (5.1s)
✔ [8582/9243] Built Mathlib.Analysis.Fourier.FourierTransform (39s)
✔ [8583/9243] Built Mathlib.MeasureTheory.Order.UpperLower (3.7s)
✔ [8584/9243] Built Mathlib.MeasureTheory.Integral.IntervalIntegral.TrapezoidalRule (9.4s)
✔ [8585/9243] Built Mathlib.MeasureTheory.Integral.IntervalIntegral.LebesgueDifferentiationThm (4.6s)
✔ [8586/9243] Built Mathlib.MeasureTheory.Measure.FiniteMeasureProd (4.7s)
✔ [8587/9243] Built Mathlib.MeasureTheory.Measure.FiniteMeasurePi (4.1s)
✔ [8588/9243] Built Mathlib.MeasureTheory.Function.ConditionalExpectation.Indicator (4.1s)
✔ [8589/9243] Built Mathlib.Analysis.Distribution.TestFunction (28s)
✔ [8590/9243] Built Mathlib.Probability.Notation (4.2s)
✔ [8591/9243] Built Mathlib.MeasureTheory.Function.Jacobian (7.9s)
✔ [8592/9243] Built Mathlib.Dynamics.Ergodic.AddCircleAdd (3.9s)
✔ [8593/9243] Built Mathlib.MeasureTheory.Group.AddCircle (4.9s)
✔ [8594/9243] Built Mathlib.Analysis.SpecialFunctions.Integrability.Basic (4.4s)
✔ [8595/9243] Built Mathlib.Probability.Kernel.Representation (5.0s)
✔ [8596/9243] Built Mathlib.MeasureTheory.Measure.Prokhorov (11s)
✔ [8597/9243] Built Mathlib.Analysis.BoundedVariation (7.6s)
✔ [8598/9243] Built Mathlib.MeasureTheory.Integral.CircleIntegral (9.3s)
✔ [8599/9243] Built Mathlib.Analysis.Fourier.RiemannLebesgueLemma (7.0s)
✔ [8600/9243] Built Mathlib.MeasureTheory.Function.ConditionalExpectation.CondJensen (7.2s)
✔ [8601/9243] Built Mathlib.MeasureTheory.Function.ConditionalExpectation.PullOut (8.6s)
✔ [8602/9243] Built Mathlib.Analysis.InnerProductSpace.NormDet (11s)
✔ [8603/9243] Built Mathlib.MeasureTheory.Function.ConditionalLExpectation (6.3s)
✔ [8604/9243] Built Mathlib.Analysis.Calculus.ContDiff.Convolution (13s)
✔ [8605/9243] Built Mathlib.Probability.Independence.Integration (8.8s)
✔ [8606/9243] Built Mathlib.Probability.Independence.BoundedContinuousFunction (8.0s)
✔ [8607/9243] Built Mathlib.Probability.ConditionalExpectation (4.9s)
✔ [8608/9243] Built Mathlib.Dynamics.Ergodic.AddCircle (3.0s)
✔ [8609/9243] Built Mathlib.Analysis.SpecialFunctions.JapaneseBracket (3.0s)
✔ [8610/9243] Built Mathlib.MeasureTheory.Function.JacobianOneDim (6.3s)
✔ [8611/9243] Built Mathlib.Analysis.SpecialFunctions.PolarCoord (5.7s)
✔ [8612/9243] Built Mathlib.Analysis.SpecialFunctions.Integrability.LogMeromorphic (4.8s)
✔ [8613/9243] Built Mathlib.MeasureTheory.Integral.TorusIntegral (4.9s)
✔ [8614/9243] Built Mathlib.MeasureTheory.Integral.CircleTransform (5.1s)
✔ [8615/9243] Built Mathlib.MeasureTheory.Function.ConditionalExpectation.LebesgueBochner (3.9s)
✔ [8616/9243] Built Mathlib.MeasureTheory.Function.AbsolutelyContinuous (7.4s)
✔ [8617/9243] Built Mathlib.MeasureTheory.Function.ConditionalExpectation.Real (5.5s)
✔ [8618/9243] Built Mathlib.Analysis.Complex.CauchyIntegral (7.4s)
✔ [8619/9243] Built Mathlib.MeasureTheory.Integral.CircleAverage (6.9s)
✔ [8620/9243] Built Mathlib.Probability.Moments.Covariance (5.0s)
✔ [8621/9243] Built Mathlib.NumberTheory.WellApproximable (5.6s)
✔ [8622/9243] Built Mathlib.Analysis.Calculus.BumpFunction.FiniteDimension (7.8s)
✔ [8623/9243] Built Mathlib.Geometry.Manifold.Riemannian.PathELength (4.0s)
✔ [8624/9243] Built Mathlib.Analysis.SpecialFunctions.Integrals.LogTrigonometric (4.3s)
✔ [8625/9243] Built Mathlib.MeasureTheory.Integral.IntervalIntegral.DerivIntegrable (4.1s)
✔ [8626/9243] Built Mathlib.Analysis.Complex.RemovableSingularity (4.2s)
✔ [8627/9243] Built Mathlib.MeasureTheory.Integral.IntervalIntegral.IntegrationByParts (6.0s)
✔ [8628/9243] Built Mathlib.MeasureTheory.VectorMeasure.AddContent (6.7s)
✔ [8629/9243] Built Mathlib.Probability.Process.Filtration (6.2s)
✔ [8630/9243] Built Mathlib.Analysis.Complex.TaylorSeries (4.0s)
✔ [8631/9243] Built Mathlib.Analysis.Distribution.TemperateGrowth (9.0s)
✔ [8632/9243] Built Mathlib.Analysis.SpecialFunctions.Complex.Analytic (5.6s)
✔ [8633/9243] Built Mathlib.Analysis.Complex.AbsMax (4.9s)
✔ [8634/9243] Built Mathlib.Analysis.Complex.Liouville (4.3s)
✔ [8635/9243] Built Mathlib.Analysis.Complex.HasPrimitives (5.6s)
✔ [8636/9243] Built Mathlib.Analysis.Complex.UpperHalfPlane.Manifold (6.5s)
✔ [8637/9243] Built Mathlib.Analysis.Complex.MeanValue (4.4s)
✔ [8638/9243] Built Mathlib.Analysis.Complex.ValueDistribution.Proximity.Basic (4.1s)
✔ [8639/9243] Built Mathlib.Analysis.Calculus.BumpFunction.Convolution (3.0s)
✔ [8640/9243] Built Mathlib.Geometry.Manifold.BumpFunction (4.4s)
✔ [8641/9243] Built Mathlib.Probability.Moments.Variance (6.1s)
✔ [8642/9243] Built Mathlib.Analysis.Complex.LocallyUniformLimit (3.0s)
✔ [8643/9243] Built Mathlib.Analysis.Complex.Periodic (4.2s)
✔ [8644/9243] Built Mathlib.Analysis.SpecialFunctions.Trigonometric.Chebyshev.Orthogonality (4.6s)
✔ [8645/9243] Built Mathlib.Analysis.SpecialFunctions.Integrals.Basic (7.5s)
✔ [8646/9243] Built Mathlib.MeasureTheory.Integral.IntervalIntegral.AbsolutelyContinuousFun (8.0s)
✔ [8647/9243] Built Mathlib.MeasureTheory.Function.FactorsThrough (5.1s)
✔ [8648/9243] Built Mathlib.Probability.Process.PartitionFiltration (5.5s)
✔ [8649/9243] Built Mathlib.Analysis.Fourier.AddCircle (8.9s)
✔ [8650/9243] Built Mathlib.Geometry.Manifold.Riemannian.Basic (11s)
✔ [8651/9243] Built Mathlib.MeasureTheory.VectorMeasure.BoundedVariation (8.9s)
✔ [8652/9243] Built Mathlib.Probability.Process.Adapted (6.5s)
✔ [8653/9243] Built Mathlib.Analysis.Complex.Positivity (4.7s)
✔ [8654/9243] Built Mathlib.Analysis.Calculus.TaylorIntegral (9.5s)
✔ [8655/9243] Built Mathlib.MeasureTheory.Integral.IntegralEqImproper (11s)
✔ [8656/9243] Built Mathlib.Analysis.InnerProductSpace.Harmonic.Constructions (5.0s)
✔ [8657/9243] Built Mathlib.Geometry.Manifold.Complex (4.2s)
✔ [8658/9243] Built Mathlib.Analysis.Analytic.Binomial (7.7s)
✔ [8659/9243] Built Mathlib.Analysis.Complex.Schwarz (5.0s)
✔ [8660/9243] Built Mathlib.Analysis.Complex.PhragmenLindelof (7.8s)
✔ [8661/9243] Built Mathlib.Analysis.Complex.Polynomial.Basic (5.9s)
✔ [8662/9243] Built Mathlib.Analysis.Calculus.BumpFunction.SmoothApprox (4.8s)
✔ [8663/9243] Built Mathlib.Analysis.Complex.UpperHalfPlane.Measure (6.4s)
✔ [8664/9243] Built Mathlib.Analysis.Complex.Harmonic.Analytic (8.2s)
✔ [8665/9243] Built Mathlib.Analysis.CStarAlgebra.Fuglede (8.8s)
✔ [8666/9243] Built Mathlib.Probability.CondVar (5.5s)
✔ [8667/9243] Built Mathlib.NumberTheory.ModularForms.EisensteinSeries.MDifferentiable (4.0s)
✔ [8668/9243] Built Mathlib.Probability.HasLaw (5.1s)
✔ [8669/9243] Built Mathlib.Analysis.Complex.Poisson (9.3s)
✔ [8670/9243] Built Mathlib.Analysis.Complex.SummableUniformlyOn (3.6s)
✔ [8671/9243] Built Mathlib.NumberTheory.ModularForms.Basic (11s)
✔ [8672/9243] Built Mathlib.NumberTheory.LSeries.Deriv (3.0s)
✔ [8673/9243] Built Mathlib.Analysis.Calculus.LogDerivUniformlyOn (3.8s)
✔ [8674/9243] Built Mathlib.Geometry.Manifold.PartitionOfUnity (9.2s)
✔ [8675/9243] Built Mathlib.Analysis.Complex.UpperHalfPlane.Exp (3.6s)
✔ [8676/9243] Built Mathlib.Probability.Moments.CovarianceBilinDual (9.5s)
✔ [8677/9243] Built Mathlib.Analysis.Real.Pi.Wallis (4.8s)
✔ [8678/9243] Built Mathlib.Analysis.SpecialFunctions.Trigonometric.Chebyshev.ChebyshevGauss (6.1s)
✔ [8679/9243] Built Mathlib.Analysis.Real.Pi.Irrational (6.2s)
✔ [8680/9243] Built Mathlib.MeasureTheory.Constructions.HaarToSphere (7.4s)
✔ [8681/9243] Built Mathlib.Analysis.Polynomial.Fourier (6.3s)
✔ [8682/9243] Built Mathlib.Analysis.SpecialFunctions.Complex.LogBounds (10s)
✔ [8683/9243] Built Mathlib.Analysis.ODE.PicardLindelof (8.8s)
✔ [8684/9243] Built Mathlib.NumberTheory.ZetaValues (8.5s)
✔ [8685/9243] Built Mathlib.Analysis.Calculus.Taylor (10s)
✔ [8686/9243] Built Mathlib.Analysis.Fourier.AddCircleMulti (9.6s)
✔ [8687/9243] Built Mathlib.Analysis.SpecialFunctions.ImproperIntegrals (6.8s)
✔ [8688/9243] Built Mathlib.Probability.Process.Predictable (8.6s)
✔ [8689/9243] Built Mathlib.MeasureTheory.Integral.ExpDecay (5.3s)
✔ [8690/9243] Built Mathlib.Analysis.SpecialFunctions.FrullaniIntegral (6.9s)
✔ [8691/9243] Built Mathlib.Analysis.SumIntegralComparisons (8.0s)
✔ [8692/9243] Built Mathlib.Probability.Process.Stopping (12s)
✔ [8693/9243] Built Mathlib.NumberTheory.AbelSummation (8.8s)
✔ [8694/9243] Built Mathlib.MeasureTheory.VectorMeasure.IntegrationByParts (16s)
✔ [8695/9243] Built Mathlib.Analysis.Complex.BorelCaratheodory (6.3s)
✔ [8696/9243] Built Mathlib.MeasureTheory.Integral.PeakFunction (8.4s)
✔ [8697/9243] Built Mathlib.Analysis.Calculus.LineDeriv.IntegrationByParts (8.8s)
✔ [8698/9243] Built Mathlib.Analysis.Complex.Hadamard (6.9s)
✔ [8699/9243] Built Mathlib.Analysis.Complex.OpenMapping (5.9s)
✔ [8700/9243] Built Mathlib.Analysis.Normed.Algebra.GelfandFormula (5.9s)
✔ [8701/9243] Built Mathlib.Analysis.Complex.Polynomial.UnitTrinomial (3.4s)
✔ [8702/9243] Built Mathlib.Analysis.Polynomial.Factorization (3.6s)
✔ [8703/9243] Built Mathlib.Analysis.FunctionalSpaces.SobolevInequality (13s)
✔ [8704/9243] Built CanonicalRoots.FourCoordinatePowerFiber (6.0s)
✔ [8705/9243] Built Mathlib.NumberTheory.LegendreSymbol.Complex (3.8s)
✔ [8706/9243] Built Mathlib.NumberTheory.NumberField.InfinitePlace.Embeddings (5.1s)
✔ [8707/9243] Built Mathlib.Analysis.SpecialFunctions.Complex.CircleAddChar (4.7s)
✔ [8708/9243] Built Mathlib.Analysis.Complex.Polynomial.GaussLucas (3.0s)
✔ [8709/9243] Built Mathlib.Analysis.Complex.Harmonic.Liouville (3.6s)
✔ [8710/9243] Built Mathlib.Analysis.Complex.Harmonic.MeanValue (3.8s)
✔ [8711/9243] Built Mathlib.Probability.Distributions.TwoValued (3.7s)
✔ [8712/9243] Built Mathlib.Probability.HasCondDistrib (3.6s)
✔ [8713/9243] Built Mathlib.Probability.IdentDistrib (3.0s)
✔ [8714/9243] Built Mathlib.NumberTheory.ModularForms.EisensteinSeries.Basic (3.1s)
✔ [8715/9243] Built Mathlib.Probability.Distributions.Bernoulli (4.7s)
✔ [8716/9243] Built Mathlib.NumberTheory.LSeries.Positivity (3.0s)
✔ [8717/9243] Built Mathlib.Analysis.Complex.Harmonic.Poisson (4.7s)
✔ [8718/9243] Built Mathlib.Geometry.Manifold.SmoothApprox (3.2s)
✔ [8719/9243] Built Mathlib.Analysis.Distribution.AEEqOfIntegralContDiff (3.8s)
✔ [8720/9243] Built Mathlib.Geometry.Manifold.WhitneyEmbedding (4.4s)
✔ [8721/9243] Built Mathlib.Analysis.SpecialFunctions.Pow.Integral (3.2s)
✔ [8722/9243] Built Mathlib.Analysis.SpecialFunctions.Stirling (4.8s)
✔ [8723/9243] Built Mathlib.Analysis.SpecialFunctions.Complex.Arctan (3.9s)
✔ [8724/9243] Built Mathlib.Analysis.SpecialFunctions.Log.Summable (3.0s)
✔ [8725/9243] Built Mathlib.NumberTheory.ModularForms.QExpansion (6.4s)
✔ [8726/9243] Built Mathlib.Analysis.ODE.ExistUnique (5.5s)
✔ [8727/9243] Built Mathlib.Analysis.SpecialFunctions.MulExpNegMulSqIntegral (5.3s)
✔ [8728/9243] Built Mathlib.Probability.Distributions.Pareto (3.8s)
✔ [8729/9243] Built Mathlib.Probability.Distributions.Cauchy (3.8s)
✔ [8730/9243] Built Mathlib.Analysis.SpecialFunctions.Gamma.Basic (4.1s)
✔ [8731/9243] Built Mathlib.NumberTheory.Harmonic.Bounds (3.3s)
✔ [8732/9243] Built Mathlib.Analysis.MellinTransform (5.6s)
✔ [8733/9243] Built Mathlib.Probability.Process.HittingTime (5.5s)
✔ [8734/9243] Built Mathlib.Probability.Process.LocalProperty (5.6s)
✔ [8735/9243] Built Mathlib.Analysis.SpecialFunctions.Trigonometric.EulerSineProd (5.0s)
✔ [8736/9243] Built Mathlib.NumberTheory.LSeries.SumCoeff (6.4s)
✔ [8737/9243] Built Mathlib.Probability.Martingale.Basic (7.1s)
✔ [8738/9243] Built Mathlib.MeasureTheory.Measure.ResolventTransform (6.3s)
✔ [8739/9243] Built Mathlib.Analysis.SpecialFunctions.Elliptic.Weierstrass (31s)
✔ [8740/9243] Built Mathlib.NumberTheory.Chebyshev (9.3s)
✔ [8741/9243] Built Mathlib.RingTheory.Polynomial.Selmer (4.2s)
✔ [8742/9243] Built Mathlib.Analysis.CStarAlgebra.Spectrum (6.9s)
✔ [8743/9243] Built Mathlib.Analysis.Normed.Algebra.GelfandMazur (5.6s)
✔ [8744/9243] Built Mathlib.NumberTheory.NumberField.InfinitePlace.Basic (6.2s)
✔ [8745/9243] Built Mathlib.Analysis.Fourier.ZMod (5.7s)
✔ [8746/9243] Built Mathlib.Probability.Process.FiniteDimensionalLaws (4.1s)
✔ [8747/9243] Built Mathlib.Analysis.SpecialFunctions.Integrals.PosLogEqCircleAverage (4.7s)
✔ [8748/9243] Built Mathlib.Probability.Moments.Basic (5.7s)
✔ [8749/9243] Built Mathlib.NumberTheory.NumberField.Completion.FinitePlace (9.8s)
✔ [8750/9243] Built Mathlib.Probability.ProbabilityMassFunction.Constructions (4.0s)
✔ [8751/9243] Built Mathlib.MeasureTheory.Function.ConvergenceInDistribution (7.1s)
✔ [8752/9243] Built Mathlib.Analysis.Normed.Lp.SmoothApprox (4.7s)
✔ [8753/9243] Built Mathlib.Probability.StrongLaw (7.7s)
✔ [8754/9243] Built Mathlib.Analysis.Real.Pi.Leibniz (4.2s)
✔ [8755/9243] Built Mathlib.Analysis.Calculus.Rademacher (6.0s)
✔ [8756/9243] Built Mathlib.Analysis.Normed.Ring.InfiniteProd (3.5s)
✔ [8757/9243] Built Mathlib.Combinatorics.Enumerative.Pentagonal.EulerFunction (4.5s)
✔ [8758/9243] Built Mathlib.NumberTheory.ModularForms.LevelOne.Basic (4.2s)
✔ [8759/9243] Built Mathlib.Analysis.Normed.Module.MultipliableUniformlyOn (5.5s)
✔ [8760/9243] Built Mathlib.MeasureTheory.Measure.FiniteMeasureExt (4.1s)
✔ [8761/9243] Built Mathlib.Geometry.Manifold.IntegralCurve.ExistUnique (3.9s)
✔ [8762/9243] Built Mathlib.NumberTheory.ModularForms.Petersson (4.9s)
✔ [8763/9243] Built Mathlib.Analysis.Distribution.Distribution (9.5s)
✔ [8764/9243] Built Mathlib.Probability.Distributions.Gamma (3.7s)
✔ [8765/9243] Built Mathlib.MeasureTheory.Integral.Gamma (4.0s)
✔ [8766/9243] Built Mathlib.Analysis.SumIntegralExpDecay (3.6s)
✔ [8767/9243] Built Mathlib.Analysis.SpecialFunctions.Gaussian.GaussianIntegral (5.1s)
✔ [8768/9243] Built Mathlib.Analysis.SpecialFunctions.Gamma.Deriv (4.4s)
✔ [8769/9243] Built Mathlib.NumberTheory.LSeries.AbstractFuncEq (6.7s)
✔ [8770/9243] Built Mathlib.Probability.Martingale.OptionalSampling (4.6s)
✔ [8771/9243] Built Mathlib.Probability.Martingale.Upcrossing (5.0s)
✔ [8772/9243] Built Mathlib.Probability.Martingale.OptionalStopping (6.5s)
✔ [8773/9243] Built Mathlib.Probability.Martingale.Centering (5.3s)
✔ [8774/9243] Built Mathlib.Probability.ProbabilityMassFunction.Integrals (4.3s)
✔ [8775/9243] Built Mathlib.Analysis.CStarAlgebra.GelfandDuality (9.8s)
✔ [8776/9243] Built Mathlib.Analysis.Complex.ValueDistribution.Proximity.IntegralPresentation (5.9s)
✔ [8777/9243] Built Mathlib.Analysis.Fourier.FourierTransformDeriv (31s)
✔ [8778/9243] Built Mathlib.Analysis.Polynomial.MahlerMeasure (6.7s)
✔ [8779/9243] Built Mathlib.Probability.Moments.CovarianceBilin (6.5s)
✔ [8780/9243] Built Mathlib.NumberTheory.NumberField.InfinitePlace.Ramification (10s)
✔ [8781/9243] Built Mathlib.Analysis.Complex.JensenFormula (8.9s)
✔ [8782/9243] Built Mathlib.Probability.Distributions.Uniform (6.6s)
✔ [8783/9243] Built Mathlib.AlgebraicGeometry.EllipticCurve.LFunction (3.2s)
✔ [8784/9243] Built Mathlib.NumberTheory.NumberField.Units.Basic (10s)
✔ [8785/9243] Built Mathlib.NumberTheory.NumberField.ProductFormula (3.4s)
✔ [8786/9243] Built Mathlib.NumberTheory.ModularForms.LevelOne (2.7s)
✔ [8787/9243] Built Mathlib.NumberTheory.ModularForms.CuspFormSubmodule (3.3s)
✔ [8788/9243] Built Mathlib.NumberTheory.ModularForms.NormTrace (4.9s)
✔ [8789/9243] Built Mathlib.Analysis.SpecialFunctions.Trigonometric.Cotangent (4.9s)
✔ [8790/9243] Built Mathlib.Geometry.Manifold.IntegralCurve.UniformTime (4.6s)
✔ [8791/9243] Built Mathlib.Probability.Distributions.Exponential (3.8s)
✔ [8792/9243] Built Mathlib.Analysis.SpecialFunctions.Gamma.BohrMollerup (5.5s)
✔ [8793/9243] Built Mathlib.MeasureTheory.Measure.Lebesgue.VolumeOfBalls (6.5s)
✔ [8794/9243] Built Mathlib.NumberTheory.ModularForms.Bounds (7.5s)
✔ [8795/9243] Built Mathlib.Analysis.SpecialFunctions.Gaussian.FourierTransform (6.7s)
✔ [8796/9243] Built Mathlib.MeasureTheory.Measure.CharacteristicFunction.Basic (9.1s)
✔ [8797/9243] Built Mathlib.Probability.Martingale.Convergence (4.9s)
✔ [8798/9243] Built Mathlib.NumberTheory.MahlerMeasure (6.2s)
✔ [8799/9243] Built Mathlib.NumberTheory.NumberField.Completion.InfinitePlace (7.3s)
✔ [8800/9243] Built Mathlib.NumberTheory.NumberField.InfinitePlace.TotallyRealComplex (4.9s)
✔ [8801/9243] Built Mathlib.Analysis.Fourier.Inversion (5.0s)
✔ [8802/9243] Built Mathlib.Analysis.SpecialFunctions.Gamma.Beta (5.6s)
✔ [8803/9243] Built Mathlib.NumberTheory.NumberField.FiniteAdeleRing (7.3s)
✔ [8804/9243] Built Mathlib.MeasureTheory.Measure.CharacteristicFunction.TaylorExpansion (6.2s)
✔ [8805/9243] Built Mathlib.Analysis.CStarAlgebra.ContinuousFunctionalCalculus.Basic (13s)
✔ [8806/9243] Built Mathlib.Probability.Moments.ComplexMGF (5.5s)
✔ [8807/9243] Built Mathlib.MeasureTheory.Measure.IntegralCharFun (5.7s)
✔ [8808/9243] Built Mathlib.Probability.Distributions.Poisson.Basic (4.9s)
✔ [8809/9243] Built Mathlib.Analysis.Complex.ValueDistribution.LogCounting.Basic (11s)
✔ [8810/9243] Built Mathlib.Probability.Martingale.BorelCantelli (4.3s)
✔ [8811/9243] Built Mathlib.NumberTheory.NumberField.InfinitePlace.Completion (3.3s)
✔ [8812/9243] Built Mathlib.Probability.Independence.CharacteristicFunction (6.5s)
✔ [8813/9243] Built Mathlib.NumberTheory.NumberField.Completion.LiesOverInstances (3.7s)
✔ [8814/9243] Built Mathlib.Probability.Kernel.Disintegration.Density (5.4s)
✔ [8815/9243] Built Mathlib.NumberTheory.NumberField.CanonicalEmbedding.Basic (14s)
✔ [8816/9243] Built Mathlib.NumberTheory.NumberField.Cyclotomic.Embeddings (3.6s)
✔ [8817/9243] Built Mathlib.Analysis.Meromorphic.Complex (3.3s)
✔ [8818/9243] Built Mathlib.Analysis.MellinInversion (4.2s)
✔ [8819/9243] Built Mathlib.Probability.Distributions.Beta (4.0s)
✔ [8820/9243] Built Mathlib.Analysis.SpecialFunctions.Gamma.Deligne (4.2s)
✔ [8821/9243] Built Mathlib.Analysis.SpecialFunctions.RegularizedHypergeometric (5.4s)
✔ [8822/9243] Built Mathlib.NumberTheory.Height.NumberField (8.1s)
✔ [8823/9243] Built Mathlib.Analysis.CStarAlgebra.SpecialFunctions.PosPart (4.9s)
✔ [8824/9243] Built Mathlib.Analysis.InnerProductSpace.StarOrder (5.0s)
✔ [8825/9243] Built Mathlib.Probability.Moments.MGFAnalytic (4.6s)
✔ [8826/9243] Built Mathlib.Analysis.Complex.ValueDistribution.CharacteristicFunction (3.9s)
✔ [8827/9243] Built Mathlib.Analysis.Complex.ValueDistribution.LogCounting.Asymptotic (5.6s)
✔ [8828/9243] Built Mathlib.Probability.BorelCantelli (4.2s)
✔ [8829/9243] Built Mathlib.NumberTheory.NumberField.Completion.Ramification (4.8s)
✔ [8830/9243] Built Mathlib.MeasureTheory.Measure.LevyConvergence (7.2s)
✔ [8831/9243] Built Mathlib.Probability.Kernel.Disintegration.StandardBorel (5.0s)
✔ [8832/9243] Built Mathlib.Probability.Kernel.RadonNikodym (5.4s)
✔ [8833/9243] Built Mathlib.NumberTheory.NumberField.EquivReindex (4.9s)
✔ [8834/9243] Built Mathlib.NumberTheory.NumberField.InfiniteAdeleRing (5.9s)
✔ [8835/9243] Built Mathlib.NumberTheory.LSeries.MellinEqDirichlet (5.7s)
✔ [8836/9243] Built Mathlib.NumberTheory.NumberField.CanonicalEmbedding.ConvexBody (9.2s)
✔ [8837/9243] Built Mathlib.NumberTheory.NumberField.CanonicalEmbedding.PolarCoord (7.8s)
✔ [8838/9243] Built Mathlib.Analysis.Distribution.SchwartzSpace.Basic (39s)
✔ [8839/9243] Built Mathlib.Probability.Moments.Tilted (5.6s)
✔ [8840/9243] Built Mathlib.NumberTheory.Harmonic.GammaDeriv (8.6s)
✔ [8841/9243] Built Mathlib.Analysis.Complex.ValueDistribution.FirstMainTheorem (5.1s)
✔ [8842/9243] Built Mathlib.Probability.Distributions.Gaussian.Real (8.1s)
✔ [8843/9243] Built Mathlib.Probability.CramerWold (4.3s)
✔ [8844/9243] Built Mathlib.Analysis.Complex.ValueDistribution.Cartan (5.2s)
✔ [8845/9243] Built Mathlib.Probability.Kernel.Composition.AbsolutelyContinuous (4.3s)
✔ [8846/9243] Built Mathlib.Analysis.CStarAlgebra.ContinuousFunctionalCalculus.Order (19s)
✔ [8847/9243] Built Mathlib.Probability.Kernel.Disintegration.Integral (5.0s)
✔ [8848/9243] Built Mathlib.NumberTheory.NumberField.AdeleRing (5.2s)
✔ [8849/9243] Built Mathlib.NumberTheory.NumberField.House (6.8s)
✔ [8850/9243] Built Mathlib.Analysis.SpecialFunctions.Gamma.Digamma (5.5s)
✔ [8851/9243] Built Mathlib.Probability.Kernel.Composition.RadonNikodym (4.9s)
✔ [8852/9243] Built Mathlib.Probability.Kernel.CompProdEqIff (4.1s)
✔ [8853/9243] Built Mathlib.NumberTheory.NumberField.Units.DirichletTheorem (7.9s)
✔ [8854/9243] Built Mathlib.NumberTheory.NumberField.Discriminant.Basic (9.0s)
✔ [8855/9243] Built Mathlib.NumberTheory.ModularForms.LFunction (9.8s)
✔ [8856/9243] Built Mathlib.Probability.CentralLimitTheorem (8.0s)
✔ [8857/9243] Built Mathlib.Probability.Distributions.Gaussian.Basic (8.3s)
✔ [8858/9243] Built Mathlib.Analysis.Distribution.SchwartzSpace.Deriv (10s)
✔ [8859/9243] Built Mathlib.Analysis.CStarAlgebra.PositiveLinearMap (4.4s)
✔ [8860/9243] Built Mathlib.Analysis.CStarAlgebra.Projection (3.9s)
✔ [8861/9243] Built Mathlib.Analysis.CStarAlgebra.Unitary.Connected (6.5s)
✔ [8862/9243] Built Mathlib.Analysis.CStarAlgebra.Module.Defs (6.4s)
✔ [8863/9243] Built Mathlib.Analysis.CStarAlgebra.Hom (5.4s)
✔ [8864/9243] Built Mathlib.Analysis.CStarAlgebra.Unitary.Span (6.2s)
✔ [8865/9243] Built Mathlib.Probability.Kernel.Disintegration.Unique (3.7s)
✔ [8866/9243] Built Mathlib.Probability.Kernel.Posterior (4.3s)
✔ [8867/9243] Built Mathlib.MeasureTheory.Measure.Decomposition.IntegralRNDeriv (5.3s)
✔ [8868/9243] Built Mathlib.Analysis.CStarAlgebra.Extreme (9.4s)
✔ [8869/9243] Built Mathlib.NumberTheory.NumberField.Units.Regulator (5.6s)
✔ [8870/9243] Built Mathlib.NumberTheory.NumberField.ClassNumber (5.6s)
✔ [8871/9243] Built Mathlib.Analysis.CStarAlgebra.GelfandNaimarkSegal (16s)
✔ [8872/9243] Built Mathlib.Probability.Distributions.Gaussian.HasGaussianLaw.Def (4.3s)
✔ [8873/9243] Built Mathlib.Analysis.SpecialFunctions.ContinuousFunctionalCalculus.Rpow.RingInverseOrder (15s)
✔ [8874/9243] Built Mathlib.NumberTheory.NumberField.CanonicalEmbedding.FundamentalCone (8.3s)
✔ [8875/9243] Built Mathlib.Probability.Distributions.Gaussian.Fernique (6.6s)
✔ [8876/9243] Built Mathlib.Analysis.CStarAlgebra.ApproximateUnit (13s)
✔ [8877/9243] Built Mathlib.NumberTheory.NumberField.Discriminant.Different (8.5s)
✔ [8878/9243] Built Mathlib.Probability.Kernel.CondDistrib (5.5s)
✔ [8879/9243] Built Mathlib.Probability.Decision.BayesEstimator (3.8s)
✔ [8880/9243] Built Mathlib.MeasureTheory.Function.ConditionalExpectation.RadonNikodym (3.9s)
✔ [8881/9243] Built Mathlib.InformationTheory.KullbackLeibler.KLFun (4.3s)
✔ [8882/9243] Built Mathlib.Probability.Distributions.Gaussian.IsGaussianProcess.Def (4.1s)
✔ [8883/9243] Built Mathlib.Analysis.CStarAlgebra.Module.Constructions (9.7s)
✔ [8884/9243] Built Mathlib.Analysis.CStarAlgebra.Commutative.PosPart (12s)
✔ [8885/9243] Built Mathlib.Probability.Distributions.Gaussian.HasGaussianLaw.Basic (7.5s)
✔ [8886/9243] Built Mathlib.NumberTheory.NumberField.CanonicalEmbedding.NormLeOne (9.9s)
✔ [8887/9243] Built Mathlib.Probability.Distributions.Gaussian.CharFun (8.5s)
✔ [8888/9243] Built Mathlib.Analysis.Distribution.SchwartzSpace.Fourier (16s)
✔ [8889/9243] Built Mathlib.NumberTheory.NumberField.ExistsRamified (7.0s)
✔ [8890/9243] Built Mathlib.NumberTheory.NumberField.CMField (12s)
✔ [8891/9243] Built Mathlib.Analysis.CStarAlgebra.PositiveLinearFunctional (9.5s)
✔ [8892/9243] Built Mathlib.Probability.Kernel.Condexp (5.5s)
✔ [8893/9243] Built Mathlib.InformationTheory.KullbackLeibler.Basic (5.5s)
✔ [8894/9243] Built Mathlib.Analysis.InnerProductSpace.StandardSubspace (6.7s)
✔ [8895/9243] Built Mathlib.Probability.Distributions.Gaussian.IsGaussianProcess.Basic (6.5s)
✔ [8896/9243] Built Mathlib.Probability.Kernel.IonescuTulcea.Traj (8.7s)
✔ [8897/9243] Built Mathlib.NumberTheory.NumberField.Cyclotomic.Basic (16s)
✔ [8898/9243] Built Mathlib.Analysis.Fourier.PoissonSummation (4.8s)
✔ [8899/9243] Built Mathlib.NumberTheory.NumberField.Ideal.Asymptotics (11s)
✔ [8900/9243] Built Mathlib.Probability.Independence.Conditional (7.7s)
✔ [8901/9243] Built Mathlib.Analysis.SpecialFunctions.ContinuousFunctionalCalculus.Rpow.IntegralRepresentation (24s)
✔ [8902/9243] Built Mathlib.InformationTheory.KullbackLeibler.ChainRule (4.8s)
✔ [8903/9243] Built Mathlib.Analysis.Fourier.Convolution (9.9s)
✔ [8904/9243] Built Mathlib.Analysis.CStarAlgebra.CStarMatrix (17s)
✔ [8905/9243] Built Mathlib.Probability.Moments.SubGaussian (8.3s)
✔ [8906/9243] Built Mathlib.Probability.ProductMeasure (6.3s)
✔ [8907/9243] Built Mathlib.NumberTheory.NumberField.Cyclotomic.PID (4.4s)
✔ [8908/9243] Built Mathlib.Probability.Distributions.Gaussian.HasGaussianLaw.Independence (17s)
✔ [8909/9243] Built Mathlib.Probability.Distributions.Gaussian.Multivariate (15s)
✔ [8910/9243] Built Mathlib.Analysis.SpecialFunctions.Gaussian.PoissonSummation (4.0s)
✔ [8911/9243] Built Mathlib.NumberTheory.NumberField.DedekindZeta (3.6s)
✔ [8912/9243] Built Mathlib.NumberTheory.NumberField.Cyclotomic.Three (5.7s)
✔ [8913/9243] Built Mathlib.Probability.Independence.ZeroOne (3.9s)
✔ [8914/9243] Built Mathlib.InformationTheory.KullbackLeibler.DataProcessing (3.9s)
✔ [8915/9243] Built Mathlib.Analysis.Distribution.TemperedDistribution (18s)
✔ [8916/9243] Built Mathlib.Probability.Distributions.SetBernoulli (4.0s)
✔ [8917/9243] Built Mathlib.Analysis.SpecialFunctions.ContinuousFunctionalCalculus.Rpow.Order (5.1s)
✔ [8918/9243] Built Mathlib.Analysis.CStarAlgebra.CompletelyPositiveMap (5.2s)
✔ [8919/9243] Built Mathlib.Probability.Independence.InfinitePi (3.8s)
✔ [8920/9243] Built Mathlib.Probability.Independence.Process.HasIndepIncrements.IsGaussianProcess (3.9s)
✔ [8921/9243] Built Mathlib.NumberTheory.NumberField.Cyclotomic.Ideal (9.3s)
✔ [8922/9243] Built Mathlib.Probability.Distributions.Gaussian.IsGaussianProcess.Independence (4.3s)
✔ [8923/9243] Built Mathlib.Probability.BrownianMotion.GaussianProjectiveFamily (3.9s)
✔ [8924/9243] Built Mathlib.Probability.Combinatorics.BinomialRandomGraph.Defs (3.8s)
✔ [8925/9243] Built Mathlib.NumberTheory.ModularForms.JacobiTheta.TwoVariable (5.8s)
✔ [8926/9243] Built Mathlib.Probability.IdentDistribIndep (3.9s)
✔ [8927/9243] Built Mathlib.Analysis.Distribution.Support (5.7s)
✔ [8928/9243] Built Mathlib.Probability.HasLawExists (3.7s)
✔ [8929/9243] Built Mathlib.Probability.Distributions.Binomial (5.9s)
✔ [8930/9243] Built Mathlib.NumberTheory.FLT.Three (7.9s)
✔ [8931/9243] Built Mathlib.Analysis.Distribution.FourierMultiplier (7.3s)
✔ [8932/9243] Built Mathlib.Analysis.SpecialFunctions.ContinuousFunctionalCalculus.ExpLog.Order (6.5s)
✔ [8933/9243] Built Mathlib.NumberTheory.ModularForms.JacobiTheta.OneVariable (3.3s)
✔ [8934/9243] Built Mathlib.NumberTheory.NumberField.Ideal.Basic (4.5s)
✔ [8935/9243] Built Mathlib.NumberTheory.ModularForms.JacobiTheta.Bounds (3.7s)
✔ [8936/9243] Built Mathlib.Probability.BrownianMotion.Basic (4.8s)
✔ [8937/9243] Built Mathlib.Probability.Distributions.Poisson.PoissonLimitThm (3.2s)
✔ [8938/9243] Built Mathlib.Probability.ProbabilityMassFunction.Binomial (3.1s)
✔ [8939/9243] Built Mathlib.Analysis.Fourier.LpSpace (9.7s)
✔ [8940/9243] Built Mathlib.NumberTheory.ModularForms.JacobiTheta.Manifold (2.1s)
✔ [8941/9243] Built Mathlib.NumberTheory.NumberField.Cyclotomic.Galois (3.9s)
✔ [8942/9243] Built Mathlib.NumberTheory.LSeries.HurwitzZetaOdd (4.0s)
✔ [8943/9243] Built Mathlib.NumberTheory.LSeries.HurwitzZetaEven (4.4s)
✔ [8944/9243] Built Mathlib.Analysis.Distribution.Sobolev (5.4s)
✔ [8945/9243] Built Mathlib.NumberTheory.LSeries.HurwitzZeta (2.1s)
✔ [8946/9243] Built Mathlib.NumberTheory.LSeries.RiemannZeta (2.1s)
✔ [8947/9243] Built Mathlib.NumberTheory.LSeries.HurwitzZetaValues (3.0s)
✔ [8948/9243] Built Mathlib.NumberTheory.LSeries.Dirichlet (3.1s)
✔ [8949/9243] Built Mathlib.NumberTheory.ModularForms.EisensteinSeries.E2.Defs (3.1s)
✔ [8950/9243] Built Mathlib.NumberTheory.LSeries.ZMod (3.0s)
✔ [8951/9243] Built Mathlib.NumberTheory.LSeries.RiemannZetaLogDeriv (4.2s)
✔ [8952/9243] Built Mathlib.Analysis.FunctionalSpaces.BesselPotentialSpace (7.9s)
✔ [8953/9243] Built Mathlib.NumberTheory.EulerProduct.DirichletLSeries (3.5s)
✔ [8954/9243] Built Mathlib.NumberTheory.LSeries.DirichletContinuation (2.6s)
✔ [8955/9243] Built Mathlib.NumberTheory.Harmonic.ZetaAsymp (7.4s)
✔ [8956/9243] Built Mathlib.NumberTheory.ModularForms.EisensteinSeries.QExpansion (8.4s)
✔ [8957/9243] Built Mathlib.NumberTheory.LSeries.Nonvanishing (2.6s)
✔ [8958/9243] Built Mathlib.NumberTheory.LSeries.ZetaZeros (2.1s)
✔ [8959/9243] Built Mathlib.NumberTheory.LSeries.PrimesInAP (2.7s)
✔ [8960/9243] Built Mathlib.NumberTheory.ModularForms.EisensteinSeries.E2.Summable (6.9s)
✔ [8961/9243] Built Mathlib.NumberTheory.ModularForms.EisensteinSeries.E2.Transform (2.7s)
✔ [8962/9243] Built Mathlib.NumberTheory.ModularForms.DedekindEta (2.9s)
✔ [8963/9243] Built Mathlib.NumberTheory.ModularForms.Delta (1.9s)
✔ [8964/9243] Built Mathlib.NumberTheory.ModularForms.EisensteinSeries.E2.MDifferentiable (2.1s)
✔ [8965/9243] Built Mathlib.NumberTheory.ModularForms.Discriminant (2.9s)
✔ [8966/9243] Built Mathlib.NumberTheory.ModularForms.Derivative (3.1s)
✔ [8967/9243] Built Mathlib.NumberTheory.ModularForms.LevelOne.DimensionFormula (3.1s)
✔ [8968/9243] Built Mathlib.NumberTheory.ModularForms.DimensionFormulas.LevelOne (2.0s)
✔ [8969/9243] Built Mathlib.NumberTheory.ModularForms.LevelOne.GradedRing (2.4s)
✔ [8970/9243] Built Mathlib.NumberTheory.ModularForms.RamanujanFormula (2.7s)
✔ [8971/9243] Built Mathlib (4.7s)
✔ [8972/9243] Built CanonicalRoots.EnvironmentCheck (10s)
⚠ [8973/9243] Built CanonicalRoots.PolynomialPoleJets (11s)
warning: CanonicalRoots/PolynomialPoleJets.lean:29:15: This simp argument is unused:
  eval_sub

Hint: Omit it from the simp argument list.
  [apply] simp only [eval_neg, eval_zero, eval_mul, eval_C, eval_pow, eval_X, zero_sub, Nat.cast_add, Nat.cast_one,
    pow_succ]

Note: This linter can be disabled with `set_option linter.unusedSimpArgs false`
warning: CanonicalRoots/PolynomialPoleJets.lean:29:35: This simp argument is unused:
  eval_zero

Hint: Omit it from the simp argument list.
  [apply] simp only [eval_sub, eval_neg, eval_mul, eval_C, eval_pow, eval_X, zero_sub, Nat.cast_add, Nat.cast_one,
    pow_succ]

Note: This linter can be disabled with `set_option linter.unusedSimpArgs false`
✔ [8974/9243] Built CanonicalRoots.DisplayVariableOrder (11s)
⚠ [8975/9243] Built CanonicalRoots.PeriodicPowerSeries (11s)
warning: CanonicalRoots/PeriodicPowerSeries.lean:45:6: This simp argument is unused:
  ite_eq_left

Hint: Omit it from the simp argument list.
  [apply] simp only [show 1 ≤ m + 2 by omega, show 2 ≤ m + 2 by omega, show m + 2 - 2 = m by omega,
    show m + 2 - 1 = m + 1 by omega, show m + 2 ≠ 1 by omega, ↓reduceIte, Nat.cast_add, Nat.cast_one, Nat.cast_ofNat]

Note: This linter can be disabled with `set_option linter.unusedSimpArgs false`
warning: CanonicalRoots/PeriodicPowerSeries.lean:46:71: This simp argument is unused:
  Nat.cast_ofNat

Hint: Omit it from the simp argument list.
  [apply] simp only [show 1 ≤ m + 2 by omega, show 2 ≤ m + 2 by omega, ite_eq_left, show m + 2 - 2 = m by omega,
    show m + 2 - 1 = m + 1 by omega, show m + 2 ≠ 1 by omega, ↓reduceIte, Nat.cast_add, Nat.cast_one]

Note: This linter can be disabled with `set_option linter.unusedSimpArgs false`
⚠ [8976/9243] Built CanonicalRoots.Semantics (12s)
warning: CanonicalRoots/Semantics.lean:69:6: try 'simp' instead of 'simpa'

Note: This linter can be disabled with `set_option linter.unnecessarySimpa false`
warning: CanonicalRoots/Semantics.lean:71:4: try 'simp' instead of 'simpa'

Note: This linter can be disabled with `set_option linter.unnecessarySimpa false`
⚠ [8977/9243] Built CanonicalRoots.CoxIdentities (14s)
warning: CanonicalRoots/CoxIdentities.lean:29:61: Used `tac1 <;> tac2` where `(tac1; tac2)` would suffice

Note: This linter can be disabled with `set_option linter.unnecessarySeqFocus false`
✔ [8978/9243] Built CanonicalRoots.HypersurfacePoleValue (9.1s)
✔ [8979/9243] Built CanonicalRoots.FermatMonomialReduction (8.1s)
✔ [8980/9243] Built CanonicalRoots.Counterexamples (8.4s)
✔ [8981/9243] Built CanonicalRoots.AmbientBasis (8.5s)
✔ [8982/9243] Built CanonicalRoots.Target (8.0s)
✔ [8983/9243] Built CanonicalRoots.CoxDegrees (7.6s)
✔ [8984/9243] Built CanonicalRoots.ExponentBound (11s)
✔ [8985/9243] Built CanonicalRoots.BoundedAmbientInjection (10s)
✔ [8986/9243] Built CanonicalRoots.IsolatedAxisSupport (11s)
✔ [8987/9243] Built CanonicalRoots.PolynomialCoordinatePermutation (11s)
⚠ [8988/9243] Built CanonicalRoots.EquationSemantics (11s)
warning: CanonicalRoots/EquationSemantics.lean:27:26: This simp argument is unused:
  List.getD_eq_getElem

Hint: Omit it from the simp argument list.
  [apply] simp [equationExponent, i.isLt]

Note: This linter can be disabled with `set_option linter.unusedSimpArgs false`
warning: CanonicalRoots/EquationSemantics.lean:27:48: This simp argument is unused:
  i.isLt

Hint: Omit it from the simp argument list.
  [apply] simp [equationExponent, List.getD_eq_getElem]

Note: This linter can be disabled with `set_option linter.unusedSimpArgs false`
⚠ [8989/9243] Built CanonicalRoots.ShiftedPolynomialHom (11s)
warning: CanonicalRoots/ShiftedPolynomialHom.lean:35:30: Used `tac1 <;> tac2` where `(tac1; tac2)` would suffice

Note: This linter can be disabled with `set_option linter.unnecessarySeqFocus false`
warning: CanonicalRoots/ShiftedPolynomialHom.lean:54:31: This simp argument is unused:
  Finsupp.sum

Hint: Omit it from the simp argument list.
  [apply] simp [Finsupp.weight_eq_sum, nsmul_eq_mul]

Note: This linter can be disabled with `set_option linter.unusedSimpArgs false`
warning: CanonicalRoots/ShiftedPolynomialHom.lean:54:44: This simp argument is unused:
  nsmul_eq_mul

Hint: Omit it from the simp argument list.
  [apply] simp [Finsupp.weight_eq_sum, Finsupp.sum]

Note: This linter can be disabled with `set_option linter.unusedSimpArgs false`
warning: CanonicalRoots/ShiftedPolynomialHom.lean:82:72: Used `tac1 <;> tac2` where `(tac1; tac2)` would suffice

Note: This linter can be disabled with `set_option linter.unnecessarySeqFocus false`
✔ [8990/9243] Built CanonicalRoots.OriginCotangent (11s)
✔ [8991/9243] Built CanonicalRoots.WeightedHypersurfacePieces (12s)
✔ [8992/9243] Built CanonicalRoots.MonicPresentedBasis (12s)
⚠ [8993/9243] Built CanonicalRoots.RationalDegree (12s)
warning: CanonicalRoots/RationalDegree.lean:14:28: This simp argument is unused:
  Pi.single_apply

Hint: Omit it from the simp argument list.
  [apply] simp [freeRationalDegree]

Note: This linter can be disabled with `set_option linter.unusedSimpArgs false`
✔ [8994/9243] Built CanonicalRoots.RootExample (8.8s)
✔ [8995/9243] Built CanonicalRoots.Candidates (9.4s)
✔ [8996/9243] Built CanonicalRoots.ThreeAxisPatterns (10s)
⚠ [8997/9243] Built CanonicalRoots.TernaryLineSlice (10s)
warning: CanonicalRoots/TernaryLineSlice.lean:55:37: Try `simp at hr` instead of `simpa using hr`

Note: This linter can be disabled with `set_option linter.unnecessarySimpa false`
warning: CanonicalRoots/TernaryLineSlice.lean:63:39: This simp argument is unused:
  Ne.symm hr0

Hint: Omit it from the simp argument list.
  [apply] simp [hc, Polynomial.coeff_C, hr0] at this

Note: This linter can be disabled with `set_option linter.unusedSimpArgs false`
✔ [8998/9243] Built CanonicalRoots.HypersurfaceCanonicalGrading (11s)
✔ [8999/9243] Built CanonicalRoots.QuotientCotangent (10s)
✔ [9000/9243] Built CanonicalRoots.PolynomialPointCompletion (11s)
✔ [9001/9243] Built CanonicalRoots.GradedRoot (10s)
✔ [9002/9243] Built CanonicalRoots.DegreeNormalForm (11s)
✔ [9003/9243] Built CanonicalRoots.AmbientGrading (14s)
⚠ [9004/9243] Built CanonicalRoots.HigherArithmetic (10s)
warning: CanonicalRoots/HigherArithmetic.lean:126:31: `if_pos` has been deprecated: Use `ite_eq_left` instead
warning: CanonicalRoots/HigherArithmetic.lean:134:33: `if_pos` has been deprecated: Use `ite_eq_left` instead
warning: CanonicalRoots/HigherArithmetic.lean:146:33: `if_pos` has been deprecated: Use `ite_eq_left` instead
warning: CanonicalRoots/HigherArithmetic.lean:146:45: `if_neg` has been deprecated: Use `ite_eq_right` instead
warning: CanonicalRoots/HigherArithmetic.lean:219:66: `if_pos` has been deprecated: Use `ite_eq_left` instead
warning: CanonicalRoots/HigherArithmetic.lean:234:24: `if_pos` has been deprecated: Use `ite_eq_left` instead
warning: CanonicalRoots/HigherArithmetic.lean:234:36: `if_neg` has been deprecated: Use `ite_eq_right` instead
warning: CanonicalRoots/HigherArithmetic.lean:259:31: `if_pos` has been deprecated: Use `ite_eq_left` instead
warning: CanonicalRoots/HigherArithmetic.lean:267:33: `if_pos` has been deprecated: Use `ite_eq_left` instead
warning: CanonicalRoots/HigherArithmetic.lean:280:33: `if_pos` has been deprecated: Use `ite_eq_left` instead
warning: CanonicalRoots/HigherArithmetic.lean:280:45: `if_neg` has been deprecated: Use `ite_eq_right` instead
✔ [9005/9243] Built CanonicalRoots.IdealCotangentEquiv (9.0s)
⚠ [9006/9243] Built CanonicalRoots.IsolatedCoordinatePlane (10s)
warning: CanonicalRoots/IsolatedCoordinatePlane.lean:19:8: This simp argument is unused:
  pderiv_mul

Hint: Omit it from the simp argument list.
  [apply] simp [hz, hg]

Note: This linter can be disabled with `set_option linter.unusedSimpArgs false`
✔ [9007/9243] Built CanonicalRoots.AugmentationCotangentSpan (10s)
✔ [9008/9243] Built CanonicalRoots.PresentedCotangent (10s)
✔ [9009/9243] Built CanonicalRoots.AugmentationCotangentEquiv (9.9s)
✔ [9010/9243] Built CanonicalRoots.PolynomialDiagonalAction (9.9s)
✔ [9011/9243] Built CanonicalRoots.DegreeUniversal (9.9s)
✔ [9012/9243] Built CanonicalRoots.MonomialNormalForm (7.9s)
✔ [9013/9243] Built CanonicalRoots.RootArithmetic (7.7s)
✔ [9014/9243] Built CanonicalRoots.HigherEnumerationNodup (9.5s)
✔ [9015/9243] Built CanonicalRoots.TernaryPlaneArithmetic (10s)
✔ [9016/9243] Built CanonicalRoots.AmbientPieceBasis (10s)
✔ [9017/9243] Built CanonicalRoots.PresentedCotangentCoordinates (10s)
✔ [9018/9243] Built CanonicalRoots.GradedCotangentGeneration (10s)
✔ [9019/9243] Built CanonicalRoots.MinimalGenerators (10s)
✔ [9020/9243] Built CanonicalRoots.DegreeReindex (9.0s)
✔ [9021/9243] Built CanonicalRoots.PolynomialCompletionEquivariance (11s)
⚠ [9022/9243] Built CanonicalRoots.RootCoordinateCongruence (8.5s)
warning: CanonicalRoots/RootCoordinateCongruence.lean:53:4: This simp argument is unused:
  nsmul_sub

Hint: Omit it from the simp argument list.
  [apply] simp [Finsupp.weight_eq_sum, degreeCoordinateDifference, coordinateDifferenceDegrees, Finset.sum_sub_distrib,
    Pi.single_apply, nsmul_eq_mul, mul_sub, mul_ite]

Note: This linter can be disabled with `set_option linter.unusedSimpArgs false`
⚠ [9023/9243] Built CanonicalRoots.RootWitnessArithmetic (7.9s)
warning: CanonicalRoots/RootWitnessArithmetic.lean:50:25: Used `tac1 <;> tac2` where `(tac1; tac2)` would suffice

Note: This linter can be disabled with `set_option linter.unnecessarySeqFocus false`
⚠ [9024/9243] Built CanonicalRoots.BranchedAxisSupport (8.6s)
warning: CanonicalRoots/BranchedAxisSupport.lean:52:4: Try `simp at hm` instead of `simpa using hm`

Note: This linter can be disabled with `set_option linter.unnecessarySimpa false`
✔ [9025/9243] Built CanonicalRoots.HilbertPieces (8.0s)
✔ [9026/9243] Built CanonicalRoots.HigherRealization (9.7s)
✔ [9027/9243] Built CanonicalRoots.LocalCotangent (8.3s)
✔ [9028/9243] Built CanonicalRoots.AmbientReindex (7.6s)
✔ [9029/9243] Built CanonicalRoots.RootWitnessSemantics (6.4s)
✔ [9030/9243] Built CanonicalRoots.NumericAxisWeights (8.8s)
✔ [9031/9243] Built CanonicalRoots.HigherSignatureList (9.2s)
✔ [9032/9243] Built CanonicalRoots.HigherDisplayData (9.4s)
✔ [9033/9243] Built CanonicalRoots.CoprimeDegree (9.5s)
✔ [9034/9243] Built CanonicalRoots.RootHilbert (10s)
✔ [9035/9243] Built CanonicalRoots.HypersurfaceNonregular (10s)
✔ [9036/9243] Built CanonicalRoots.RootReindex (10s)
⚠ [9037/9243] Built CanonicalRoots.BoundedMonomialBasis (10s)
warning: CanonicalRoots/BoundedMonomialBasis.lean:10:37: try 'simp' instead of 'simpa'

Note: This linter can be disabled with `set_option linter.unnecessarySimpa false`
✔ [9038/9243] Built CanonicalRoots.CoxWeightProportional (8.1s)
✔ [9039/9243] Built CanonicalRoots.CoprimeDegreeEquiv (10s)
✔ [9040/9243] Built CanonicalRoots.CanonicalResidueFourier (9.0s)
✔ [9041/9243] Built CanonicalRoots.RootEventualNonvanishing (10s)
✔ [9042/9243] Built CanonicalRoots.PowerBoxBasis (11s)
✔ [9043/9243] Built CanonicalRoots.TargetReindex (10s)
✔ [9044/9243] Built CanonicalRoots.GradedEquivComposition (10s)
✔ [9045/9243] Built CanonicalRoots.PolynomialPointCotangent (10s)
✔ [9046/9243] Built CanonicalRoots.FermatCompletedBranch (11s)
✔ [9047/9243] Built CanonicalRoots.AugmentationLocalEquiv (7.9s)
✔ [9048/9243] Built CanonicalRoots.CyclicQuotientSingularity (9.7s)
✔ [9049/9243] Built CanonicalRoots.LocalCompletion (10s)
⚠ [9050/9243] Built CanonicalRoots.MonicQuotientBasis (11s)
warning: CanonicalRoots/MonicQuotientBasis.lean:46:59: This simp argument is unused:
  AdjoinRoot.powerBasis'_gen

Hint: Omit it from the simp argument list.
  [apply] simp only [Algebra.smul_def, AdjoinRoot.algebraMap_eq, AdjoinRoot.of, RingHom.comp_apply, map_mul, map_pow,
    AdjoinRoot.mk_X]

Note: This linter can be disabled with `set_option linter.unusedSimpArgs false`
✔ [9051/9243] Built CanonicalRoots.TernaryHilbertTail (10s)
✔ [9052/9243] Built CanonicalRoots.CoordinateFourierPeriod (11s)
✔ [9053/9243] Built CanonicalRoots.PrimitiveWeights (10s)
✔ [9054/9243] Built CanonicalRoots.PermutedRootMonomials (11s)
✔ [9055/9243] Built CanonicalRoots.RootBox (11s)
✔ [9056/9243] Built CanonicalRoots.PresentedGradedRename (10s)
✔ [9057/9243] Built Certificates (67s)
✔ [9059/9243] Built CanonicalRoots.PresentedGradedOrigin (8.2s)
✔ [9060/9243] Built CanonicalRoots.CotangentJacobianBound (8.8s)
✔ [9061/9243] Built CanonicalRoots.LocalCompletionNaturality (9.6s)
✔ [9062/9243] Built CanonicalRoots.RootPeriodFourier (9.5s)
✔ [9063/9243] Built CanonicalRoots.TernaryHilbertPeriodComparison (9.9s)
✔ [9064/9243] Built CanonicalRoots.CyclicMonomialEmbedding (10s)
✔ [9065/9243] Built CanonicalRoots.FiniteSumFiber (9.4s)
✔ [9066/9243] Built CanonicalRoots.BoxCoordinates (9.5s)
⚠ [9067/9243] Built CanonicalRoots.HigherEquationSemantics (8.8s)
warning: CanonicalRoots/HigherEquationSemantics.lean:28:23: This simp argument is unused:
  Function.comp_apply

Hint: Omit it from the simp argument list.
  [apply] simp only [List.getElem_ofFn, higherCoordinateWeight_eq_productWeights ps.get hp, Int.toNat_natCast]

Note: This linter can be disabled with `set_option linter.unusedSimpArgs false`
warning: CanonicalRoots/HigherEquationSemantics.lean:43:8: This simp argument is unused:
  Finsupp.mapDomain_equiv_apply

Hint: Omit it from the simp argument list.
  [apply] simp [Finsupp.single_apply, Equiv.eq_symm_apply, Equiv.symm_apply_eq, apply_ite, eq_comm]

Note: This linter can be disabled with `set_option linter.unusedSimpArgs false`
warning: CanonicalRoots/HigherEquationSemantics.lean:44:4: This simp argument is unused:
  Equiv.symm_apply_eq

Hint: Omit it from the simp argument list.
  [apply] simp [Finsupp.mapDomain_equiv_apply, Finsupp.single_apply, Equiv.eq_symm_apply, apply_ite, eq_comm]

Note: This linter can be disabled with `set_option linter.unusedSimpArgs false`
✔ [9068/9243] Built CanonicalRoots.GradedWeightInvariance (6.7s)
✔ [9069/9243] Built CanonicalRoots.RootMonomialBasis (12s)
✔ [9070/9243] Built CanonicalRoots.RootPeriodSignatureProfile (5.6s)
✔ [9071/9243] Built CanonicalRoots.CyclicPlaneInvariants (6.2s)
⚠ [9072/9243] Built CanonicalRoots.HigherEquationArity (5.4s)
warning: CanonicalRoots/HigherEquationArity.lean:20:10: This simp argument is unused:
  List.get_ofFn

Hint: Omit it from the simp argument list.
  [apply] simp [finCongr]

Note: This linter can be disabled with `set_option linter.unusedSimpArgs false`
✔ [9073/9243] Built CanonicalRoots.RootResidueClasses (6.4s)
✔ [9074/9243] Built CanonicalRoots.BasisRegroup (5.4s)
✔ [9075/9243] Built CanonicalRoots.RootPeriodicSignatureRecovery (6.3s)
⚠ [9076/9243] Built CanonicalRoots.WeightedSignatureMass (6.2s)
warning: CanonicalRoots/WeightedSignatureMass.lean:20:44: This simp argument is unused:
  smul_eq_mul

Hint: Omit it from the simp argument list.
  [apply] simp only [Finsupp.sum, Finset.mul_sum]

Note: This linter can be disabled with `set_option linter.unusedSimpArgs false`
✔ [9077/9243] Built CanonicalRoots.HigherEquationRealization (5.9s)
✔ [9078/9243] Built CanonicalRoots.CyclicInvariantLocal (6.3s)
✔ [9079/9243] Built CanonicalRoots.RootBoxParameters (6.1s)
✔ [9080/9243] Built CanonicalRoots.RootPowerAction (5.2s)
✔ [9081/9243] Built CanonicalRoots.RootFiniteFree (6.2s)
✔ [9082/9243] Built CanonicalRoots.CanonicalFiniteFree (5.7s)
✔ [9083/9243] Built CanonicalRoots.CoprimeRootScale (7.6s)
✔ [9084/9243] Built CanonicalRoots.RootBoxCardinality (7.8s)
✔ [9085/9243] Built CanonicalRoots.RootDegreeQuotient (7.9s)
✔ [9086/9243] Built CanonicalRoots.RootDimension (8.0s)
✔ [9087/9243] Built CanonicalRoots.RootBoxHilbert (9.2s)
✔ [9088/9243] Built CanonicalRoots.RootHilbertSeries (5.0s)
✔ [9089/9243] Built CanonicalRoots.AmbientCharacterAction (6.4s)
✔ [9090/9243] Built CanonicalRoots.HypersurfaceDimensionInjection (5.6s)
✔ [9091/9243] Built CanonicalRoots.RootBoxPolynomial (5.0s)
✔ [9092/9243] Built CanonicalRoots.WeightedPolynomialHilbert (6.2s)
✔ [9093/9243] Built CanonicalRoots.RootHilbertRational (6.4s)
✔ [9094/9243] Built CanonicalRoots.RootInvariants (6.3s)
⚠ [9095/9243] Built CanonicalRoots.WeightedHypersurfaceHilbert (5.6s)
warning: CanonicalRoots/WeightedHypersurfaceHilbert.lean:40:62: try 'simp' instead of 'simpa'

Note: This linter can be disabled with `set_option linter.unnecessarySimpa false`
✔ [9096/9243] Built CanonicalRoots.CharacterCoordinates (5.7s)
✔ [9097/9243] Built CanonicalRoots.InvariantExtension (6.6s)
⚠ [9098/9243] Built CanonicalRoots.HypersurfaceNumerics (7.5s)
warning: CanonicalRoots/HypersurfaceNumerics.lean:11:2: Try `simp at hc` instead of `simpa using hc`

Note: This linter can be disabled with `set_option linter.unnecessarySimpa false`
✔ [9099/9243] Built CanonicalRoots.TernaryRootSignatureInvariant (7.5s)
✔ [9100/9243] Built CanonicalRoots.RootHilbertPoleNumerator (7.6s)
✔ [9101/9243] Built CanonicalRoots.PointStabilizer (7.6s)
✔ [9102/9243] Built CanonicalRoots.FiniteInvariantFibers (8.0s)
✔ [9103/9243] Built CanonicalRoots.HypersurfaceMultiplicity (8.9s)
✔ [9104/9243] Built CanonicalRoots.TernaryPoleArithmetic (9.2s)
⚠ [9105/9243] Built CanonicalRoots.CanonicalParameter (9.2s)
warning: CanonicalRoots/CanonicalParameter.lean:24:2: Try this: 
  letI̵

The goal is a proposition, so `let` is preferred over `letI`.
The difference between `let` and `letI` is that `letI` inlines the value.
But this is not relevant for proofs because of proof irrelevance.

Note: This linter can be disabled with `set_option linter.style.haveILetI false`
✔ [9106/9243] Built CanonicalRoots.RootPoleComparison (9.1s)
✔ [9107/9243] Built CanonicalRoots.RootSignatureEquivalence (9.3s)
✔ [9108/9243] Built CanonicalRoots.TwoCoordinateStabilizer (9.2s)
✔ [9109/9243] Built CanonicalRoots.PointLocalAction (9.5s)
✔ [9110/9243] Built CanonicalRoots.RootCompletionInvariants (17s)
✔ [9111/9243] Built CanonicalRoots.RootMultiplicityFormula (7.4s)
✔ [9112/9243] Built CanonicalRoots.TargetTernarySupport (7.2s)
✔ [9113/9243] Built CanonicalRoots.TernaryWeightKey (7.9s)
✔ [9114/9243] Built CanonicalRoots.CyclicInvariantExponents (7.7s)
✔ [9115/9243] Built CanonicalRoots.TwoCoordinatePoints (7.9s)
✔ [9116/9243] Built CanonicalRoots.RootPointLocalMap (9.6s)
✔ [9117/9243] Built CanonicalRoots.RootPoleProfile (6.1s)
✔ [9118/9243] Built CanonicalRoots.CyclicCotangentGenerators (6.1s)
✔ [9119/9243] Built CanonicalRoots.FermatFormalChart (6.5s)
✔ [9120/9243] Built CanonicalRoots.RootCompletedAlgebra (13s)
✔ [9121/9243] Built CanonicalRoots.CoprimeRootPurePowers (6.5s)
✔ [9122/9243] Built CanonicalRoots.RootPointOrigin (6.7s)
✔ [9123/9243] Built CanonicalRoots.RootPointFibers (6.8s)
⚠ [9124/9243] Built CanonicalRoots.RootVertexProfile (5.9s)
warning: CanonicalRoots/RootVertexProfile.lean:9:21: Variable name `hw` is not explicitly referenced.

Hint: The binding can be removed (if unused) or named `_` (if used implicitly). Alternatively, prefix the name with `_` to silence this warning:
  [apply] _hw

Note: This linter can be disabled with `set_option linter.unusedVariables false`
✔ [9125/9243] Built CanonicalRoots.FermatFormalChartResidue (5.8s)
✔ [9126/9243] Built CanonicalRoots.HigherPurePowerGeneration (6.0s)
✔ [9127/9243] Built CanonicalRoots.FiniteFiberCompletion (8.2s)
✔ [9128/9243] Built CanonicalRoots.RootPresentationOrigin (7.5s)
✔ [9129/9243] Built CanonicalRoots.TernaryCoordinateSignature (6.4s)
✔ [9130/9243] Built CanonicalRoots.RootMonomialOrigin (8.7s)
✔ [9131/9243] Built CanonicalRoots.FermatCompletedChart (6.1s)
✔ [9132/9243] Built CanonicalRoots.FiniteFiberProjection (6.8s)
✔ [9133/9243] Built CanonicalRoots.RootIsolatedCotangent (7.1s)
✔ [9134/9243] Built CanonicalRoots.RootOriginCotangent (7.2s)
✔ [9135/9243] Built CanonicalRoots.CoordinateSignatureConstraints (6.6s)
✔ [9136/9243] Built CanonicalRoots.RootConnectedGrading (8.2s)
✔ [9137/9243] Built CanonicalRoots.FermatCompletedChartInverse (7.2s)
⚠ [9138/9243] Built CanonicalRoots.BranchedCoordinateData (5.5s)
warning: CanonicalRoots/BranchedCoordinateData.lean:79:50: This simp argument is unused:
  zero_sub

Hint: Omit it from the simp argument list.
  [apply] simp only [hnA, hnC, hdB, ↓reduceIte, sub_zero, zero_add, show Nat.gcd A C = 1 from hAC, hAB, hBC]

Note: This linter can be disabled with `set_option linter.unusedSimpArgs false`
warning: CanonicalRoots/BranchedCoordinateData.lean:79:60: This simp argument is unused:
  zero_add

Hint: Omit it from the simp argument list.
  [apply] simp only [hnA, hnC, hdB, ↓reduceIte, sub_zero, zero_sub, show Nat.gcd A C = 1 from hAC, hAB, hBC]

Note: This linter can be disabled with `set_option linter.unusedSimpArgs false`
✔ [9139/9243] Built CanonicalRoots.RootMonomialCotangentBasis (6.3s)
✔ [9140/9243] Built CanonicalRoots.FermatCompletedChartEquiv (5.7s)
⚠ [9141/9243] Built CanonicalRoots.BranchedOneExclusion (5.5s)
warning: CanonicalRoots/BranchedOneExclusion.lean:6:59: Variable name `hB` is not explicitly referenced.

Hint: The binding can be removed (if unused) or named `_` (if used implicitly). Alternatively, prefix the name with `_` to silence this warning:
  [apply] _hB

Note: This linter can be disabled with `set_option linter.unusedVariables false`
✔ [9142/9243] Built CanonicalRoots.RootMonomialGeneration (5.4s)
✔ [9143/9243] Built CanonicalRoots.RootMonomialPairSupport (4.9s)
✔ [9144/9243] Built CanonicalRoots.RootPureSupport (4.7s)
✔ [9145/9243] Built CanonicalRoots.RootLocalCompletion (38s)
✔ [9146/9243] Built CanonicalRoots.BranchedTwoExclusion (12s)
✔ [9147/9243] Built CanonicalRoots.BranchedNumericalReduction (6.8s)
✔ [9148/9243] Built CanonicalRoots.FiniteFiberAction (32s)
✔ [9149/9243] Built CanonicalRoots.TargetFiveWeights (4.9s)
✔ [9150/9243] Built CanonicalRoots.RootFiberInvariants (7.5s)
✔ [9151/9243] Built CanonicalRoots.CoxWeightNormalization (4.9s)
✔ [9152/9243] Built CanonicalRoots.NumericPureSaturation (4.0s)
✔ [9153/9243] Built CanonicalRoots.CycleWeightPrimitivity (5.5s)
✔ [9154/9243] Built CanonicalRoots.CoxScaledMultiplicity (5.5s)
✔ [9155/9243] Built CanonicalRoots.RootPointCompletion (7.6s)
✔ [9156/9243] Built CanonicalRoots.TwoVertexCoordinateData (6.6s)
✔ [9157/9243] Built CanonicalRoots.CoxCandidateSignature (6.8s)
✔ [9158/9243] Built CanonicalRoots.TargetCyclePrimitive (7.0s)
✔ [9159/9243] Built CanonicalRoots.FermatTailCharacterAction (7.3s)
✔ [9160/9243] Built CanonicalRoots.RootPointInvariantEquiv (9.0s)
✔ [9161/9243] Built CanonicalRoots.CoxCandidateRoot (5.5s)
✔ [9162/9243] Built CanonicalRoots.TargetCoxScaleCriterion (5.5s)
✔ [9163/9243] Built CanonicalRoots.FermatChartEquivariance (6.4s)
✔ [9164/9243] Built CanonicalRoots.TargetCoxDefect (7.2s)
✔ [9165/9243] Built CanonicalRoots.TwoVertexProfile (7.3s)
✔ [9166/9243] Built CanonicalRoots.CoxScaledDefect (7.5s)
✔ [9167/9243] Built CanonicalRoots.CoxCandidateMonomials (7.9s)
⚠ [9168/9243] Built CanonicalRoots.CoxRootResidue (8.5s)
warning: CanonicalRoots/CoxRootResidue.lean:30:36: this tactic is never executed

Note: This linter can be disabled with `set_option linter.unreachableTactic false`
warning: CanonicalRoots/CoxRootResidue.lean:30:36: Unused tactic linter: `linear_combination -hm` does nothing

Note: This linter can be disabled with `set_option linter.unusedTactic false`
warning: CanonicalRoots/CoxRootResidue.lean:40:19: This simp argument is unused:
  zsmul_eq_mul

Hint: Omit it from the simp argument list.
  [apply] simp [chainDegreeResidue, candidateMonomialDegree, Fin.sum_univ_three, Cox.monomials]

Note: This linter can be disabled with `set_option linter.unusedSimpArgs false`
warning: CanonicalRoots/CoxRootResidue.lean:40:69: this tactic is never executed

Note: This linter can be disabled with `set_option linter.unreachableTactic false`
warning: CanonicalRoots/CoxRootResidue.lean:40:33: Used `tac1 <;> tac2` where `(tac1; tac2)` would suffice

Note: This linter can be disabled with `set_option linter.unnecessarySeqFocus false`
warning: CanonicalRoots/CoxRootResidue.lean:40:69: Unused tactic linter: `linear_combination -hm` does nothing

Note: This linter can be disabled with `set_option linter.unusedTactic false`
✔ [9169/9243] Built CanonicalRoots.RootLocalPointInvariant (9.7s)
⚠ [9170/9243] Built CanonicalRoots.TargetFermatEvenMutation (8.7s)
warning: CanonicalRoots/TargetFermatEvenMutation.lean:10:28: Variable name `hγ` is not explicitly referenced.

Hint: The binding can be removed (if unused) or named `_` (if used implicitly). Alternatively, prefix the name with `_` to silence this warning:
  [apply] _hγ

Note: This linter can be disabled with `set_option linter.unusedVariables false`
✔ [9171/9243] Built CanonicalRoots.OneVertexCoordinateData (8.6s)
✔ [9172/9243] Built CanonicalRoots.FermatCoxReindex (8.5s)
⚠ [9173/9243] Built CanonicalRoots.CoxCandidateRelation (9.2s)
warning: CanonicalRoots/CoxCandidateRelation.lean:45:13: This simp argument is unused:
  Finset.sum_apply

Hint: Omit it from the simp argument list.
  [apply] simp only [Finsupp.smul_apply, smul_eq_mul, Finsupp.add_apply, Finsupp.single_apply]

Note: This linter can be disabled with `set_option linter.unusedSimpArgs false`
warning: CanonicalRoots/CoxCandidateRelation.lean:45:31: This simp argument is unused:
  Finsupp.smul_apply

Hint: Omit it from the simp argument list.
  [apply] simp only [Finset.sum_apply, smul_eq_mul, Finsupp.add_apply, Finsupp.single_apply]

Note: This linter can be disabled with `set_option linter.unusedSimpArgs false`
warning: CanonicalRoots/CoxCandidateRelation.lean:45:51: This simp argument is unused:
  smul_eq_mul

Hint: Omit it from the simp argument list.
  [apply] simp only [Finset.sum_apply, Finsupp.smul_apply, Finsupp.add_apply, Finsupp.single_apply]

Note: This linter can be disabled with `set_option linter.unusedSimpArgs false`
warning: CanonicalRoots/CoxCandidateRelation.lean:79:25: `MvPolynomial.monomial_mul` has been deprecated: Use `MvPolynomial.monomial_mul_monomial` instead
✔ [9174/9243] Built CanonicalRoots.ChainRootExponents (9.1s)
✔ [9175/9243] Built CanonicalRoots.TargetTwoVertexPrimitive (10s)
✔ [9176/9243] Built CanonicalRoots.PointCompletedLocalAction (9.5s)
⚠ [9177/9243] Built CanonicalRoots.LoopRootResidue (9.9s)
warning: CanonicalRoots/LoopRootResidue.lean:31:19: Used `tac1 <;> tac2` where `(tac1; tac2)` would suffice

Note: This linter can be disabled with `set_option linter.unnecessarySeqFocus false`
✔ [9178/9243] Built CanonicalRoots.OneArrowScaleCases (5.9s)
✔ [9179/9243] Built CanonicalRoots.CoxCandidateMap (6.7s)
✔ [9180/9243] Built CanonicalRoots.CoxExplicitPolynomials (7.3s)
✔ [9181/9243] Built CanonicalRoots.TargetPrimitiveReduction (6.6s)
✔ [9182/9243] Built CanonicalRoots.CompletedInvariantCotangent (8.6s)
⚠ [9183/9243] Built CanonicalRoots.PureCoordinateData (6.9s)
warning: CanonicalRoots/PureCoordinateData.lean:18:44: Variable name `hκ` is not explicitly referenced.

Hint: The binding can be removed (if unused) or named `_` (if used implicitly). Alternatively, prefix the name with `_` to silence this warning:
  [apply] _hκ

Note: This linter can be disabled with `set_option linter.unusedVariables false`
warning: CanonicalRoots/PureCoordinateData.lean:19:47: Variable name `h2` is not explicitly referenced.

Hint: The binding can be removed (if unused) or named `_` (if used implicitly). Alternatively, prefix the name with `_` to silence this warning:
  [apply] _h2

Note: This linter can be disabled with `set_option linter.unusedVariables false`
✔ [9184/9243] Built CanonicalRoots.OneArrowScaledData (7.0s)
⚠ [9185/9243] Built CanonicalRoots.LoopExponentReduction (12s)
warning: CanonicalRoots/LoopExponentReduction.lean:55:13: This simp argument is unused:
  Int.ofNat_zero

Hint: Omit it from the simp argument list.
  [apply] simp only [mul_zero, sub_zero] at hk

Note: This linter can be disabled with `set_option linter.unusedSimpArgs false`
✔ [9186/9243] Built CanonicalRoots.CoxCandidateHomogeneous (8.8s)
✔ [9187/9243] Built CanonicalRoots.MonomialFactorInduction (8.7s)
⚠ [9188/9243] Built CanonicalRoots.ChainMonicSpan (9.2s)
warning: CanonicalRoots/ChainMonicSpan.lean:47:21: Used `tac1 <;> tac2` where `(tac1; tac2)` would suffice

Note: This linter can be disabled with `set_option linter.unnecessarySeqFocus false`
⚠ [9189/9243] Built CanonicalRoots.LoopPolynomialDomain (9.6s)
warning: CanonicalRoots/LoopPolynomialDomain.lean:33:2: Try `simp at hh` instead of `simpa using hh`

Note: This linter can be disabled with `set_option linter.unnecessarySimpa false`
warning: CanonicalRoots/LoopPolynomialDomain.lean:76:4: try 'simp' instead of 'simpa'

Note: This linter can be disabled with `set_option linter.unnecessarySimpa false`
warning: CanonicalRoots/LoopPolynomialDomain.lean:76:57: this tactic is never executed

Note: This linter can be disabled with `set_option linter.unreachableTactic false`
warning: CanonicalRoots/LoopPolynomialDomain.lean:76:57: Unused tactic linter: `decide` does nothing

Note: This linter can be disabled with `set_option linter.unusedTactic false`
warning: CanonicalRoots/LoopPolynomialDomain.lean:111:2: Try this: 
  letI̵

The goal is a proposition, so `let` is preferred over `letI`.
The difference between `let` and `letI` is that `letI` inlines the value.
But this is not relevant for proofs because of proof irrelevance.

Note: This linter can be disabled with `set_option linter.style.haveILetI false`
warning: CanonicalRoots/LoopPolynomialDomain.lean:112:2: Try this: 
  letI̵

The goal is a proposition, so `let` is preferred over `letI`.
The difference between `let` and `letI` is that `letI` inlines the value.
But this is not relevant for proofs because of proof irrelevance.

Note: This linter can be disabled with `set_option linter.style.haveILetI false`
✔ [9190/9243] Built CanonicalRoots.ChainExtraGenerator (9.6s)
⚠ [9191/9243] Built CanonicalRoots.CoxMonicInjection (12s)
warning: CanonicalRoots/CoxMonicInjection.lean:68:77: Used `tac1 <;> tac2` where `(tac1; tac2)` would suffice

Note: This linter can be disabled with `set_option linter.unnecessarySeqFocus false`
warning: CanonicalRoots/CoxMonicInjection.lean:73:83: Used `tac1 <;> tac2` where `(tac1; tac2)` would suffice

Note: This linter can be disabled with `set_option linter.unnecessarySeqFocus false`
✔ [9192/9243] Built CanonicalRoots.PureScaleCases (8.5s)
✔ [9193/9243] Built CanonicalRoots.AugmentedLocalCotangent (8.9s)
✔ [9194/9243] Built CanonicalRoots.RootFermatFormalInvariants (12s)
✔ [9195/9243] Built CanonicalRoots.ThreePairOrientation (8.0s)
✔ [9196/9243] Built CanonicalRoots.OneArrowParity (9.1s)
✔ [9197/9243] Built CanonicalRoots.CoxGradientTerms (9.2s)
✔ [9198/9243] Built CanonicalRoots.WeightedFermatGeneration (9.7s)
⚠ [9199/9243] Built CanonicalRoots.CoxFermatRealization (9.5s)
warning: CanonicalRoots/CoxFermatRealization.lean:105:15: This simp argument is unused:
  candidateNatDegree_cast he

Hint: Omit it from the simp argument list.
  [apply] simp only [candidateNatWeights_cast he]

Note: This linter can be disabled with `set_option linter.unusedSimpArgs false`
⚠ [9200/9243] Built CanonicalRoots.LoopFermatStep (12s)
warning: CanonicalRoots/LoopFermatStep.lean:78:27: Used `tac1 <;> tac2` where `(tac1; tac2)` would suffice

Note: This linter can be disabled with `set_option linter.unnecessarySeqFocus false`
warning: CanonicalRoots/LoopFermatStep.lean:94:27: Used `tac1 <;> tac2` where `(tac1; tac2)` would suffice

Note: This linter can be disabled with `set_option linter.unnecessarySeqFocus false`
warning: CanonicalRoots/LoopFermatStep.lean:110:27: Used `tac1 <;> tac2` where `(tac1; tac2)` would suffice

Note: This linter can be disabled with `set_option linter.unnecessarySeqFocus false`
✔ [9201/9243] Built CanonicalRoots.ChainSurjection (8.0s)
⚠ [9202/9243] Built CanonicalRoots.CoxMonicSurjection (9.4s)
warning: CanonicalRoots/CoxMonicSurjection.lean:24:47: Variable name `ha` is not explicitly referenced.

Hint: The binding can be removed (if unused) or named `_` (if used implicitly). Alternatively, prefix the name with `_` to silence this warning:
  [apply] _ha

Note: This linter can be disabled with `set_option linter.unusedVariables false`
warning: CanonicalRoots/CoxMonicSurjection.lean:42:48: Used `tac1 <;> tac2` where `(tac1; tac2)` would suffice

Note: This linter can be disabled with `set_option linter.unnecessarySeqFocus false`
✔ [9203/9243] Built CanonicalRoots.TargetFermatData (8.9s)
✔ [9204/9243] Built CanonicalRoots.FermatPowerSeriesInvariants (10s)
✔ [9205/9243] Built CanonicalRoots.TargetOneArrowCases (8.6s)
⚠ [9206/9243] Built CanonicalRoots.CoxCandidateIsolated (8.5s)
warning: CanonicalRoots/CoxCandidateIsolated.lean:36:70: This simp argument is unused:
  ha

Hint: Omit it from the simp argument list.
  [apply] simp [candidateRelationExponent, Cox.exponents, monomial_three, hb, hc] at h1 h2

Note: This linter can be disabled with `set_option linter.unusedSimpArgs false`
warning: CanonicalRoots/CoxCandidateIsolated.lean:43:74: This simp argument is unused:
  hb

Hint: Omit it from the simp argument list.
  [apply] simp [candidateRelationExponent, Cox.exponents, monomial_three, ha, hc] at h0 h2

Note: This linter can be disabled with `set_option linter.unusedSimpArgs false`
warning: CanonicalRoots/CoxCandidateIsolated.lean:54:70: This simp argument is unused:
  ha

Hint: Omit it from the simp argument list.
  [apply] simp [candidateRelationExponent, Cox.exponents, monomial_three, hb, hc] at h2

Note: This linter can be disabled with `set_option linter.unusedSimpArgs false`
warning: CanonicalRoots/CoxCandidateIsolated.lean:54:74: This simp argument is unused:
  hb

Hint: Omit it from the simp argument list.
  [apply] simp [candidateRelationExponent, Cox.exponents, monomial_three, ha, hc] at h2

Note: This linter can be disabled with `set_option linter.unusedSimpArgs false`
warning: CanonicalRoots/CoxCandidateIsolated.lean:62:74: This simp argument is unused:
  hb

Hint: Omit it from the simp argument list.
  [apply] simp [candidateRelationExponent, Cox.exponents, monomial_three, ha, hc] at h0

Note: This linter can be disabled with `set_option linter.unusedSimpArgs false`
warning: CanonicalRoots/CoxCandidateIsolated.lean:62:78: This simp argument is unused:
  hc

Hint: Omit it from the simp argument list.
  [apply] simp [candidateRelationExponent, Cox.exponents, monomial_three, ha, hb] at h0

Note: This linter can be disabled with `set_option linter.unusedSimpArgs false`
warning: CanonicalRoots/CoxCandidateIsolated.lean:76:40: This simp argument is unused:
  pderiv_mul

Hint: Omit it from the simp argument list.
  [apply] simp [candidateRelation_explicit, ha, hb, hc, ha1, hb1, hc1]

Note: This linter can be disabled with `set_option linter.unusedSimpArgs false`
✔ [9207/9243] Built CanonicalRoots.ChainLeadingMonomials (14s)
⚠ [9208/9243] Built CanonicalRoots.LoopSurjection (7.5s)
warning: CanonicalRoots/LoopSurjection.lean:20:16: This simp argument is unused:
  mul_left_comm

Hint: Omit it from the simp argument list.
  [apply] simp [loopExponentResidue, loopDegreeResidue, Finsupp.weight_eq_sum, Fin.sum_univ_three, nsmul_eq_mul,
    sub_eq_add_neg, mul_comm, mul_assoc, add_comm, add_left_comm, add_assoc]

Note: This linter can be disabled with `set_option linter.unusedSimpArgs false`
warning: CanonicalRoots/LoopSurjection.lean:43:46: This simp argument is unused:
  nsmul_eq_mul

Hint: Omit it from the simp argument list.
  [apply] simp [Finsupp.weight_eq_sum, Fin.sum_univ_three, candidateMonomialExponent, Cox.monomials]

Note: This linter can be disabled with `set_option linter.unusedSimpArgs false`
✔ [9209/9243] Built CanonicalRoots.CoxCandidateGrading (6.3s)
✔ [9210/9243] Built CanonicalRoots.TargetFermatPrimitive (7.5s)
✔ [9211/9243] Built CanonicalRoots.TargetOneArrowPrimitive (6.5s)
✔ [9212/9243] Built CanonicalRoots.RootFormalCotangent (6.8s)
✔ [9213/9243] Built CanonicalRoots.ChainNormalForm (6.6s)
✔ [9214/9243] Built CanonicalRoots.CoxMonicRealization (5.1s)
✔ [9215/9243] Built CanonicalRoots.FermatCyclicWeights (5.2s)
✔ [9216/9243] Built CanonicalRoots.TargetPrimitiveWeights (5.4s)
✔ [9217/9243] Built CanonicalRoots.ChainRealization (5.7s)
⚠ [9218/9243] Built CanonicalRoots.LoopRealization (5.7s)
warning: CanonicalRoots/LoopRealization.lean:15:2: Try this: 
  haveI̵

The goal is a proposition, so `have` is preferred over `haveI`.
The difference between `have` and `haveI` is that `haveI` inlines the value.
But this is not relevant for proofs because of proof irrelevance.

Note: This linter can be disabled with `set_option linter.style.haveILetI false`
✔ [9219/9243] Built CanonicalRoots.TargetTernaryCandidate (5.4s)
✔ [9220/9243] Built CanonicalRoots.RootTwoCoordinateNonregular (6.2s)
✔ [9221/9243] Built CanonicalRoots.TernaryRealization (5.4s)
✔ [9222/9243] Built CanonicalRoots.RootNonregularStratum (5.0s)
✔ [9223/9243] Built CanonicalRoots.HigherTailCoprimality (5.5s)
✔ [9224/9243] Built CanonicalRoots.CandidateKeySemantics (6.1s)
✔ [9225/9243] Built CanonicalRoots.TernaryEquationSemantics (6.1s)
✔ [9226/9243] Built CanonicalRoots.HigherCoprimality (4.9s)
⚠ [9227/9243] Built CanonicalRoots.TernaryClassification (5.1s)
warning: CanonicalRoots/TernaryClassification.lean:37:14: try 'simp' instead of 'simpa'

Note: This linter can be disabled with `set_option linter.unnecessarySimpa false`
warning: CanonicalRoots/TernaryClassification.lean:39:14: try 'simp' instead of 'simpa'

Note: This linter can be disabled with `set_option linter.unnecessarySimpa false`
✔ [9228/9243] Built CanonicalRoots.HigherConverse (4.8s)
✔ [9229/9243] Built CanonicalRoots.TernaryOutputClassification (5.2s)
✔ [9230/9243] Built CanonicalRoots.HigherSemanticEnumeration (4.8s)
✔ [9231/9243] Built CanonicalRoots.HigherModelNonisomorphism (4.6s)
✔ [9232/9243] Built CanonicalRoots.HigherClassification (5.2s)
✔ [9233/9243] Built CanonicalRoots.HigherOutputClassification (5.1s)
✔ [9234/9243] Built CanonicalRoots.OutputClassification (4.9s)
✔ [9235/9243] Built CanonicalRoots.OutputRootWitness (4.7s)
✔ [9236/9243] Built CanonicalRoots.OutputWellFormed (4.7s)
✔ [9237/9243] Built CanonicalRoots.ClassificationContract (4.7s)
✔ [9238/9243] Built CanonicalRoots.Final (4.8s)
✔ [9239/9243] Built CanonicalRoots.OutputCertificateChecker (4.7s)
✔ [9240/9243] Built CanonicalRoots (4.8s)
⚠ [9242/9243] Built OutputCertificates (6.7s)
warning: OutputCertificates.lean:28:35: `if_pos` has been deprecated: Use `ite_eq_left` instead
warning: OutputCertificates.lean:47:35: `if_pos` has been deprecated: Use `ite_eq_left` instead
warning: OutputCertificates.lean:68:35: `if_pos` has been deprecated: Use `ite_eq_left` instead
warning: OutputCertificates.lean:89:35: `if_pos` has been deprecated: Use `ite_eq_left` instead
warning: OutputCertificates.lean:123:35: `if_pos` has been deprecated: Use `ite_eq_left` instead
warning: OutputCertificates.lean:137:35: `if_pos` has been deprecated: Use `ite_eq_left` instead
warning: OutputCertificates.lean:151:35: `if_neg` has been deprecated: Use `ite_eq_right` instead
warning: OutputCertificates.lean:165:35: `if_neg` has been deprecated: Use `ite_eq_right` instead
warning: OutputCertificates.lean:179:35: `if_neg` has been deprecated: Use `ite_eq_right` instead
warning: OutputCertificates.lean:195:35: `if_neg` has been deprecated: Use `ite_eq_right` instead
Build completed successfully (9243 jobs).
